▓▓▓▓▓▓▓▓▓▓▓▓▓▓▓▓▓▓▓▓▓▓▓▓▓▓▓▓▓▓▓▓▓▓▓▓▓▓▓▓▓▓▓▓▓▓▓▓▓▓▓▓▓▓▓▓▓▓▓▓▓▓▓▓▓▓▓▓▓▓▓▓▓▓▓▓▓▓▓
▓▓▓▓▓ Запишите следующую информацию об ошибке и отошлите ее разработчикам ▓▓▓▓▓
▓ вместе с описанием ситуации, названием, версией и датой EXE-файла программы ▓
▓▓▓▓▓▓▓▓▓▓▓▓▓▓▓▓▓▓▓▓▓▓▓▓▓▓▓▓▓▓▓▓▓▓▓▓▓▓▓▓▓▓▓▓▓▓▓▓▓▓▓▓▓▓▓▓▓▓▓▓▓▓▓▓▓▓▓▓▓▓▓▓▓▓▓▓▓▓▓


▓ Программа: "vip.exe"  Время запуска: 21:42:47 27/10/2025
▓ Исполняемый модуль: "C:\Galaktika\AVAZ\chumachenko\exe_vaz12_2\vip.exe"
▓ Система: Windows NT  Логин: "Дмитрий"  Станция: "LAPUS-VICTUS"

Необработанная исключительная ситуация
Код исключения: C0000005 (Общее нарушение защиты доступа к памяти)
Параметры исключения (2): 00000000 0000F700
Адрес исключения: 0100ABDB atlantis.rtl.1:00019BDB
Содержимое регистров процессора
 EAX = D808DE90
 EBX = 0000F67C
 ECX = 00000001
 EDX = 0000F67C
 ESI = 00000000
 EDI = 00000001
 EBP = 0019BDE8
 ESP = 0019BDDC
 EIP = 0100ABDB atlantis.rtl.1:00019BDB
 CS = 0023 База: 00000000 Размер: FFFFFFFF Флаги: CFB
 DS = 002B База: 00000000 Размер: FFFFFFFF Флаги: CF3
 SS = 002B База: 00000000 Размер: FFFFFFFF Флаги: CF3
 ES = 002B База: 00000000 Размер: FFFFFFFF Флаги: CF3
 FS = 0053 База: 00296000 Размер: 00000FFF Флаги: 4F3
 GS = 002B База: 00000000 Размер: FFFFFFFF Флаги: CF3
Содержимое стека
 0019BDE0: 0100FF36 atlantis.rtl.1:0001EF36
 0019BDEC: 0422DCEF pg90drv.dll.1:0023CCEF
 0019BE00: 03FF1530 pg90drv.dll.1:00000530
 0019BE08: 0422EB99 pg90drv.dll.1:0023DB99
 0019BE10: 03FF1530 pg90drv.dll.1:00000530
 0019BE18: 0422F710 pg90drv.dll.1:0023E710
 0019BE34: 0422E778 pg90drv.dll.1:0023D778
 0019BE38: 042C855C pg90drv.dll.2:0009855C
 0019BE58: 0422EC82 pg90drv.dll.1:0023DC82
 0019BE60: 03FF1530 pg90drv.dll.1:00000530
 0019BE78: 04290418 pg90drv.dll.2:00060418
 0019BE98: 0422F439 pg90drv.dll.1:0023E439
 0019BEA0: 03FF1530 pg90drv.dll.1:00000530
 0019BEBC: 0414DB14 pg90drv.dll.1:0015CB14
 0019BEC4: 0422E0D6 pg90drv.dll.1:0023D0D6
 0019BECC: 03FF1530 pg90drv.dll.1:00000530
 0019BED0: 0422DAA5 pg90drv.dll.1:0023CAA5
 0019BED4: 03FF1530 pg90drv.dll.1:00000530
Текущее время
 27-10-2025 21:42:48.1267462
Параметры программы
 "C:\Galaktika\AVAZ\chumachenko\exe_vaz12_2\vip.exe  chumachenko.prj /r:chumachenko.res /c:vip.cfg /u:SUPERVISOR /#user:SUPERVISOR /def:Atl60"
Переменные окружения
 =::=::\
 =C:=C:\Galaktika\_git\vaz\chumachenko
 ALLUSERSPROFILE=C:\ProgramData
 APPDATA=C:\Users\─ьшЄЁшщ\AppData\Roaming
 CommonProgramFiles=C:\Program Files (x86)\Common Files
 CommonProgramFiles(x86)=C:\Program Files (x86)\Common Files
 CommonProgramW6432=C:\Program Files\Common Files
 COMPUTERNAME=LAPUS-VICTUS
 ComSpec=C:\WINDOWS\system32\cmd.exe
 DD=20251027
 DriverData=C:\Windows\System32\Drivers\DriverData
 EFC_8588_1262719628=1
 EFC_8588_1592913036=1
 EFC_8588_2283032206=1
 EFC_8588_2775293581=1
 EFC_8588_3789132940=1
 exedir=C:\Galaktika\AVAZ\chumachenko\exe_vaz12_2
 FPS_BROWSER_APP_PROFILE_STRING=Internet Explorer
 FPS_BROWSER_USER_PROFILE_STRING=Default
 HOMEDRIVE=C:
 HOMEPATH=\Users\─ьшЄЁшщ
 LOCALAPPDATA=C:\Users\─ьшЄЁшщ\AppData\Local
 LOGONSERVER=\\LAPUS-VICTUS
 NUMBER_OF_PROCESSORS=16
 OneDrive=C:\Users\─ьшЄЁшщ\OneDrive
 OPENSSL_CONF=C:\Program Files\PostgreSQL\psqlODBC\etc\openssl.cnf
 OS=Windows_NT
 Path=C:\Program Files (x86)\Common Files\Oracle\Java\javapath;C:\Program Files\Microsoft\jdk-11.0.16.101-hotspot\bin;C:\Program Files (x86)\NVIDIA Corporation\PhysX\Common;C:\Windows\system32;C:\Windows;C:\Windows\System32\Wbem;C:\Windows\System32\WindowsPowerShell\v1.0\;C:\Windows\System32\OpenSSH\;C:\Program Files\Microsoft SQL Server\Client SDK\ODBC\170\Tools\Binn\;C:\Program Files (x86)\Microsoft SQL Server\150\Tools\Binn\;C:\Program Files\Microsoft SQL Server\150\Tools\Binn\;C:\Program Files\Microsoft SQL Server\150\DTS\Binn\;C:\Program Files (x86)\Microsoft SQL Server\150\DTS\Binn\;C:\WINDOWS\system32;C:\WINDOWS;C:\WINDOWS\System32\Wbem;C:\WINDOWS\System32\WindowsPowerShell\v1.0\;C:\WINDOWS\System32\OpenSSH\;C:\Program Files\dotnet\;C:\Program Files (x86)\dotnet\;C:\Program Files\PuTTY\;C:\WINDOWS\system32;C:\WINDOWS;C:\WINDOWS\System32\Wbem;C:\WINDOWS\System32\WindowsPowerShell\v1.0\;C:\WINDOWS\System32\OpenSSH\;C:\Program Files\Microsoft SQL Server\Client SDK\ODBC\130\Tools\Binn\;C:\Galaktika\ATL6\Libs\;C:\Galaktika\ATL6\Libs\x64;C:\Program Files (x86)\Microsoft SQL Server\160\DTS\Binn\;C:\Program Files\GitExtensions\;C:\Program Files\Git\cmd;C:\Users\─ьшЄЁшщ\AppData\Local\Programs\Python\Python311\Scripts\;C:\Users\─ьшЄЁшщ\AppData\Local\Programs\Python\Python311\;C:\Users\─ьшЄЁшщ\AppData\Local\Microsoft\WindowsApps;C:\Program Files\Azure Data Studio\bin;C:\Users\─ьшЄЁшщ\.dotnet\tools;C:\SRCFlutter\flutter\bin;;C:\Users\─ьшЄЁшщ\AppData\Local\Programs\Microsoft VS Code\bin;C:\Users\─ьшЄЁшщ\AppData\Local\JetBrains\PyCharm Community Edition 2022.3.2\bin;
 PATHEXT=.COM;.EXE;.BAT;.CMD;.VBS;.VBE;.JS;.JSE;.WSF;.WSH;.MSC
 PROCESSOR_ARCHITECTURE=x86
 PROCESSOR_ARCHITEW6432=AMD64
 PROCESSOR_IDENTIFIER=AMD64 Family 25 Model 80 Stepping 0, AuthenticAMD
 PROCESSOR_LEVEL=25
 PROCESSOR_REVISION=5000
 ProgramData=C:\ProgramData
 ProgramFiles=C:\Program Files (x86)
 ProgramFiles(x86)=C:\Program Files (x86)
 ProgramW6432=C:\Program Files
 PROMPT=$P$G
 PSModulePath=C:\Program Files\WindowsPowerShell\Modules;C:\WINDOWS\system32\WindowsPowerShell\v1.0\Modules;C:\Program Files (x86)\Microsoft SQL Server\150\Tools\PowerShell\Modules\
 PUBLIC=C:\Users\Public
 PyCharm Community Edition=C:\Users\─ьшЄЁшщ\AppData\Local\JetBrains\PyCharm Community Edition 2022.3.2\bin;
 SESSIONNAME=Console
 SystemDrive=C:
 SystemRoot=C:\WINDOWS
 TEMP=C:\Users\AACE~1\AppData\Local\Temp
 TMP=C:\Users\AACE~1\AppData\Local\Temp
 USERDOMAIN=LAPUS-VICTUS
 USERDOMAIN_ROAMINGPROFILE=LAPUS-VICTUS
 USERNAME=─ьшЄЁшщ
 USERPROFILE=C:\Users\─ьшЄЁшщ
 windir=C:\WINDOWS
 __PSLockDownPolicy=0
Список загруженных модулей
 vip.exe              00400000 0044A000 65535/65535 19/сен/2025 09:57:14 C:\Galaktika\AVAZ\chumachenko\exe_vaz12_2\vip.exe *6.0.9.0
 ntdll.dll            77930000 001BE000 65535/65535 30/авг/2025 07:55:58 C:\WINDOWS\SYSTEM32\ntdll.dll *10.0.26100.5074
 KERNEL32.DLL         758D0000 000F0000 65535/65535 30/авг/2025 07:55:55 C:\WINDOWS\System32\KERNEL32.DLL *10.0.26100.5074
 KERNELBASE.dll       77250000 002CB000 65535/65535 30/авг/2025 07:55:55 C:\WINDOWS\System32\KERNELBASE.dll *10.0.26100.5074
 ole32.dll            77520000 00154000     2/2     30/авг/2025 07:55:50 C:\WINDOWS\System32\ole32.dll *10.0.26100.5074
 msvcp_win.dll        753D0000 00085000     3/3     30/авг/2025 07:56:06 C:\WINDOWS\System32\msvcp_win.dll *10.0.26100.5074
 ucrtbase.dll         770A0000 00110000     9/9     30/авг/2025 07:56:06 C:\WINDOWS\System32\ucrtbase.dll *10.0.26100.5074
 GDI32.dll            76310000 00023000     7/7     30/авг/2025 07:55:53 C:\WINDOWS\System32\GDI32.dll *10.0.26100.5074
 win32u.dll           76000000 0001A000     1/1     30/авг/2025 07:56:08 C:\WINDOWS\System32\win32u.dll *10.0.26100.5074
 gdi32full.dll        76A40000 000EC000     7/7     30/авг/2025 07:55:53 C:\WINDOWS\System32\gdi32full.dll *10.0.26100.5074
 USER32.dll           75700000 001C5000     7/7     30/авг/2025 07:56:06 C:\WINDOWS\System32\USER32.dll *10.0.26100.5074
 combase.dll          77690000 00285000     4/4     30/авг/2025 07:55:50 C:\WINDOWS\System32\combase.dll *10.0.26100.5074
 RPCRT4.dll           75460000 000BC000     6/6     30/авг/2025 07:55:59 C:\WINDOWS\System32\RPCRT4.dll *10.0.26100.5074
 atllib_.dll          10000000 00037000    12/12    19/сен/2025 10:45:13 C:\Galaktika\AVAZ\chumachenko\exe_vaz12_2\atllib_.dll *6.0.9.0
 oleaut32.dll         76CA0000 0009F000     3/3     30/авг/2025 07:55:58 C:\WINDOWS\System32\oleaut32.dll *10.0.26100.5074
 winspool.drv         6C5D0000 0008B000     2/2     30/авг/2025 07:55:59 C:\WINDOWS\SYSTEM32\winspool.drv *10.0.26100.5074
 shcore.dll           76FD0000 000CD000     1/1     30/авг/2025 07:56:02 C:\WINDOWS\System32\shcore.dll *10.0.26100.5074
 cfgmgr32.dll         74730000 00043000     1/1     29/авг/2025 18:53:22 C:\WINDOWS\SYSTEM32\cfgmgr32.dll *10.0.26100.4202
 libxml2.dll          6AC00000 003F4000     2/2     19/сен/2025 10:45:13 C:\Galaktika\AVAZ\chumachenko\exe_vaz12_2\libxml2.dll *2.9.7.0
 msvcrt.dll           76B30000 000C7000     3/3     30/авг/2025 07:55:57 C:\WINDOWS\System32\msvcrt.dll *7.0.26100.5074/10.0.26100.5074
 WS2_32.dll           76550000 00061000     2/2     30/авг/2025 07:56:08 C:\WINDOWS\System32\WS2_32.dll *10.0.26100.5074
 WSOCK32.DLL          734E0000 00008000     2/2     01/апр/2024 10:22:15 C:\WINDOWS\SYSTEM32\WSOCK32.DLL *10.0.26100.1
 atlantis.rtl         00FF0000 000EA000    14/14    19/сен/2025 10:45:13 C:\Galaktika\AVAZ\chumachenko\exe_vaz12_2\atlantis.rtl *6.0.9.0
 ADVAPI32.DLL         76DC0000 0007F000     3/3     30/авг/2025 07:55:47 C:\WINDOWS\System32\ADVAPI32.DLL *10.0.26100.5074
 sechost.dll          771C0000 00083000     1/1     30/авг/2025 07:56:00 C:\WINDOWS\System32\sechost.dll *10.0.26100.5074
 ecc_.dll             010E0000 0002F000     4/4     19/сен/2025 10:45:13 C:\Galaktika\AVAZ\chumachenko\exe_vaz12_2\ecc_.dll *6.0.9.0
 lotdll_.dll          01190000 00039000     1/1     19/сен/2025 10:45:13 C:\Galaktika\AVAZ\chumachenko\exe_vaz12_2\lotdll_.dll *6.0.9.0
 base.dll             01110000 0007F000     4/4     19/сен/2025 10:45:13 C:\Galaktika\AVAZ\chumachenko\exe_vaz12_2\base.dll *6.0.9.0
 editor_.dll          011D0000 00029000     1/1     19/сен/2025 10:45:13 C:\Galaktika\AVAZ\chumachenko\exe_vaz12_2\editor_.dll *6.0.9.0
 forms_.dll           01200000 000AB000     1/1     30/сен/2025 20:24:36 C:\Galaktika\AVAZ\chumachenko\exe_vaz12_2\forms_.dll *6.0.9.0
 streams_.dll         012B0000 00103000    11/11    19/сен/2025 10:45:13 C:\Galaktika\AVAZ\chumachenko\exe_vaz12_2\streams_.dll *6.0.9.0
 protect_.dll         013C0000 00012000     3/3     29/сен/2025 16:58:08 C:\Galaktika\AVAZ\chumachenko\exe_vaz12_2\protect_.dll *6.0.9.0
 atvipobj.dll         013E0000 0001A000     1/1     19/сен/2025 10:45:13 C:\Galaktika\AVAZ\chumachenko\exe_vaz12_2\atvipobj.dll *6.0.9.0
 _cfg.dll             01400000 00018000     1/1     19/сен/2025 10:45:13 C:\Galaktika\AVAZ\chumachenko\exe_vaz12_2\_cfg.dll *6.0.9.0
 ifcobjs_.dll         01420000 00011000     1/1     19/сен/2025 10:45:13 C:\Galaktika\AVAZ\chumachenko\exe_vaz12_2\ifcobjs_.dll *6.0.9.0
 jitvip.dll           01440000 0001D000     1/1     19/сен/2025 10:45:13 C:\Galaktika\AVAZ\chumachenko\exe_vaz12_2\jitvip.dll *6.0.9.0
 nation_.dll          00AE0000 00009000     1/1     19/сен/2025 10:45:13 C:\Galaktika\AVAZ\chumachenko\exe_vaz12_2\nation_.dll *6.0.9.0
 atlpop.dll           01460000 00068000     1/1     19/сен/2025 10:45:13 C:\Galaktika\AVAZ\chumachenko\exe_vaz12_2\atlpop.dll *6.0.9.0
 IMM32.DLL            76450000 00025000     1/1     29/авг/2025 18:53:22 C:\WINDOWS\System32\IMM32.DLL *10.0.26100.4484
 SspiCli.dll          734F0000 0002B000     3/3     29/авг/2025 18:53:20 C:\WINDOWS\SYSTEM32\SspiCli.dll *10.0.26100.4484
 libeay32.dll         02D80000 0012D000     2/2     26/фев/2024 08:28:39 C:\Galaktika\AVAZ\chumachenko\exe_vaz12_2\libeay32.dll *0.9.8.7
 ssleay32.dll         016F0000 00040000     1/1     26/фев/2024 08:28:39 C:\Galaktika\AVAZ\chumachenko\exe_vaz12_2\ssleay32.dll *0.9.8.7
 CRYPTSP.dll          733A0000 00014000     1/1     30/авг/2025 07:55:50 C:\WINDOWS\SYSTEM32\CRYPTSP.dll *10.0.26100.5074
 rsaenh.dll           73360000 00033000     1/1     30/авг/2025 07:55:59 C:\WINDOWS\system32\rsaenh.dll *10.0.26100.5074
 CRYPTBASE.dll        73350000 0000A000     2/2     30/авг/2025 07:55:50 C:\WINDOWS\SYSTEM32\CRYPTBASE.dll *10.0.26100.5074
 bcryptPrimitives.dll 76480000 00069000 65535/65535 30/авг/2025 07:55:49 C:\WINDOWS\System32\bcryptPrimitives.dll *10.0.26100.5074
 asmuser.dll          01790000 0001C000     1/1     19/сен/2025 10:45:13 C:\Galaktika\AVAZ\chumachenko\exe_vaz12_2\asmuser.dll *6.0.9.0
 mpr.dll              73040000 00019000     1/1     29/авг/2025 18:53:22 C:\WINDOWS\SYSTEM32\mpr.dll *10.0.26100.1882
 vision_w.dll         03D00000 0026E000     1/1     19/сен/2025 10:45:13 C:\Galaktika\AVAZ\chumachenko\exe_vaz12_2\vision_w.dll *6.0.9.0
 SHELL32.DLL          759D0000 00627000     2/2     30/авг/2025 07:56:03 C:\WINDOWS\System32\SHELL32.DLL *10.0.26100.5074
 wintypes.dll         76190000 000FB000     1/1     30/авг/2025 07:55:50 C:\WINDOWS\System32\wintypes.dll *10.0.26100.5074
 gdesk.dll            017B0000 0001D000     1/1     19/сен/2025 10:45:13 C:\Galaktika\AVAZ\chumachenko\exe_vaz12_2\gdesk.dll *6.0.9.0
 uxtheme.dll          72E60000 0007E000     3/3     30/авг/2025 07:56:07 C:\WINDOWS\system32\uxtheme.dll *10.0.26100.5074
 MSCTF.dll            755E0000 00116000     1/1     30/авг/2025 07:56:05 C:\WINDOWS\System32\MSCTF.dll *10.0.26100.5074
 dwmapi.dll           72F30000 00023000     1/1     30/авг/2025 07:55:51 C:\WINDOWS\SYSTEM32\dwmapi.dll *10.0.26100.5074
 zprint_w.dll         03FC0000 00026000     2/2     19/сен/2025 10:45:13 C:\Galaktika\AVAZ\chumachenko\exe_vaz12_2\zprint_w.dll *6.0.9.0
 pg90drv.dll          03FF0000 00304000     1/1     02/окт/2025 14:49:46 C:\Galaktika\AVAZ\chumachenko\exe_vaz12_2\pg90drv.dll *6.0.9.0
 ODBC32.dll           72970000 000A7000     1/1     30/авг/2025 07:55:57 C:\WINDOWS\SYSTEM32\ODBC32.dll *10.0.26100.5074
 CRYPT32.dll          76340000 00107000     1/1     30/авг/2025 07:55:50 C:\WINDOWS\System32\CRYPT32.dll *10.0.26100.5074
 DPAPI.DLL            72960000 00009000     1/1     01/апр/2024 10:22:15 C:\WINDOWS\SYSTEM32\DPAPI.DLL *10.0.26100.1
 bcrypt.dll           75110000 0001A000 65535/65535 30/авг/2025 07:55:49 C:\WINDOWS\SYSTEM32\bcrypt.dll *10.0.26100.5074

▓▓▓▓▓▓▓▓▓▓▓▓▓▓▓▓▓▓▓▓▓▓▓▓▓▓▓▓▓▓▓▓▓▓▓▓▓▓▓▓▓▓▓▓▓▓▓▓▓▓▓▓▓▓▓▓▓▓▓▓▓▓▓▓▓▓▓▓▓▓▓▓▓▓▓▓▓▓▓



▓▓▓▓▓▓▓▓▓▓▓▓▓▓▓▓▓▓▓▓▓▓▓▓▓▓▓▓▓▓▓▓▓▓▓▓▓▓▓▓▓▓▓▓▓▓▓▓▓▓▓▓▓▓▓▓▓▓▓▓▓▓▓▓▓▓▓▓▓▓▓▓▓▓▓▓▓▓▓
▓▓▓▓▓ Запишите следующую информацию об ошибке и отошлите ее разработчикам ▓▓▓▓▓
▓ вместе с описанием ситуации, названием, версией и датой EXE-файла программы ▓
▓▓▓▓▓▓▓▓▓▓▓▓▓▓▓▓▓▓▓▓▓▓▓▓▓▓▓▓▓▓▓▓▓▓▓▓▓▓▓▓▓▓▓▓▓▓▓▓▓▓▓▓▓▓▓▓▓▓▓▓▓▓▓▓▓▓▓▓▓▓▓▓▓▓▓▓▓▓▓


▓ Программа: "vip64x.exe"  Время запуска: 21:45:18 27/10/2025
▓ Исполняемый модуль: "C:\Galaktika\AVAZ\chumachenko\6.0.09.0\exe\vip64x.exe"
▓ Система: Windows NT  Логин: "Дмитрий"  Станция: "LAPUS-VICTUS"

Необработанная исключительная ситуация
Код исключения: C0000005 (Общее нарушение защиты доступа к памяти)
Параметры исключения (2): 0000000000000000 000000000000000A
Адрес исключения: 00000000543FF966 pg90drv64x.dll.1:0007E966
Содержимое регистров процессора
 RAX = 0000000000000000
 RBX = 000000000000000F
 RCX = 0000000000000002
 RDX = 0000000000000001
 RSI = 00000000037D02A4
 RDI = 0000000014ECF830
 RBP = 0000000054516060 pg90drv64x.dll.2:00003060
 RSP = 0000000014ECF810
 RIP = 00000000543FF966 pg90drv64x.dll.1:0007E966
 R8  = 7FFFFFFFFFFFFFFC
 R9  = 000000001478E148
 R10 = 0000000000110000
 R11 = 0000000000000246
 R12 = 0000000002C35814
 R13 = 0000000054380000
 R14 = 0000000002C53998
 R15 = 0000000054380000
Содержимое стека
 0000000014ECF830: 0000000054551160 pg90drv64x.dll.3:0003A160
 0000000014ECF868: 00000000543FF76D pg90drv64x.dll.1:0007E76D
 0000000014ECF898: 00000000543DAC43 pg90drv64x.dll.1:00059C43
 0000000014ECF8D8: 00000000543BDCD8 pg90drv64x.dll.1:0003CCD8
 0000000014ECF8F8: 00000000543BDCA0 pg90drv64x.dll.1:0003CCA0
 0000000014ECF900: 00000000543BDCA0 pg90drv64x.dll.1:0003CCA0
 0000000014ECF908: 00000001024D1312 atlantis64x.rtl.1:000D0312
 0000000014ECF928: 00000000543BDCA0 pg90drv64x.dll.1:0003CCA0
 0000000014ECF970: 00000000543BDCA0 pg90drv64x.dll.1:0003CCA0
 0000000014ECF9D8: 00000000543BDCA0 pg90drv64x.dll.1:0003CCA0
Текущее время
 27-10-2025 21:45:29.4561811
Параметры программы
 "C:\Galaktika\AVAZ\chumachenko\6.0.09.0\exe\vip64x.exe  chumachenko.prj /r:chumachenko.res /c:vip.cfg /u:SUPERVISOR /#user:SUPERVISOR /def:Atl60"
Переменные окружения
 =::=::\
 =C:=C:\Galaktika\_git\vaz\chumachenko
 ALLUSERSPROFILE=C:\ProgramData
 APPDATA=C:\Users\─ьшЄЁшщ\AppData\Roaming
 CommonProgramFiles=C:\Program Files\Common Files
 CommonProgramFiles(x86)=C:\Program Files (x86)\Common Files
 CommonProgramW6432=C:\Program Files\Common Files
 COMPUTERNAME=LAPUS-VICTUS
 ComSpec=C:\WINDOWS\system32\cmd.exe
 DD=20251027
 DriverData=C:\Windows\System32\Drivers\DriverData
 EFC_8588_1262719628=1
 EFC_8588_1592913036=1
 EFC_8588_2283032206=1
 EFC_8588_2775293581=1
 EFC_8588_3789132940=1
 exedir=C:\Galaktika\AVAZ\chumachenko\6.0.09.0\exe
 FPS_BROWSER_APP_PROFILE_STRING=Internet Explorer
 FPS_BROWSER_USER_PROFILE_STRING=Default
 HOMEDRIVE=C:
 HOMEPATH=\Users\─ьшЄЁшщ
 LOCALAPPDATA=C:\Users\─ьшЄЁшщ\AppData\Local
 LOGONSERVER=\\LAPUS-VICTUS
 NUMBER_OF_PROCESSORS=16
 OneDrive=C:\Users\─ьшЄЁшщ\OneDrive
 OPENSSL_CONF=C:\Program Files\PostgreSQL\psqlODBC\etc\openssl.cnf
 OS=Windows_NT
 Path=C:\Program Files (x86)\Common Files\Oracle\Java\javapath;C:\Program Files\Microsoft\jdk-11.0.16.101-hotspot\bin;C:\Program Files (x86)\NVIDIA Corporation\PhysX\Common;C:\Windows\system32;C:\Windows;C:\Windows\System32\Wbem;C:\Windows\System32\WindowsPowerShell\v1.0\;C:\Windows\System32\OpenSSH\;C:\Program Files\Microsoft SQL Server\Client SDK\ODBC\170\Tools\Binn\;C:\Program Files (x86)\Microsoft SQL Server\150\Tools\Binn\;C:\Program Files\Microsoft SQL Server\150\Tools\Binn\;C:\Program Files\Microsoft SQL Server\150\DTS\Binn\;C:\Program Files (x86)\Microsoft SQL Server\150\DTS\Binn\;C:\WINDOWS\system32;C:\WINDOWS;C:\WINDOWS\System32\Wbem;C:\WINDOWS\System32\WindowsPowerShell\v1.0\;C:\WINDOWS\System32\OpenSSH\;C:\Program Files\dotnet\;C:\Program Files (x86)\dotnet\;C:\Program Files\PuTTY\;C:\WINDOWS\system32;C:\WINDOWS;C:\WINDOWS\System32\Wbem;C:\WINDOWS\System32\WindowsPowerShell\v1.0\;C:\WINDOWS\System32\OpenSSH\;C:\Program Files\Microsoft SQL Server\Client SDK\ODBC\130\Tools\Binn\;C:\Galaktika\ATL6\Libs\;C:\Galaktika\ATL6\Libs\x64;C:\Program Files (x86)\Microsoft SQL Server\160\DTS\Binn\;C:\Program Files\GitExtensions\;C:\Program Files\Git\cmd;C:\Users\─ьшЄЁшщ\AppData\Local\Programs\Python\Python311\Scripts\;C:\Users\─ьшЄЁшщ\AppData\Local\Programs\Python\Python311\;C:\Users\─ьшЄЁшщ\AppData\Local\Microsoft\WindowsApps;C:\Program Files\Azure Data Studio\bin;C:\Users\─ьшЄЁшщ\.dotnet\tools;C:\SRCFlutter\flutter\bin;;C:\Users\─ьшЄЁшщ\AppData\Local\Programs\Microsoft VS Code\bin;C:\Users\─ьшЄЁшщ\AppData\Local\JetBrains\PyCharm Community Edition 2022.3.2\bin;
 PATHEXT=.COM;.EXE;.BAT;.CMD;.VBS;.VBE;.JS;.JSE;.WSF;.WSH;.MSC
 PROCESSOR_ARCHITECTURE=AMD64
 PROCESSOR_IDENTIFIER=AMD64 Family 25 Model 80 Stepping 0, AuthenticAMD
 PROCESSOR_LEVEL=25
 PROCESSOR_REVISION=5000
 ProgramData=C:\ProgramData
 ProgramFiles=C:\Program Files
 ProgramFiles(x86)=C:\Program Files (x86)
 ProgramW6432=C:\Program Files
 PROMPT=$P$G
 PSModulePath=C:\Program Files\WindowsPowerShell\Modules;C:\WINDOWS\system32\WindowsPowerShell\v1.0\Modules;C:\Program Files (x86)\Microsoft SQL Server\150\Tools\PowerShell\Modules\
 PUBLIC=C:\Users\Public
 PyCharm Community Edition=C:\Users\─ьшЄЁшщ\AppData\Local\JetBrains\PyCharm Community Edition 2022.3.2\bin;
 SESSIONNAME=Console
 SystemDrive=C:
 SystemRoot=C:\WINDOWS
 TEMP=C:\Users\AACE~1\AppData\Local\Temp
 TMP=C:\Users\AACE~1\AppData\Local\Temp
 USERDOMAIN=LAPUS-VICTUS
 USERDOMAIN_ROAMINGPROFILE=LAPUS-VICTUS
 USERNAME=─ьшЄЁшщ
 USERPROFILE=C:\Users\─ьшЄЁшщ
 windir=C:\WINDOWS
 _ExceptModuleDesc=Borland Component Package
 _ExceptModuleName=rtl60.bpl
 _ExceptModuleVer=6.0.6.240
 _ExceptMsg=Access violation at address 4000903C in module 'rtl60.bpl'. Read of address 00000050.
 _LineBreak=

 _MainModuleDesc=
 _MainModuleName=Frigate3.exe
 _MainModuleVer=3.36.0.9
 __PSLockDownPolicy=0
Список загруженных модулей
 vip64x.exe           0000000100000000 00000000005A0000 65535/65535 19/сен/2025 10:45:13 C:\Galaktika\AVAZ\chumachenko\6.0.09.0\exe\vip64x.exe *6.0.9.0
 ntdll.dll            00007FFE66C20000 0000000000269000 65535/65535 30/авг/2025 07:55:58 C:\WINDOWS\SYSTEM32\ntdll.dll *10.0.26100.5074
 KERNEL32.DLL         00007FFE659E0000 00000000000C9000 65535/65535 30/авг/2025 07:55:55 C:\WINDOWS\System32\KERNEL32.DLL *10.0.26100.5074
 KERNELBASE.dll       00007FFE64230000 00000000003F3000 65535/65535 30/авг/2025 07:55:55 C:\WINDOWS\System32\KERNELBASE.dll *10.0.26100.5074
 ole32.dll            00007FFE65AB0000 0000000000198000     1/1     30/авг/2025 07:55:50 C:\WINDOWS\System32\ole32.dll *10.0.26100.5074
 msvcp_win.dll        00007FFE64810000 00000000000A3000     3/3     30/авг/2025 07:56:06 C:\WINDOWS\System32\msvcp_win.dll *10.0.26100.5074
 ucrtbase.dll         00007FFE64630000 000000000014B000     9/9     30/авг/2025 07:56:06 C:\WINDOWS\System32\ucrtbase.dll *10.0.26100.5074
 GDI32.dll            00007FFE658B0000 000000000002B000     7/7     30/авг/2025 07:55:53 C:\WINDOWS\System32\GDI32.dll *10.0.26100.5074
 win32u.dll           00007FFE64090000 0000000000027000     1/1     30/авг/2025 07:56:08 C:\WINDOWS\System32\win32u.dll *10.0.26100.5074
 gdi32full.dll        00007FFE648C0000 000000000012D000     7/7     30/авг/2025 07:55:53 C:\WINDOWS\System32\gdi32full.dll *10.0.26100.5074
 USER32.dll           00007FFE65F90000 00000000001C4000     7/7     30/авг/2025 07:56:06 C:\WINDOWS\System32\USER32.dll *10.0.26100.5074
 combase.dll          00007FFE66160000 000000000037B000     4/4     30/авг/2025 07:55:50 C:\WINDOWS\System32\combase.dll *10.0.26100.5074
 RPCRT4.dll           00007FFE65C50000 0000000000118000     6/6     30/авг/2025 07:55:59 C:\WINDOWS\System32\RPCRT4.dll *10.0.26100.5074
 atllib_64x.dll       0000000110000000 0000000000047000    13/13    19/сен/2025 10:45:13 C:\Galaktika\AVAZ\chumachenko\6.0.09.0\exe\atllib_64x.dll *6.0.9.0
 oleaut32.dll         00007FFE657D0000 00000000000D7000     3/3     30/авг/2025 07:55:58 C:\WINDOWS\System32\oleaut32.dll *10.0.26100.5074
 _cfg64x.dll          0000000062580000 000000000003A000     1/1     19/сен/2025 10:45:13 C:\Galaktika\AVAZ\chumachenko\6.0.09.0\exe\_cfg64x.dll *6.0.9.0
 msvcrt.dll           00007FFE64C80000 00000000000A9000     5/5     30/авг/2025 07:55:57 C:\WINDOWS\System32\msvcrt.dll *7.0.26100.5074/10.0.26100.5074
 winspool.drv         00007FFE4B330000 00000000000B2000     1/1     30/авг/2025 07:55:59 C:\WINDOWS\SYSTEM32\winspool.drv *10.0.26100.5074
 shcore.dll           00007FFE658E0000 00000000000F0000     1/1     30/авг/2025 07:56:02 C:\WINDOWS\System32\shcore.dll *10.0.26100.5074
 atlantis64x.rtl      0000000102400000 0000000000184000    14/14    19/сен/2025 10:45:13 C:\Galaktika\AVAZ\chumachenko\6.0.09.0\exe\atlantis64x.rtl *6.0.9.0
 ADVAPI32.dll         00007FFE66630000 00000000000B4000     3/3     30/авг/2025 07:55:47 C:\WINDOWS\System32\ADVAPI32.dll *10.0.26100.5074
 sechost.dll          00007FFE65D70000 00000000000A6000     1/1     30/авг/2025 07:56:00 C:\WINDOWS\System32\sechost.dll *10.0.26100.5074
 cfgmgr32.dll         00007FFE63A60000 0000000000057000     1/1     29/авг/2025 18:53:21 C:\WINDOWS\SYSTEM32\cfgmgr32.dll *10.0.26100.4202
 libxml264x.dll       0000000065100000 0000000000442000     2/2     19/сен/2025 10:45:13 C:\Galaktika\AVAZ\chumachenko\6.0.09.0\exe\libxml264x.dll *2.9.7.0
 WS2_32.dll           00007FFE65750000 0000000000074000     2/2     30/авг/2025 07:56:08 C:\WINDOWS\System32\WS2_32.dll *10.0.26100.5074
 WSOCK32.dll          00007FFE35230000 000000000000A000     2/2     01/апр/2024 10:22:14 C:\WINDOWS\SYSTEM32\WSOCK32.dll *10.0.26100.1
 base64x.dll          0000000000E70000 000000000009A000     4/4     19/сен/2025 10:45:13 C:\Galaktika\AVAZ\chumachenko\6.0.09.0\exe\base64x.dll *6.0.9.0
 editor_64x.dll       0000000000600000 0000000000033000     1/1     19/сен/2025 10:45:13 C:\Galaktika\AVAZ\chumachenko\6.0.09.0\exe\editor_64x.dll *6.0.9.0
 streams_64x.dll      0000000000F10000 000000000015D000    12/12    19/сен/2025 10:45:13 C:\Galaktika\AVAZ\chumachenko\6.0.09.0\exe\streams_64x.dll *6.0.9.0
 protect_64x.dll      00000000001D0000 0000000000017000     4/4     29/сен/2025 16:58:29 C:\Galaktika\AVAZ\chumachenko\6.0.09.0\exe\protect_64x.dll *6.0.9.0
 ecc_64x.dll          0000000000640000 000000000003D000     4/4     19/сен/2025 10:45:13 C:\Galaktika\AVAZ\chumachenko\6.0.09.0\exe\ecc_64x.dll *6.0.9.0
 lotdll_64x.dll       0000000001070000 0000000000048000     1/1     19/сен/2025 10:45:13 C:\Galaktika\AVAZ\chumachenko\6.0.09.0\exe\lotdll_64x.dll *6.0.9.0
 ifcobjs_64x.dll      00000000010C0000 0000000000014000     1/1     19/сен/2025 10:45:13 C:\Galaktika\AVAZ\chumachenko\6.0.09.0\exe\ifcobjs_64x.dll *6.0.9.0
 forms_64x.dll        00000000010E0000 00000000000D1000     2/2     30/сен/2025 20:24:00 C:\Galaktika\AVAZ\chumachenko\6.0.09.0\exe\forms_64x.dll *6.0.9.0
 atvipobj64x.dll      00000000011C0000 0000000000021000     1/1     19/сен/2025 10:45:13 C:\Galaktika\AVAZ\chumachenko\6.0.09.0\exe\atvipobj64x.dll *6.0.9.0
 jitvip64x.dll        00000000011F0000 0000000000027000     1/1     19/сен/2025 10:45:13 C:\Galaktika\AVAZ\chumachenko\6.0.09.0\exe\jitvip64x.dll *6.0.9.0
 atlpop64x.dll        0000000001220000 000000000008B000     1/1     19/сен/2025 10:45:13 C:\Galaktika\AVAZ\chumachenko\6.0.09.0\exe\atlpop64x.dll *6.0.9.0
 nation_64x.dll       00000000001F0000 000000000000B000     1/1     19/сен/2025 10:45:13 C:\Galaktika\AVAZ\chumachenko\6.0.09.0\exe\nation_64x.dll *6.0.9.0
 IMM32.DLL            00007FFE64E30000 000000000002F000     1/1     29/авг/2025 18:53:19 C:\WINDOWS\System32\IMM32.DLL *10.0.26100.4484
 SspiCli.dll          00007FFE62F10000 0000000000049000     4/4     29/авг/2025 18:53:33 C:\WINDOWS\SYSTEM32\SspiCli.dll *10.0.26100.4484
 libeay32.dll         00007FFDD4500000 0000000000207000     2/2     23/сен/2025 16:27:09 C:\Galaktika\AVAZ\chumachenko\6.0.09.0\exe\SSL64\libeay32.dll *1.0.2.14
 VCRUNTIME140.dll     00007FFE35240000 000000000001E000 65535/65535 03/июн/2025 06:00:00 C:\WINDOWS\SYSTEM32\VCRUNTIME140.dll *14.42.34438.0
 ssleay32.dll         00007FFE5B890000 000000000005B000     1/1     23/сен/2025 16:27:09 C:\Galaktika\AVAZ\chumachenko\6.0.09.0\exe\SSL64\ssleay32.dll *1.0.2.14
 CRYPTSP.dll          00007FFE635A0000 000000000001B000     1/1     30/авг/2025 07:55:50 C:\WINDOWS\SYSTEM32\CRYPTSP.dll *10.0.26100.5074
 rsaenh.dll           00007FFE62BD0000 000000000003B000     2/2     30/авг/2025 07:55:59 C:\WINDOWS\system32\rsaenh.dll *10.0.26100.5074
 CRYPTBASE.dll        00007FFE63400000 000000000000C000     2/2     30/авг/2025 07:55:50 C:\WINDOWS\SYSTEM32\CRYPTBASE.dll *10.0.26100.5074
 bcryptPrimitives.dll 00007FFE63FF0000 0000000000099000 65535/65535 30/авг/2025 07:55:49 C:\WINDOWS\System32\bcryptPrimitives.dll *10.0.26100.5074
 asmuser64x.dll       0000000003770000 0000000000023000     1/1     19/сен/2025 10:45:13 C:\Galaktika\AVAZ\chumachenko\6.0.09.0\exe\asmuser64x.dll *6.0.9.0
 mpr.dll              00007FFE5B220000 0000000000021000     1/1     29/авг/2025 18:53:19 C:\WINDOWS\SYSTEM32\mpr.dll *10.0.26100.1882
 vision_w64x.dll      000000006A880000 0000000000332000     1/1     19/сен/2025 10:45:13 C:\Galaktika\AVAZ\chumachenko\6.0.09.0\exe\vision_w64x.dll *6.0.9.0
 SHELL32.dll          00007FFE65000000 000000000074D000     3/3     30/авг/2025 07:56:03 C:\WINDOWS\System32\SHELL32.dll *10.0.26100.5074
 wintypes.dll         00007FFE640C0000 000000000016C000     1/1     30/авг/2025 07:55:50 C:\WINDOWS\System32\wintypes.dll *10.0.26100.5074
 gdesk64x.dll         000000006DB40000 0000000000042000     1/1     19/сен/2025 10:45:13 C:\Galaktika\AVAZ\chumachenko\6.0.09.0\exe\gdesk64x.dll *6.0.9.0
 uxtheme.dll          00007FFE60FC0000 00000000000A8000     3/3     30/авг/2025 07:56:07 C:\WINDOWS\SYSTEM32\uxtheme.dll *10.0.26100.5074
 dwmapi.dll           00007FFE612B0000 000000000002B000     1/1     30/авг/2025 07:55:51 C:\WINDOWS\SYSTEM32\dwmapi.dll *10.0.26100.5074
 MSCTF.dll            00007FFE65E30000 0000000000158000     1/1     30/авг/2025 07:56:05 C:\WINDOWS\System32\MSCTF.dll *10.0.26100.5074
 zprint_w64x.dll      000000006C700000 0000000000048000     2/2     19/сен/2025 10:45:13 C:\Galaktika\AVAZ\chumachenko\6.0.09.0\exe\zprint_w64x.dll *6.0.9.0
 pg90drv64x.dll       0000000054380000 0000000000224000     1/1     02/окт/2025 14:51:31 C:\Galaktika\AVAZ\chumachenko\6.0.09.0\exe\pg90drv64x.dll *6.0.9.0
 ODBC32.dll           00007FFE56CD0000 00000000000C4000     2/2     30/авг/2025 07:55:57 C:\WINDOWS\SYSTEM32\ODBC32.dll *10.0.26100.5074
 CRYPT32.dll          00007FFE63E70000 0000000000177000 65535/65535 30/авг/2025 07:55:50 C:\WINDOWS\System32\CRYPT32.dll *10.0.26100.5074
 DPAPI.DLL            00007FFE63AE0000 000000000000A000     1/1     01/апр/2024 10:22:15 C:\WINDOWS\SYSTEM32\DPAPI.DLL *10.0.26100.1
 bcrypt.dll           00007FFE63CA0000 0000000000026000 65535/65535 30/авг/2025 07:55:49 C:\WINDOWS\SYSTEM32\bcrypt.dll *10.0.26100.5074
 podbc35w.dll         00007FFDE3330000 00000000000ED000     1/1     11/июн/2025 16:40:38 C:\WINDOWS\system32\podbc35w.dll *17.0.0.6
 MSVCP140.dll         00007FFE31070000 000000000008D000     1/1     03/июн/2025 06:00:00 C:\WINDOWS\system32\MSVCP140.dll *14.42.34438.0
 WINMM.dll            00007FFE5A390000 0000000000035000     1/1     30/авг/2025 07:55:48 C:\WINDOWS\system32\WINMM.dll *10.0.26100.5074
 VCRUNTIME140_1.dll   00007FFE3AC30000 000000000000C000     2/2     27/апр/2024 23:20:22 C:\WINDOWS\system32\VCRUNTIME140_1.dll *14.40.33810.0
 libpq.dll            00007FFDFCCB0000 000000000005A000     1/1     10/июн/2025 12:34:12 C:\WINDOWS\system32\libpq.dll *17.0.5.0
 WLDAP32.dll          00007FFE64F30000 0000000000075000     1/1     30/авг/2025 07:55:55 C:\WINDOWS\System32\WLDAP32.dll *10.0.26100.5074
 Secur32.dll          00007FFE60EB0000 000000000000D000     1/1     01/апр/2024 10:22:11 C:\WINDOWS\system32\Secur32.dll *10.0.26100.1
 libcrypto-3-x64.dll  00007FFDD4850000 0000000000625000 65535/65535 11/фев/2025 16:05:16 C:\WINDOWS\system32\libcrypto-3-x64.dll *3.3.3.0
 libssl-3-x64.dll     00007FFDD4710000 0000000000136000     1/1     11/фев/2025 16:05:16 C:\WINDOWS\system32\libssl-3-x64.dll *3.3.3.0
 odbccp32.dll         00007FFDEFF60000 0000000000025000     1/1     30/авг/2025 07:55:56 C:\WINDOWS\SYSTEM32\odbccp32.dll *10.0.26100.5074
 VERSION.dll          00007FFE5C880000 000000000000B000     1/1     29/авг/2025 18:53:19 C:\WINDOWS\SYSTEM32\VERSION.dll *10.0.26100.1150
 mswsock.dll          00007FFE631D0000 000000000006B000     6/6     30/авг/2025 07:56:08 C:\WINDOWS\system32\mswsock.dll *10.0.26100.5074
 DNSAPI.dll           00007FFE62670000 0000000000126000 65535/65535 30/авг/2025 07:55:52 C:\WINDOWS\SYSTEM32\DNSAPI.dll *10.0.26100.5074
 IPHLPAPI.DLL         00007FFE625E0000 0000000000034000 65535/65535 30/авг/2025 07:56:05 C:\WINDOWS\SYSTEM32\IPHLPAPI.DLL *10.0.26100.5074
 NSI.dll              00007FFE65E20000 000000000000A000 65535/65535 30/авг/2025 07:56:07 C:\WINDOWS\System32\NSI.dll *10.0.26100.5074
 rasadhlp.dll         00007FFE5B9E0000 000000000000B000     1/1     29/авг/2025 18:53:34 C:\Windows\System32\rasadhlp.dll *10.0.26100.1150
 fwpuclnt.dll         00007FFE5AC80000 0000000000086000     1/1     30/авг/2025 07:55:57 C:\WINDOWS\System32\fwpuclnt.dll *10.0.26100.5074
 dhcpcsvc.DLL         00007FFE5C000000 0000000000023000     1/1     30/авг/2025 07:55:51 C:\WINDOWS\SYSTEM32\dhcpcsvc.DLL *10.0.26100.5074
 atlsock64x.dll       000000006DC80000 000000000002C000     2/2     19/сен/2025 10:45:13 C:\Galaktika\AVAZ\chumachenko\6.0.09.0\exe\atlsock64x.dll *6.0.9.0
 NETAPI32.DLL         00007FFE57F90000 000000000001A000     1/1     29/авг/2025 18:53:17 C:\WINDOWS\SYSTEM32\NETAPI32.DLL *10.0.26100.1150
 SRVCLI.DLL           00007FFE5B1D0000 0000000000029000     1/1     29/авг/2025 18:53:22 C:\WINDOWS\SYSTEM32\SRVCLI.DLL *10.0.26100.1150
 NETUTILS.DLL         00007FFE625A0000 000000000000D000     1/1     29/авг/2025 18:53:22 C:\WINDOWS\SYSTEM32\NETUTILS.DLL *10.0.26100.1882
 SAMCLI.DLL           00007FFE62580000 000000000001B000     1/1     29/авг/2025 18:53:22 C:\WINDOWS\SYSTEM32\SAMCLI.DLL *10.0.26100.4768
 napinsp.dll          00007FFDFB8B0000 0000000000018000     1/1     29/авг/2025 18:53:18 C:\WINDOWS\system32\napinsp.dll *10.0.26100.1150
 winrnr.dll           00007FFDFB240000 0000000000012000     1/1     29/авг/2025 18:53:21 C:\WINDOWS\System32\winrnr.dll *10.0.26100.1882
 nlansp_c.dll         00007FFDFEB60000 0000000000028000     1/1     30/авг/2025 07:55:58 C:\WINDOWS\system32\nlansp_c.dll *10.0.26100.5074
 wshbth.dll           00007FFE5BFC0000 0000000000016000     1/1     30/авг/2025 07:55:47 C:\WINDOWS\system32\wshbth.dll *10.0.26100.5074
 mt_drv64x.dll        0000000012BB0000 0000000000111000     1/1     19/сен/2025 10:45:13 C:\Galaktika\AVAZ\chumachenko\6.0.09.0\exe\mt_drv64x.dll *6.0.9.0

▓▓▓▓▓▓▓▓▓▓▓▓▓▓▓▓▓▓▓▓▓▓▓▓▓▓▓▓▓▓▓▓▓▓▓▓▓▓▓▓▓▓▓▓▓▓▓▓▓▓▓▓▓▓▓▓▓▓▓▓▓▓▓▓▓▓▓▓▓▓▓▓▓▓▓▓▓▓▓



▓▓▓▓▓▓▓▓▓▓▓▓▓▓▓▓▓▓▓▓▓▓▓▓▓▓▓▓▓▓▓▓▓▓▓▓▓▓▓▓▓▓▓▓▓▓▓▓▓▓▓▓▓▓▓▓▓▓▓▓▓▓▓▓▓▓▓▓▓▓▓▓▓▓▓▓▓▓▓
▓▓▓▓▓ Запишите следующую информацию об ошибке и отошлите ее разработчикам ▓▓▓▓▓
▓ вместе с описанием ситуации, названием, версией и датой EXE-файла программы ▓
▓▓▓▓▓▓▓▓▓▓▓▓▓▓▓▓▓▓▓▓▓▓▓▓▓▓▓▓▓▓▓▓▓▓▓▓▓▓▓▓▓▓▓▓▓▓▓▓▓▓▓▓▓▓▓▓▓▓▓▓▓▓▓▓▓▓▓▓▓▓▓▓▓▓▓▓▓▓▓


▓ Программа: "vip64x.exe"  Время запуска: 21:45:46 27/10/2025
▓ Исполняемый модуль: "C:\Galaktika\AVAZ\chumachenko\6.0.09.0\exe\vip64x.exe"
▓ Система: Windows NT  Логин: "Дмитрий"  Станция: "LAPUS-VICTUS"

Необработанная исключительная ситуация
Код исключения: C0000005 (Общее нарушение защиты доступа к памяти)
Параметры исключения (2): 0000000000000000 000000000000000A
Адрес исключения: 00000000543FF966 pg90drv64x.dll.1:0007E966
Содержимое регистров процессора
 RAX = 0000000000000000
 RBX = 000000000000000F
 RCX = 0000000000000002
 RDX = 0000000000000001
 RSI = 00000000038302A4
 RDI = 0000000014E6F830
 RBP = 0000000054516060 pg90drv64x.dll.2:00003060
 RSP = 0000000014E6F810
 RIP = 00000000543FF966 pg90drv64x.dll.1:0007E966
 R8  = 7FFFFFFFFFFFFFFC
 R9  = 00000000147848EC
 R10 = 0000000000610000
 R11 = 0000000000000246
 R12 = 0000000002BC5814
 R13 = 0000000054380000
 R14 = 0000000002BE3998
 R15 = 0000000054380000
Содержимое стека
 0000000014E6F830: 0000000054551160 pg90drv64x.dll.3:0003A160
 0000000014E6F868: 00000000543FF76D pg90drv64x.dll.1:0007E76D
 0000000014E6F898: 00000000543DAC43 pg90drv64x.dll.1:00059C43
 0000000014E6F8D8: 00000000543BDCD8 pg90drv64x.dll.1:0003CCD8
 0000000014E6F8F8: 00000000543BDCA0 pg90drv64x.dll.1:0003CCA0
 0000000014E6F900: 00000000543BDCA0 pg90drv64x.dll.1:0003CCA0
 0000000014E6F908: 00000001024D1312 atlantis64x.rtl.1:000D0312
 0000000014E6F928: 00000000543BDCA0 pg90drv64x.dll.1:0003CCA0
 0000000014E6F970: 00000000543BDCA0 pg90drv64x.dll.1:0003CCA0
 0000000014E6F9D8: 00000000543BDCA0 pg90drv64x.dll.1:0003CCA0
Текущее время
 27-10-2025 21:45:53.8025963
Параметры программы
 "C:\Galaktika\AVAZ\chumachenko\6.0.09.0\exe\vip64x.exe  chumachenko.prj /r:chumachenko.res /c:vip.cfg /u:SUPERVISOR /#user:SUPERVISOR /def:Atl60"
Переменные окружения
 =::=::\
 =C:=C:\Galaktika\_git\vaz\chumachenko
 ALLUSERSPROFILE=C:\ProgramData
 APPDATA=C:\Users\─ьшЄЁшщ\AppData\Roaming
 CommonProgramFiles=C:\Program Files\Common Files
 CommonProgramFiles(x86)=C:\Program Files (x86)\Common Files
 CommonProgramW6432=C:\Program Files\Common Files
 COMPUTERNAME=LAPUS-VICTUS
 ComSpec=C:\WINDOWS\system32\cmd.exe
 DD=20251027
 DriverData=C:\Windows\System32\Drivers\DriverData
 EFC_8588_1262719628=1
 EFC_8588_1592913036=1
 EFC_8588_2283032206=1
 EFC_8588_2775293581=1
 EFC_8588_3789132940=1
 exedir=C:\Galaktika\AVAZ\chumachenko\6.0.09.0\exe
 FPS_BROWSER_APP_PROFILE_STRING=Internet Explorer
 FPS_BROWSER_USER_PROFILE_STRING=Default
 HOMEDRIVE=C:
 HOMEPATH=\Users\─ьшЄЁшщ
 LOCALAPPDATA=C:\Users\─ьшЄЁшщ\AppData\Local
 LOGONSERVER=\\LAPUS-VICTUS
 NUMBER_OF_PROCESSORS=16
 OneDrive=C:\Users\─ьшЄЁшщ\OneDrive
 OPENSSL_CONF=C:\Program Files\PostgreSQL\psqlODBC\etc\openssl.cnf
 OS=Windows_NT
 Path=C:\Program Files (x86)\Common Files\Oracle\Java\javapath;C:\Program Files\Microsoft\jdk-11.0.16.101-hotspot\bin;C:\Program Files (x86)\NVIDIA Corporation\PhysX\Common;C:\Windows\system32;C:\Windows;C:\Windows\System32\Wbem;C:\Windows\System32\WindowsPowerShell\v1.0\;C:\Windows\System32\OpenSSH\;C:\Program Files\Microsoft SQL Server\Client SDK\ODBC\170\Tools\Binn\;C:\Program Files (x86)\Microsoft SQL Server\150\Tools\Binn\;C:\Program Files\Microsoft SQL Server\150\Tools\Binn\;C:\Program Files\Microsoft SQL Server\150\DTS\Binn\;C:\Program Files (x86)\Microsoft SQL Server\150\DTS\Binn\;C:\WINDOWS\system32;C:\WINDOWS;C:\WINDOWS\System32\Wbem;C:\WINDOWS\System32\WindowsPowerShell\v1.0\;C:\WINDOWS\System32\OpenSSH\;C:\Program Files\dotnet\;C:\Program Files (x86)\dotnet\;C:\Program Files\PuTTY\;C:\WINDOWS\system32;C:\WINDOWS;C:\WINDOWS\System32\Wbem;C:\WINDOWS\System32\WindowsPowerShell\v1.0\;C:\WINDOWS\System32\OpenSSH\;C:\Program Files\Microsoft SQL Server\Client SDK\ODBC\130\Tools\Binn\;C:\Galaktika\ATL6\Libs\;C:\Galaktika\ATL6\Libs\x64;C:\Program Files (x86)\Microsoft SQL Server\160\DTS\Binn\;C:\Program Files\GitExtensions\;C:\Program Files\Git\cmd;C:\Users\─ьшЄЁшщ\AppData\Local\Programs\Python\Python311\Scripts\;C:\Users\─ьшЄЁшщ\AppData\Local\Programs\Python\Python311\;C:\Users\─ьшЄЁшщ\AppData\Local\Microsoft\WindowsApps;C:\Program Files\Azure Data Studio\bin;C:\Users\─ьшЄЁшщ\.dotnet\tools;C:\SRCFlutter\flutter\bin;;C:\Users\─ьшЄЁшщ\AppData\Local\Programs\Microsoft VS Code\bin;C:\Users\─ьшЄЁшщ\AppData\Local\JetBrains\PyCharm Community Edition 2022.3.2\bin;
 PATHEXT=.COM;.EXE;.BAT;.CMD;.VBS;.VBE;.JS;.JSE;.WSF;.WSH;.MSC
 PROCESSOR_ARCHITECTURE=AMD64
 PROCESSOR_IDENTIFIER=AMD64 Family 25 Model 80 Stepping 0, AuthenticAMD
 PROCESSOR_LEVEL=25
 PROCESSOR_REVISION=5000
 ProgramData=C:\ProgramData
 ProgramFiles=C:\Program Files
 ProgramFiles(x86)=C:\Program Files (x86)
 ProgramW6432=C:\Program Files
 PROMPT=$P$G
 PSModulePath=C:\Program Files\WindowsPowerShell\Modules;C:\WINDOWS\system32\WindowsPowerShell\v1.0\Modules;C:\Program Files (x86)\Microsoft SQL Server\150\Tools\PowerShell\Modules\
 PUBLIC=C:\Users\Public
 PyCharm Community Edition=C:\Users\─ьшЄЁшщ\AppData\Local\JetBrains\PyCharm Community Edition 2022.3.2\bin;
 SESSIONNAME=Console
 SystemDrive=C:
 SystemRoot=C:\WINDOWS
 TEMP=C:\Users\AACE~1\AppData\Local\Temp
 TMP=C:\Users\AACE~1\AppData\Local\Temp
 USERDOMAIN=LAPUS-VICTUS
 USERDOMAIN_ROAMINGPROFILE=LAPUS-VICTUS
 USERNAME=─ьшЄЁшщ
 USERPROFILE=C:\Users\─ьшЄЁшщ
 windir=C:\WINDOWS
 _ExceptModuleDesc=Borland Component Package
 _ExceptModuleName=rtl60.bpl
 _ExceptModuleVer=6.0.6.240
 _ExceptMsg=Access violation at address 4000903C in module 'rtl60.bpl'. Read of address 00000050.
 _LineBreak=

 _MainModuleDesc=
 _MainModuleName=Frigate3.exe
 _MainModuleVer=3.36.0.9
 __PSLockDownPolicy=0
Список загруженных модулей
 vip64x.exe           0000000100000000 00000000005A0000 65535/65535 19/сен/2025 10:45:13 C:\Galaktika\AVAZ\chumachenko\6.0.09.0\exe\vip64x.exe *6.0.9.0
 ntdll.dll            00007FFE66C20000 0000000000269000 65535/65535 30/авг/2025 07:55:58 C:\WINDOWS\SYSTEM32\ntdll.dll *10.0.26100.5074
 KERNEL32.DLL         00007FFE659E0000 00000000000C9000 65535/65535 30/авг/2025 07:55:55 C:\WINDOWS\System32\KERNEL32.DLL *10.0.26100.5074
 KERNELBASE.dll       00007FFE64230000 00000000003F3000 65535/65535 30/авг/2025 07:55:55 C:\WINDOWS\System32\KERNELBASE.dll *10.0.26100.5074
 ole32.dll            00007FFE65AB0000 0000000000198000     1/1     30/авг/2025 07:55:50 C:\WINDOWS\System32\ole32.dll *10.0.26100.5074
 msvcp_win.dll        00007FFE64810000 00000000000A3000     3/3     30/авг/2025 07:56:06 C:\WINDOWS\System32\msvcp_win.dll *10.0.26100.5074
 atlantis64x.rtl      0000000102400000 0000000000184000    14/14    19/сен/2025 10:45:13 C:\Galaktika\AVAZ\chumachenko\6.0.09.0\exe\atlantis64x.rtl *6.0.9.0
 ADVAPI32.dll         00007FFE66630000 00000000000B4000     3/3     30/авг/2025 07:55:47 C:\WINDOWS\System32\ADVAPI32.dll *10.0.26100.5074
 ucrtbase.dll         00007FFE64630000 000000000014B000     9/9     30/авг/2025 07:56:06 C:\WINDOWS\System32\ucrtbase.dll *10.0.26100.5074
 msvcrt.dll           00007FFE64C80000 00000000000A9000     5/5     30/авг/2025 07:55:57 C:\WINDOWS\System32\msvcrt.dll *7.0.26100.5074/10.0.26100.5074
 sechost.dll          00007FFE65D70000 00000000000A6000     1/1     30/авг/2025 07:56:00 C:\WINDOWS\System32\sechost.dll *10.0.26100.5074
 GDI32.dll            00007FFE658B0000 000000000002B000     7/7     30/авг/2025 07:55:53 C:\WINDOWS\System32\GDI32.dll *10.0.26100.5074
 RPCRT4.dll           00007FFE65C50000 0000000000118000     6/6     30/авг/2025 07:55:59 C:\WINDOWS\System32\RPCRT4.dll *10.0.26100.5074
 win32u.dll           00007FFE64090000 0000000000027000     1/1     30/авг/2025 07:56:08 C:\WINDOWS\System32\win32u.dll *10.0.26100.5074
 OLEAUT32.dll         00007FFE657D0000 00000000000D7000     3/3     30/авг/2025 07:55:58 C:\WINDOWS\System32\OLEAUT32.dll *10.0.26100.5074
 gdi32full.dll        00007FFE648C0000 000000000012D000     7/7     30/авг/2025 07:55:53 C:\WINDOWS\System32\gdi32full.dll *10.0.26100.5074
 combase.dll          00007FFE66160000 000000000037B000     4/4     30/авг/2025 07:55:50 C:\WINDOWS\System32\combase.dll *10.0.26100.5074
 USER32.dll           00007FFE65F90000 00000000001C4000     7/7     30/авг/2025 07:56:06 C:\WINDOWS\System32\USER32.dll *10.0.26100.5074
 atllib_64x.dll       0000000110000000 0000000000047000    13/13    19/сен/2025 10:45:13 C:\Galaktika\AVAZ\chumachenko\6.0.09.0\exe\atllib_64x.dll *6.0.9.0
 _cfg64x.dll          0000000062580000 000000000003A000     1/1     19/сен/2025 10:45:13 C:\Galaktika\AVAZ\chumachenko\6.0.09.0\exe\_cfg64x.dll *6.0.9.0
 libxml264x.dll       0000000065100000 0000000000442000     2/2     19/сен/2025 10:45:13 C:\Galaktika\AVAZ\chumachenko\6.0.09.0\exe\libxml264x.dll *2.9.7.0
 WS2_32.dll           00007FFE65750000 0000000000074000     2/2     30/авг/2025 07:56:08 C:\WINDOWS\System32\WS2_32.dll *10.0.26100.5074
 winspool.drv         00007FFE4B330000 00000000000B2000     1/1     30/авг/2025 07:55:59 C:\WINDOWS\SYSTEM32\winspool.drv *10.0.26100.5074
 shcore.dll           00007FFE658E0000 00000000000F0000     1/1     30/авг/2025 07:56:02 C:\WINDOWS\System32\shcore.dll *10.0.26100.5074
 WSOCK32.dll          00007FFE35230000 000000000000A000     2/2     01/апр/2024 10:22:14 C:\WINDOWS\SYSTEM32\WSOCK32.dll *10.0.26100.1
 cfgmgr32.dll         00007FFE63A60000 0000000000057000     1/1     29/авг/2025 18:53:21 C:\WINDOWS\SYSTEM32\cfgmgr32.dll *10.0.26100.4202
 base64x.dll          0000000000DB0000 000000000009A000     4/4     19/сен/2025 10:45:13 C:\Galaktika\AVAZ\chumachenko\6.0.09.0\exe\base64x.dll *6.0.9.0
 editor_64x.dll       0000000000E50000 0000000000033000     1/1     19/сен/2025 10:45:13 C:\Galaktika\AVAZ\chumachenko\6.0.09.0\exe\editor_64x.dll *6.0.9.0
 ecc_64x.dll          0000000000E90000 000000000003D000     4/4     19/сен/2025 10:45:13 C:\Galaktika\AVAZ\chumachenko\6.0.09.0\exe\ecc_64x.dll *6.0.9.0
 lotdll_64x.dll       0000000000ED0000 0000000000048000     1/1     19/сен/2025 10:45:13 C:\Galaktika\AVAZ\chumachenko\6.0.09.0\exe\lotdll_64x.dll *6.0.9.0
 streams_64x.dll      0000000000F20000 000000000015D000    12/12    19/сен/2025 10:45:13 C:\Galaktika\AVAZ\chumachenko\6.0.09.0\exe\streams_64x.dll *6.0.9.0
 protect_64x.dll      0000000001080000 0000000000017000     4/4     29/сен/2025 16:58:29 C:\Galaktika\AVAZ\chumachenko\6.0.09.0\exe\protect_64x.dll *6.0.9.0
 jitvip64x.dll        00000000010A0000 0000000000027000     1/1     19/сен/2025 10:45:13 C:\Galaktika\AVAZ\chumachenko\6.0.09.0\exe\jitvip64x.dll *6.0.9.0
 atvipobj64x.dll      00000000010D0000 0000000000021000     1/1     19/сен/2025 10:45:13 C:\Galaktika\AVAZ\chumachenko\6.0.09.0\exe\atvipobj64x.dll *6.0.9.0
 ifcobjs_64x.dll      0000000001100000 0000000000014000     1/1     19/сен/2025 10:45:13 C:\Galaktika\AVAZ\chumachenko\6.0.09.0\exe\ifcobjs_64x.dll *6.0.9.0
 atlpop64x.dll        0000000001120000 000000000008B000     1/1     19/сен/2025 10:45:13 C:\Galaktika\AVAZ\chumachenko\6.0.09.0\exe\atlpop64x.dll *6.0.9.0
 forms_64x.dll        00000000011B0000 00000000000D1000     2/2     30/сен/2025 20:24:00 C:\Galaktika\AVAZ\chumachenko\6.0.09.0\exe\forms_64x.dll *6.0.9.0
 nation_64x.dll       0000000001290000 000000000000B000     1/1     19/сен/2025 10:45:13 C:\Galaktika\AVAZ\chumachenko\6.0.09.0\exe\nation_64x.dll *6.0.9.0
 IMM32.DLL            00007FFE64E30000 000000000002F000     1/1     29/авг/2025 18:53:19 C:\WINDOWS\System32\IMM32.DLL *10.0.26100.4484
 SspiCli.dll          00007FFE62F10000 0000000000049000     4/4     29/авг/2025 18:53:33 C:\WINDOWS\SYSTEM32\SspiCli.dll *10.0.26100.4484
 libeay32.dll         00007FFDD4500000 0000000000207000     2/2     23/сен/2025 16:27:09 C:\Galaktika\AVAZ\chumachenko\6.0.09.0\exe\SSL64\libeay32.dll *1.0.2.14
 VCRUNTIME140.dll     00007FFE35240000 000000000001E000 65535/65535 03/июн/2025 06:00:00 C:\WINDOWS\SYSTEM32\VCRUNTIME140.dll *14.42.34438.0
 ssleay32.dll         00007FFE5B890000 000000000005B000     1/1     23/сен/2025 16:27:09 C:\Galaktika\AVAZ\chumachenko\6.0.09.0\exe\SSL64\ssleay32.dll *1.0.2.14
 CRYPTSP.dll          00007FFE635A0000 000000000001B000     1/1     30/авг/2025 07:55:50 C:\WINDOWS\SYSTEM32\CRYPTSP.dll *10.0.26100.5074
 rsaenh.dll           00007FFE62BD0000 000000000003B000     2/2     30/авг/2025 07:55:59 C:\WINDOWS\system32\rsaenh.dll *10.0.26100.5074
 CRYPTBASE.dll        00007FFE63400000 000000000000C000     2/2     30/авг/2025 07:55:50 C:\WINDOWS\SYSTEM32\CRYPTBASE.dll *10.0.26100.5074
 bcryptPrimitives.dll 00007FFE63FF0000 0000000000099000 65535/65535 30/авг/2025 07:55:49 C:\WINDOWS\System32\bcryptPrimitives.dll *10.0.26100.5074
 asmuser64x.dll       0000000001360000 0000000000023000     1/1     19/сен/2025 10:45:13 C:\Galaktika\AVAZ\chumachenko\6.0.09.0\exe\asmuser64x.dll *6.0.9.0
 mpr.dll              00007FFE5B220000 0000000000021000     1/1     29/авг/2025 18:53:19 C:\WINDOWS\SYSTEM32\mpr.dll *10.0.26100.1882
 vision_w64x.dll      000000006A880000 0000000000332000     1/1     19/сен/2025 10:45:13 C:\Galaktika\AVAZ\chumachenko\6.0.09.0\exe\vision_w64x.dll *6.0.9.0
 SHELL32.dll          00007FFE65000000 000000000074D000     3/3     30/авг/2025 07:56:03 C:\WINDOWS\System32\SHELL32.dll *10.0.26100.5074
 gdesk64x.dll         000000006DB40000 0000000000042000     1/1     19/сен/2025 10:45:13 C:\Galaktika\AVAZ\chumachenko\6.0.09.0\exe\gdesk64x.dll *6.0.9.0
 wintypes.dll         00007FFE640C0000 000000000016C000     1/1     30/авг/2025 07:55:50 C:\WINDOWS\System32\wintypes.dll *10.0.26100.5074
 uxtheme.dll          00007FFE60FC0000 00000000000A8000     3/3     30/авг/2025 07:56:07 C:\WINDOWS\SYSTEM32\uxtheme.dll *10.0.26100.5074
 dwmapi.dll           00007FFE612B0000 000000000002B000     1/1     30/авг/2025 07:55:51 C:\WINDOWS\SYSTEM32\dwmapi.dll *10.0.26100.5074
 MSCTF.dll            00007FFE65E30000 0000000000158000     1/1     30/авг/2025 07:56:05 C:\WINDOWS\System32\MSCTF.dll *10.0.26100.5074
 zprint_w64x.dll      000000006C700000 0000000000048000     2/2     19/сен/2025 10:45:13 C:\Galaktika\AVAZ\chumachenko\6.0.09.0\exe\zprint_w64x.dll *6.0.9.0
 pg90drv64x.dll       0000000054380000 0000000000224000     1/1     02/окт/2025 14:51:31 C:\Galaktika\AVAZ\chumachenko\6.0.09.0\exe\pg90drv64x.dll *6.0.9.0
 ODBC32.dll           00007FFE56CD0000 00000000000C4000     2/2     30/авг/2025 07:55:57 C:\WINDOWS\SYSTEM32\ODBC32.dll *10.0.26100.5074
 CRYPT32.dll          00007FFE63E70000 0000000000177000 65535/65535 30/авг/2025 07:55:50 C:\WINDOWS\System32\CRYPT32.dll *10.0.26100.5074
 DPAPI.DLL            00007FFE63AE0000 000000000000A000     1/1     01/апр/2024 10:22:15 C:\WINDOWS\SYSTEM32\DPAPI.DLL *10.0.26100.1
 bcrypt.dll           00007FFE63CA0000 0000000000026000 65535/65535 30/авг/2025 07:55:49 C:\WINDOWS\SYSTEM32\bcrypt.dll *10.0.26100.5074
 podbc35w.dll         00007FFDE3330000 00000000000ED000     1/1     11/июн/2025 16:40:38 C:\WINDOWS\system32\podbc35w.dll *17.0.0.6
 MSVCP140.dll         00007FFE31070000 000000000008D000     1/1     03/июн/2025 06:00:00 C:\WINDOWS\system32\MSVCP140.dll *14.42.34438.0
 libpq.dll            00007FFDFCCB0000 000000000005A000     1/1     10/июн/2025 12:34:12 C:\WINDOWS\system32\libpq.dll *17.0.5.0
 WINMM.dll            00007FFE5A390000 0000000000035000     1/1     30/авг/2025 07:55:48 C:\WINDOWS\system32\WINMM.dll *10.0.26100.5074
 VCRUNTIME140_1.dll   00007FFE3AC30000 000000000000C000     2/2     27/апр/2024 23:20:22 C:\WINDOWS\system32\VCRUNTIME140_1.dll *14.40.33810.0
 WLDAP32.dll          00007FFE64F30000 0000000000075000     1/1     30/авг/2025 07:55:55 C:\WINDOWS\System32\WLDAP32.dll *10.0.26100.5074
 Secur32.dll          00007FFE60EB0000 000000000000D000     1/1     01/апр/2024 10:22:11 C:\WINDOWS\system32\Secur32.dll *10.0.26100.1
 libcrypto-3-x64.dll  00007FFDD4850000 0000000000625000 65535/65535 11/фев/2025 16:05:16 C:\WINDOWS\system32\libcrypto-3-x64.dll *3.3.3.0
 libssl-3-x64.dll     00007FFDD4710000 0000000000136000     1/1     11/фев/2025 16:05:16 C:\WINDOWS\system32\libssl-3-x64.dll *3.3.3.0
 odbccp32.dll         00007FFDEFF60000 0000000000025000     1/1     30/авг/2025 07:55:56 C:\WINDOWS\SYSTEM32\odbccp32.dll *10.0.26100.5074
 VERSION.dll          00007FFE5C880000 000000000000B000     1/1     29/авг/2025 18:53:19 C:\WINDOWS\SYSTEM32\VERSION.dll *10.0.26100.1150
 mswsock.dll          00007FFE631D0000 000000000006B000     6/6     30/авг/2025 07:56:08 C:\WINDOWS\system32\mswsock.dll *10.0.26100.5074
 DNSAPI.dll           00007FFE62670000 0000000000126000 65535/65535 30/авг/2025 07:55:52 C:\WINDOWS\SYSTEM32\DNSAPI.dll *10.0.26100.5074
 IPHLPAPI.DLL         00007FFE625E0000 0000000000034000 65535/65535 30/авг/2025 07:56:05 C:\WINDOWS\SYSTEM32\IPHLPAPI.DLL *10.0.26100.5074
 NSI.dll              00007FFE65E20000 000000000000A000 65535/65535 30/авг/2025 07:56:07 C:\WINDOWS\System32\NSI.dll *10.0.26100.5074
 rasadhlp.dll         00007FFE5B9E0000 000000000000B000     1/1     29/авг/2025 18:53:34 C:\Windows\System32\rasadhlp.dll *10.0.26100.1150
 fwpuclnt.dll         00007FFE5AC80000 0000000000086000     1/1     30/авг/2025 07:55:57 C:\WINDOWS\System32\fwpuclnt.dll *10.0.26100.5074
 dhcpcsvc.DLL         00007FFE5C000000 0000000000023000     1/1     30/авг/2025 07:55:51 C:\WINDOWS\SYSTEM32\dhcpcsvc.DLL *10.0.26100.5074
 atlsock64x.dll       000000006DC80000 000000000002C000     2/2     19/сен/2025 10:45:13 C:\Galaktika\AVAZ\chumachenko\6.0.09.0\exe\atlsock64x.dll *6.0.9.0
 NETAPI32.DLL         00007FFE57F90000 000000000001A000     1/1     29/авг/2025 18:53:17 C:\WINDOWS\SYSTEM32\NETAPI32.DLL *10.0.26100.1150
 SRVCLI.DLL           00007FFE5B1D0000 0000000000029000     1/1     29/авг/2025 18:53:22 C:\WINDOWS\SYSTEM32\SRVCLI.DLL *10.0.26100.1150
 NETUTILS.DLL         00007FFE625A0000 000000000000D000     1/1     29/авг/2025 18:53:22 C:\WINDOWS\SYSTEM32\NETUTILS.DLL *10.0.26100.1882
 SAMCLI.DLL           00007FFE62580000 000000000001B000     1/1     29/авг/2025 18:53:22 C:\WINDOWS\SYSTEM32\SAMCLI.DLL *10.0.26100.4768
 napinsp.dll          00007FFDFB8B0000 0000000000018000     1/1     29/авг/2025 18:53:18 C:\WINDOWS\system32\napinsp.dll *10.0.26100.1150
 winrnr.dll           00007FFDFB240000 0000000000012000     1/1     29/авг/2025 18:53:21 C:\WINDOWS\System32\winrnr.dll *10.0.26100.1882
 nlansp_c.dll         00007FFDFEB60000 0000000000028000     1/1     30/авг/2025 07:55:58 C:\WINDOWS\system32\nlansp_c.dll *10.0.26100.5074
 wshbth.dll           00007FFE5BFC0000 0000000000016000     1/1     30/авг/2025 07:55:47 C:\WINDOWS\system32\wshbth.dll *10.0.26100.5074
 mt_drv64x.dll        0000000012B50000 0000000000111000     1/1     19/сен/2025 10:45:13 C:\Galaktika\AVAZ\chumachenko\6.0.09.0\exe\mt_drv64x.dll *6.0.9.0

▓▓▓▓▓▓▓▓▓▓▓▓▓▓▓▓▓▓▓▓▓▓▓▓▓▓▓▓▓▓▓▓▓▓▓▓▓▓▓▓▓▓▓▓▓▓▓▓▓▓▓▓▓▓▓▓▓▓▓▓▓▓▓▓▓▓▓▓▓▓▓▓▓▓▓▓▓▓▓



▓▓▓▓▓▓▓▓▓▓▓▓▓▓▓▓▓▓▓▓▓▓▓▓▓▓▓▓▓▓▓▓▓▓▓▓▓▓▓▓▓▓▓▓▓▓▓▓▓▓▓▓▓▓▓▓▓▓▓▓▓▓▓▓▓▓▓▓▓▓▓▓▓▓▓▓▓▓▓
▓▓▓▓▓ Запишите следующую информацию об ошибке и отошлите ее разработчикам ▓▓▓▓▓
▓ вместе с описанием ситуации, названием, версией и датой EXE-файла программы ▓
▓▓▓▓▓▓▓▓▓▓▓▓▓▓▓▓▓▓▓▓▓▓▓▓▓▓▓▓▓▓▓▓▓▓▓▓▓▓▓▓▓▓▓▓▓▓▓▓▓▓▓▓▓▓▓▓▓▓▓▓▓▓▓▓▓▓▓▓▓▓▓▓▓▓▓▓▓▓▓


▓ Программа: "vip64x.exe"  Время запуска: 09:42:16 08/11/2025
▓ Исполняемый модуль: "C:\Galaktika\AVAZ\chumachenko\6.0.09.0\exe\vip64x.exe"
▓ Система: Windows NT  Логин: "Дмитрий"  Станция: "LAPUS-VICTUS"

Необработанная исключительная ситуация
Код исключения: C0000005 (Общее нарушение защиты доступа к памяти)
Параметры исключения (2): 0000000000000000 000000000000000A
Адрес исключения: 000000005401F966 pg90drv64x.dll.1:0007E966
Содержимое регистров процессора
 RAX = 0000000000000000
 RBX = 000000000000000F
 RCX = 0000000000000002
 RDX = 0000000000000001
 RSI = 00000000031C0904
 RDI = 0000000014E6F830
 RBP = 0000000054136060 pg90drv64x.dll.2:00003060
 RSP = 0000000014E6F810
 RIP = 000000005401F966 pg90drv64x.dll.1:0007E966
 R8  = 7FFFFFFFFFFFFFFC
 R9  = 0000000014788B6C
 R10 = 0000000000110000
 R11 = 0000000000000246
 R12 = 0000000002B44C9C
 R13 = 0000000053FA0000
 R14 = 0000000002B62E38
 R15 = 0000000053FA0000
Содержимое стека
 0000000014E6F830: 0000000054171160 pg90drv64x.dll.3:0003A160
 0000000014E6F868: 000000005401F76D pg90drv64x.dll.1:0007E76D
 0000000014E6F898: 0000000053FFAC43 pg90drv64x.dll.1:00059C43
 0000000014E6F8D8: 0000000053FDDCD8 pg90drv64x.dll.1:0003CCD8
 0000000014E6F8F8: 0000000053FDDCA0 pg90drv64x.dll.1:0003CCA0
 0000000014E6F900: 0000000053FDDCA0 pg90drv64x.dll.1:0003CCA0
 0000000014E6F908: 00000001024D1312 atlantis64x.rtl.1:000D0312
 0000000014E6F928: 0000000053FDDCA0 pg90drv64x.dll.1:0003CCA0
 0000000014E6F970: 0000000053FDDCA0 pg90drv64x.dll.1:0003CCA0
 0000000014E6F9D8: 0000000053FDDCA0 pg90drv64x.dll.1:0003CCA0
Текущее время
 08-11-2025 09:42:24.6682994
Параметры программы
 "C:\Galaktika\AVAZ\chumachenko\6.0.09.0\exe\vip64x.exe  chumachenko.prj /r:chumachenko.res /c:vip.cfg /u:SUPERVISOR /#user:SUPERVISOR /def:Atl60"
Переменные окружения
 =::=::\
 =C:=C:\Galaktika\_git\Izhevsk\chumachenko
 ALLUSERSPROFILE=C:\ProgramData
 APPDATA=C:\Users\─ьшЄЁшщ\AppData\Roaming
 CommonProgramFiles=C:\Program Files\Common Files
 CommonProgramFiles(x86)=C:\Program Files (x86)\Common Files
 CommonProgramW6432=C:\Program Files\Common Files
 COMPUTERNAME=LAPUS-VICTUS
 ComSpec=C:\WINDOWS\system32\cmd.exe
 DD=20251108
 DriverData=C:\Windows\System32\Drivers\DriverData
 EFC_8588_1592913036=1
 exedir=C:\Galaktika\AVAZ\chumachenko\6.0.09.0\exe
 HOMEDRIVE=C:
 HOMEPATH=\Users\─ьшЄЁшщ
 LOCALAPPDATA=C:\Users\─ьшЄЁшщ\AppData\Local
 LOGONSERVER=\\LAPUS-VICTUS
 NUMBER_OF_PROCESSORS=16
 OneDrive=C:\Users\─ьшЄЁшщ\OneDrive
 OPENSSL_CONF=C:\Program Files\PostgreSQL\psqlODBC\etc\openssl.cnf
 OS=Windows_NT
 Path=C:\Program Files (x86)\Common Files\Oracle\Java\javapath;C:\Program Files\Microsoft\jdk-11.0.16.101-hotspot\bin;C:\Program Files (x86)\NVIDIA Corporation\PhysX\Common;C:\Windows\system32;C:\Windows;C:\Windows\System32\Wbem;C:\Windows\System32\WindowsPowerShell\v1.0\;C:\Windows\System32\OpenSSH\;C:\Program Files\Microsoft SQL Server\Client SDK\ODBC\170\Tools\Binn\;C:\Program Files (x86)\Microsoft SQL Server\150\Tools\Binn\;C:\Program Files\Microsoft SQL Server\150\Tools\Binn\;C:\Program Files\Microsoft SQL Server\150\DTS\Binn\;C:\Program Files (x86)\Microsoft SQL Server\150\DTS\Binn\;C:\WINDOWS\system32;C:\WINDOWS;C:\WINDOWS\System32\Wbem;C:\WINDOWS\System32\WindowsPowerShell\v1.0\;C:\WINDOWS\System32\OpenSSH\;C:\Program Files\dotnet\;C:\Program Files (x86)\dotnet\;C:\Program Files\PuTTY\;C:\WINDOWS\system32;C:\WINDOWS;C:\WINDOWS\System32\Wbem;C:\WINDOWS\System32\WindowsPowerShell\v1.0\;C:\WINDOWS\System32\OpenSSH\;C:\Program Files\Microsoft SQL Server\Client SDK\ODBC\130\Tools\Binn\;C:\Galaktika\ATL6\Libs\;C:\Galaktika\ATL6\Libs\x64;C:\Program Files (x86)\Microsoft SQL Server\160\DTS\Binn\;C:\Program Files\Git\cmd;C:\Program Files\GitExtensions\;C:\Users\─ьшЄЁшщ\AppData\Local\Programs\Python\Python311\Scripts\;C:\Users\─ьшЄЁшщ\AppData\Local\Programs\Python\Python311\;C:\Users\─ьшЄЁшщ\AppData\Local\Microsoft\WindowsApps;C:\Program Files\Azure Data Studio\bin;C:\Users\─ьшЄЁшщ\.dotnet\tools;C:\SRCFlutter\flutter\bin;;C:\Users\─ьшЄЁшщ\AppData\Local\Programs\Microsoft VS Code\bin;C:\Users\─ьшЄЁшщ\AppData\Local\JetBrains\PyCharm Community Edition 2022.3.2\bin;
 PATHEXT=.COM;.EXE;.BAT;.CMD;.VBS;.VBE;.JS;.JSE;.WSF;.WSH;.MSC
 PROCESSOR_ARCHITECTURE=AMD64
 PROCESSOR_IDENTIFIER=AMD64 Family 25 Model 80 Stepping 0, AuthenticAMD
 PROCESSOR_LEVEL=25
 PROCESSOR_REVISION=5000
 ProgramData=C:\ProgramData
 ProgramFiles=C:\Program Files
 ProgramFiles(x86)=C:\Program Files (x86)
 ProgramW6432=C:\Program Files
 PROMPT=$P$G
 PSModulePath=C:\Program Files\WindowsPowerShell\Modules;C:\WINDOWS\system32\WindowsPowerShell\v1.0\Modules;C:\Program Files (x86)\Microsoft SQL Server\150\Tools\PowerShell\Modules\
 PUBLIC=C:\Users\Public
 PyCharm Community Edition=C:\Users\─ьшЄЁшщ\AppData\Local\JetBrains\PyCharm Community Edition 2022.3.2\bin;
 SESSIONNAME=Console
 SystemDrive=C:
 SystemRoot=C:\WINDOWS
 TEMP=C:\Users\AACE~1\AppData\Local\Temp
 TMP=C:\Users\AACE~1\AppData\Local\Temp
 USERDOMAIN=LAPUS-VICTUS
 USERDOMAIN_ROAMINGPROFILE=LAPUS-VICTUS
 USERNAME=─ьшЄЁшщ
 USERPROFILE=C:\Users\─ьшЄЁшщ
 windir=C:\WINDOWS
 __PSLockDownPolicy=0
Список загруженных модулей
 vip64x.exe           0000000100000000 00000000005A0000 65535/65535 19/сен/2025 10:45:13 C:\Galaktika\AVAZ\chumachenko\6.0.09.0\exe\vip64x.exe *6.0.9.0
 ntdll.dll            00007FFE66C20000 0000000000269000 65535/65535 30/авг/2025 07:55:58 C:\WINDOWS\SYSTEM32\ntdll.dll *10.0.26100.5074
 KERNEL32.DLL         00007FFE659E0000 00000000000C9000 65535/65535 30/авг/2025 07:55:55 C:\WINDOWS\System32\KERNEL32.DLL *10.0.26100.5074
 KERNELBASE.dll       00007FFE64230000 00000000003F3000 65535/65535 30/авг/2025 07:55:55 C:\WINDOWS\System32\KERNELBASE.dll *10.0.26100.5074
 ole32.dll            00007FFE65AB0000 0000000000198000     1/1     30/авг/2025 07:55:50 C:\WINDOWS\System32\ole32.dll *10.0.26100.5074
 msvcp_win.dll        00007FFE64810000 00000000000A3000     3/3     30/авг/2025 07:56:06 C:\WINDOWS\System32\msvcp_win.dll *10.0.26100.5074
 atlantis64x.rtl      0000000102400000 0000000000184000    14/14    19/сен/2025 10:45:13 C:\Galaktika\AVAZ\chumachenko\6.0.09.0\exe\atlantis64x.rtl *6.0.9.0
 ucrtbase.dll         00007FFE64630000 000000000014B000     9/9     30/авг/2025 07:56:06 C:\WINDOWS\System32\ucrtbase.dll *10.0.26100.5074
 ADVAPI32.dll         00007FFE66630000 00000000000B4000     3/3     30/авг/2025 07:55:47 C:\WINDOWS\System32\ADVAPI32.dll *10.0.26100.5074
 GDI32.dll            00007FFE658B0000 000000000002B000     7/7     30/авг/2025 07:55:53 C:\WINDOWS\System32\GDI32.dll *10.0.26100.5074
 msvcrt.dll           00007FFE64C80000 00000000000A9000     5/5     30/авг/2025 07:55:57 C:\WINDOWS\System32\msvcrt.dll *7.0.26100.5074/10.0.26100.5074
 win32u.dll           00007FFE64090000 0000000000027000     1/1     30/авг/2025 07:56:08 C:\WINDOWS\System32\win32u.dll *10.0.26100.5074
 sechost.dll          00007FFE65D70000 00000000000A6000     1/1     30/авг/2025 07:56:00 C:\WINDOWS\System32\sechost.dll *10.0.26100.5074
 gdi32full.dll        00007FFE648C0000 000000000012D000     7/7     30/авг/2025 07:55:53 C:\WINDOWS\System32\gdi32full.dll *10.0.26100.5074
 RPCRT4.dll           00007FFE65C50000 0000000000118000     6/6     30/авг/2025 07:55:59 C:\WINDOWS\System32\RPCRT4.dll *10.0.26100.5074
 USER32.dll           00007FFE65F90000 00000000001C4000     7/7     30/авг/2025 07:56:06 C:\WINDOWS\System32\USER32.dll *10.0.26100.5074
 OLEAUT32.dll         00007FFE657D0000 00000000000D7000     3/3     30/авг/2025 07:55:58 C:\WINDOWS\System32\OLEAUT32.dll *10.0.26100.5074
 combase.dll          00007FFE66160000 000000000037B000     4/4     30/авг/2025 07:55:50 C:\WINDOWS\System32\combase.dll *10.0.26100.5074
 atllib_64x.dll       0000000110000000 0000000000047000    13/13    19/сен/2025 10:45:13 C:\Galaktika\AVAZ\chumachenko\6.0.09.0\exe\atllib_64x.dll *6.0.9.0
 _cfg64x.dll          0000000062580000 000000000003A000     1/1     19/сен/2025 10:45:13 C:\Galaktika\AVAZ\chumachenko\6.0.09.0\exe\_cfg64x.dll *6.0.9.0
 winspool.drv         00007FFE4B330000 00000000000B2000     1/1     30/авг/2025 07:55:59 C:\WINDOWS\SYSTEM32\winspool.drv *10.0.26100.5074
 libxml264x.dll       0000000065100000 0000000000442000     2/2     19/сен/2025 10:45:13 C:\Galaktika\AVAZ\chumachenko\6.0.09.0\exe\libxml264x.dll *2.9.7.0
 WS2_32.dll           00007FFE65750000 0000000000074000     2/2     30/авг/2025 07:56:08 C:\WINDOWS\System32\WS2_32.dll *10.0.26100.5074
 shcore.dll           00007FFE658E0000 00000000000F0000     1/1     30/авг/2025 07:56:02 C:\WINDOWS\System32\shcore.dll *10.0.26100.5074
 cfgmgr32.dll         00007FFE63A60000 0000000000057000     1/1     29/авг/2025 18:53:21 C:\WINDOWS\SYSTEM32\cfgmgr32.dll *10.0.26100.4202
 WSOCK32.dll          00007FFE35230000 000000000000A000     2/2     01/апр/2024 10:22:14 C:\WINDOWS\SYSTEM32\WSOCK32.dll *10.0.26100.1
 streams_64x.dll      0000000000E80000 000000000015D000    12/12    19/сен/2025 10:45:13 C:\Galaktika\AVAZ\chumachenko\6.0.09.0\exe\streams_64x.dll *6.0.9.0
 base64x.dll          0000000000FE0000 000000000009A000     4/4     19/сен/2025 10:45:13 C:\Galaktika\AVAZ\chumachenko\6.0.09.0\exe\base64x.dll *6.0.9.0
 ecc_64x.dll          0000000000600000 000000000003D000     4/4     19/сен/2025 10:45:13 C:\Galaktika\AVAZ\chumachenko\6.0.09.0\exe\ecc_64x.dll *6.0.9.0
 editor_64x.dll       0000000000640000 0000000000033000     1/1     19/сен/2025 10:45:13 C:\Galaktika\AVAZ\chumachenko\6.0.09.0\exe\editor_64x.dll *6.0.9.0
 lotdll_64x.dll       0000000001080000 0000000000048000     1/1     19/сен/2025 10:45:13 C:\Galaktika\AVAZ\chumachenko\6.0.09.0\exe\lotdll_64x.dll *6.0.9.0
 forms_64x.dll        00000000010D0000 00000000000D1000     2/2     30/сен/2025 20:24:00 C:\Galaktika\AVAZ\chumachenko\6.0.09.0\exe\forms_64x.dll *6.0.9.0
 protect_64x.dll      00000000001D0000 0000000000017000     4/4     29/сен/2025 16:58:29 C:\Galaktika\AVAZ\chumachenko\6.0.09.0\exe\protect_64x.dll *6.0.9.0
 atvipobj64x.dll      00000000011B0000 0000000000021000     1/1     19/сен/2025 10:45:13 C:\Galaktika\AVAZ\chumachenko\6.0.09.0\exe\atvipobj64x.dll *6.0.9.0
 ifcobjs_64x.dll      0000000000680000 0000000000014000     1/1     19/сен/2025 10:45:13 C:\Galaktika\AVAZ\chumachenko\6.0.09.0\exe\ifcobjs_64x.dll *6.0.9.0
 jitvip64x.dll        00000000011E0000 0000000000027000     1/1     19/сен/2025 10:45:13 C:\Galaktika\AVAZ\chumachenko\6.0.09.0\exe\jitvip64x.dll *6.0.9.0
 atlpop64x.dll        0000000001210000 000000000008B000     1/1     19/сен/2025 10:45:13 C:\Galaktika\AVAZ\chumachenko\6.0.09.0\exe\atlpop64x.dll *6.0.9.0
 nation_64x.dll       00000000001F0000 000000000000B000     1/1     19/сен/2025 10:45:13 C:\Galaktika\AVAZ\chumachenko\6.0.09.0\exe\nation_64x.dll *6.0.9.0
 IMM32.DLL            00007FFE64E30000 000000000002F000     1/1     29/авг/2025 18:53:19 C:\WINDOWS\System32\IMM32.DLL *10.0.26100.4484
 SspiCli.dll          00007FFE62F10000 0000000000049000     4/4     29/авг/2025 18:53:33 C:\WINDOWS\SYSTEM32\SspiCli.dll *10.0.26100.4484
 libeay32.dll         00007FFDE7E40000 0000000000207000     2/2     23/сен/2025 16:27:09 C:\Galaktika\AVAZ\chumachenko\6.0.09.0\exe\SSL64\libeay32.dll *1.0.2.14
 VCRUNTIME140.dll     00007FFE35240000 000000000001E000 65535/65535 03/июн/2025 06:00:00 C:\WINDOWS\SYSTEM32\VCRUNTIME140.dll *14.42.34438.0
 ssleay32.dll         00007FFE5B920000 000000000005B000     1/1     23/сен/2025 16:27:09 C:\Galaktika\AVAZ\chumachenko\6.0.09.0\exe\SSL64\ssleay32.dll *1.0.2.14
 CRYPTSP.dll          00007FFE635A0000 000000000001B000     1/1     30/авг/2025 07:55:50 C:\WINDOWS\SYSTEM32\CRYPTSP.dll *10.0.26100.5074
 rsaenh.dll           00007FFE62BD0000 000000000003B000     2/2     30/авг/2025 07:55:59 C:\WINDOWS\system32\rsaenh.dll *10.0.26100.5074
 CRYPTBASE.dll        00007FFE63400000 000000000000C000     2/2     30/авг/2025 07:55:50 C:\WINDOWS\SYSTEM32\CRYPTBASE.dll *10.0.26100.5074
 bcryptPrimitives.dll 00007FFE63FF0000 0000000000099000 65535/65535 30/авг/2025 07:55:49 C:\WINDOWS\System32\bcryptPrimitives.dll *10.0.26100.5074
 asmuser64x.dll       0000000003780000 0000000000023000     1/1     19/сен/2025 10:45:13 C:\Galaktika\AVAZ\chumachenko\6.0.09.0\exe\asmuser64x.dll *6.0.9.0
 mpr.dll              00007FFE5B220000 0000000000021000     1/1     29/авг/2025 18:53:19 C:\WINDOWS\SYSTEM32\mpr.dll *10.0.26100.1882
 vision_w64x.dll      000000006A880000 0000000000332000     1/1     19/сен/2025 10:45:13 C:\Galaktika\AVAZ\chumachenko\6.0.09.0\exe\vision_w64x.dll *6.0.9.0
 SHELL32.dll          00007FFE65000000 000000000074D000     3/3     30/авг/2025 07:56:03 C:\WINDOWS\System32\SHELL32.dll *10.0.26100.5074
 gdesk64x.dll         000000006DB40000 0000000000042000     1/1     19/сен/2025 10:45:13 C:\Galaktika\AVAZ\chumachenko\6.0.09.0\exe\gdesk64x.dll *6.0.9.0
 wintypes.dll         00007FFE640C0000 000000000016C000     1/1     30/авг/2025 07:55:50 C:\WINDOWS\System32\wintypes.dll *10.0.26100.5074
 uxtheme.dll          00007FFE60FC0000 00000000000A8000     3/3     30/авг/2025 07:56:07 C:\WINDOWS\SYSTEM32\uxtheme.dll *10.0.26100.5074
 dwmapi.dll           00007FFE612B0000 000000000002B000     1/1     30/авг/2025 07:55:51 C:\WINDOWS\SYSTEM32\dwmapi.dll *10.0.26100.5074
 MSCTF.dll            00007FFE65E30000 0000000000158000     1/1     30/авг/2025 07:56:05 C:\WINDOWS\System32\MSCTF.dll *10.0.26100.5074
 zprint_w64x.dll      000000006C700000 0000000000048000     2/2     19/сен/2025 10:45:13 C:\Galaktika\AVAZ\chumachenko\6.0.09.0\exe\zprint_w64x.dll *6.0.9.0
 pg90drv64x.dll       0000000053FA0000 0000000000224000     1/1     02/окт/2025 14:51:31 C:\Galaktika\AVAZ\chumachenko\6.0.09.0\exe\pg90drv64x.dll *6.0.9.0
 ODBC32.dll           00007FFE56CD0000 00000000000C4000     2/2     30/авг/2025 07:55:57 C:\WINDOWS\SYSTEM32\ODBC32.dll *10.0.26100.5074
 CRYPT32.dll          00007FFE63E70000 0000000000177000 65535/65535 30/авг/2025 07:55:50 C:\WINDOWS\System32\CRYPT32.dll *10.0.26100.5074
 DPAPI.DLL            00007FFE63AE0000 000000000000A000     1/1     01/апр/2024 10:22:15 C:\WINDOWS\SYSTEM32\DPAPI.DLL *10.0.26100.1
 bcrypt.dll           00007FFE63CA0000 0000000000026000 65535/65535 30/авг/2025 07:55:49 C:\WINDOWS\SYSTEM32\bcrypt.dll *10.0.26100.5074
 podbc35w.dll         00007FFDF5F00000 00000000000ED000     1/1     11/июн/2025 16:40:38 C:\WINDOWS\system32\podbc35w.dll *17.0.0.6
 libpq.dll            00007FFDFCCB0000 000000000005A000     1/1     10/июн/2025 12:34:12 C:\WINDOWS\system32\libpq.dll *17.0.5.0
 WINMM.dll            00007FFE5A390000 0000000000035000     1/1     30/авг/2025 07:55:48 C:\WINDOWS\system32\WINMM.dll *10.0.26100.5074
 VCRUNTIME140_1.dll   00007FFE3AC30000 000000000000C000     2/2     27/апр/2024 23:20:22 C:\WINDOWS\system32\VCRUNTIME140_1.dll *14.40.33810.0
 MSVCP140.dll         00007FFE31070000 000000000008D000     1/1     03/июн/2025 06:00:00 C:\WINDOWS\system32\MSVCP140.dll *14.42.34438.0
 WLDAP32.dll          00007FFE64F30000 0000000000075000     1/1     30/авг/2025 07:55:55 C:\WINDOWS\System32\WLDAP32.dll *10.0.26100.5074
 Secur32.dll          00007FFE60EB0000 000000000000D000     1/1     01/апр/2024 10:22:11 C:\WINDOWS\system32\Secur32.dll *10.0.26100.1
 libcrypto-3-x64.dll  00007FFDD4850000 0000000000625000 65535/65535 11/фев/2025 16:05:16 C:\WINDOWS\system32\libcrypto-3-x64.dll *3.3.3.0
 libssl-3-x64.dll     00007FFDD4710000 0000000000136000     1/1     11/фев/2025 16:05:16 C:\WINDOWS\system32\libssl-3-x64.dll *3.3.3.0
 odbccp32.dll         00007FFE46580000 0000000000025000     1/1     30/авг/2025 07:55:56 C:\WINDOWS\SYSTEM32\odbccp32.dll *10.0.26100.5074
 VERSION.dll          00007FFE5C880000 000000000000B000     1/1     29/авг/2025 18:53:19 C:\WINDOWS\SYSTEM32\VERSION.dll *10.0.26100.1150
 mswsock.dll          00007FFE631D0000 000000000006B000     6/6     30/авг/2025 07:56:08 C:\WINDOWS\system32\mswsock.dll *10.0.26100.5074
 DNSAPI.dll           00007FFE62670000 0000000000126000 65535/65535 30/авг/2025 07:55:52 C:\WINDOWS\SYSTEM32\DNSAPI.dll *10.0.26100.5074
 IPHLPAPI.DLL         00007FFE625E0000 0000000000034000 65535/65535 30/авг/2025 07:56:05 C:\WINDOWS\SYSTEM32\IPHLPAPI.DLL *10.0.26100.5074
 NSI.dll              00007FFE65E20000 000000000000A000 65535/65535 30/авг/2025 07:56:07 C:\WINDOWS\System32\NSI.dll *10.0.26100.5074
 rasadhlp.dll         00007FFE5B9E0000 000000000000B000     1/1     29/авг/2025 18:53:34 C:\Windows\System32\rasadhlp.dll *10.0.26100.1150
 fwpuclnt.dll         00007FFE5AC80000 0000000000086000     1/1     30/авг/2025 07:55:57 C:\WINDOWS\System32\fwpuclnt.dll *10.0.26100.5074
 dhcpcsvc.DLL         00007FFE5C000000 0000000000023000     1/1     30/авг/2025 07:55:51 C:\WINDOWS\SYSTEM32\dhcpcsvc.DLL *10.0.26100.5074
 atlsock64x.dll       000000006DC80000 000000000002C000     2/2     19/сен/2025 10:45:13 C:\Galaktika\AVAZ\chumachenko\6.0.09.0\exe\atlsock64x.dll *6.0.9.0
 NETAPI32.DLL         00007FFE57F90000 000000000001A000     1/1     29/авг/2025 18:53:17 C:\WINDOWS\SYSTEM32\NETAPI32.DLL *10.0.26100.1150
 SRVCLI.DLL           00007FFE5B1D0000 0000000000029000     1/1     29/авг/2025 18:53:22 C:\WINDOWS\SYSTEM32\SRVCLI.DLL *10.0.26100.1150
 NETUTILS.DLL         00007FFE625A0000 000000000000D000     1/1     29/авг/2025 18:53:22 C:\WINDOWS\SYSTEM32\NETUTILS.DLL *10.0.26100.1882
 SAMCLI.DLL           00007FFE62580000 000000000001B000     1/1     29/авг/2025 18:53:22 C:\WINDOWS\SYSTEM32\SAMCLI.DLL *10.0.26100.4768
 napinsp.dll          00007FFDFB8B0000 0000000000018000     1/1     29/авг/2025 18:53:18 C:\WINDOWS\system32\napinsp.dll *10.0.26100.1150
 winrnr.dll           00007FFDFB240000 0000000000012000     1/1     29/авг/2025 18:53:21 C:\WINDOWS\System32\winrnr.dll *10.0.26100.1882
 nlansp_c.dll         00007FFDFEB60000 0000000000028000     1/1     30/авг/2025 07:55:58 C:\WINDOWS\system32\nlansp_c.dll *10.0.26100.5074
 wshbth.dll           00007FFE5BFC0000 0000000000016000     1/1     30/авг/2025 07:55:47 C:\WINDOWS\system32\wshbth.dll *10.0.26100.5074
 mt_drv64x.dll        0000000012B50000 0000000000111000     1/1     19/сен/2025 10:45:13 C:\Galaktika\AVAZ\chumachenko\6.0.09.0\exe\mt_drv64x.dll *6.0.9.0

▓▓▓▓▓▓▓▓▓▓▓▓▓▓▓▓▓▓▓▓▓▓▓▓▓▓▓▓▓▓▓▓▓▓▓▓▓▓▓▓▓▓▓▓▓▓▓▓▓▓▓▓▓▓▓▓▓▓▓▓▓▓▓▓▓▓▓▓▓▓▓▓▓▓▓▓▓▓▓



▓▓▓▓▓▓▓▓▓▓▓▓▓▓▓▓▓▓▓▓▓▓▓▓▓▓▓▓▓▓▓▓▓▓▓▓▓▓▓▓▓▓▓▓▓▓▓▓▓▓▓▓▓▓▓▓▓▓▓▓▓▓▓▓▓▓▓▓▓▓▓▓▓▓▓▓▓▓▓
▓▓▓▓▓ Запишите следующую информацию об ошибке и отошлите ее разработчикам ▓▓▓▓▓
▓ вместе с описанием ситуации, названием, версией и датой EXE-файла программы ▓
▓▓▓▓▓▓▓▓▓▓▓▓▓▓▓▓▓▓▓▓▓▓▓▓▓▓▓▓▓▓▓▓▓▓▓▓▓▓▓▓▓▓▓▓▓▓▓▓▓▓▓▓▓▓▓▓▓▓▓▓▓▓▓▓▓▓▓▓▓▓▓▓▓▓▓▓▓▓▓


▓ Программа: "vip64x.exe"  Время запуска: 09:53:06 08/11/2025
▓ Исполняемый модуль: "C:\Galaktika\AVAZ\chumachenko\6.0.09.0\exe\vip64x.exe"
▓ Система: Windows NT  Логин: "Дмитрий"  Станция: "LAPUS-VICTUS"

Необработанная исключительная ситуация
Код исключения: C0000005 (Общее нарушение защиты доступа к памяти)
Параметры исключения (2): 0000000000000000 000000000000000A
Адрес исключения: 000000005401F966 pg90drv64x.dll.1:0007E966
Содержимое регистров процессора
 RAX = 0000000000000000
 RBX = 000000000000000F
 RCX = 0000000000000002
 RDX = 0000000000000001
 RSI = 0000000003240904
 RDI = 0000000014B2F830
 RBP = 0000000054136060 pg90drv64x.dll.2:00003060
 RSP = 0000000014B2F810
 RIP = 000000005401F966 pg90drv64x.dll.1:0007E966
 R8  = 7FFFFFFFFFFFFFFC
 R9  = 0000000014448B94
 R10 = 0000000000110000
 R11 = 0000000000000246
 R12 = 0000000002BC4C9C
 R13 = 0000000053FA0000
 R14 = 0000000002BE2E38
 R15 = 0000000053FA0000
Содержимое стека
 0000000014B2F830: 0000000054171160 pg90drv64x.dll.3:0003A160
 0000000014B2F868: 000000005401F76D pg90drv64x.dll.1:0007E76D
 0000000014B2F898: 0000000053FFAC43 pg90drv64x.dll.1:00059C43
 0000000014B2F8D8: 0000000053FDDCD8 pg90drv64x.dll.1:0003CCD8
 0000000014B2F8F8: 0000000053FDDCA0 pg90drv64x.dll.1:0003CCA0
 0000000014B2F900: 0000000053FDDCA0 pg90drv64x.dll.1:0003CCA0
 0000000014B2F908: 00000001024D1312 atlantis64x.rtl.1:000D0312
 0000000014B2F928: 0000000053FDDCA0 pg90drv64x.dll.1:0003CCA0
 0000000014B2F970: 0000000053FDDCA0 pg90drv64x.dll.1:0003CCA0
 0000000014B2F9D8: 0000000053FDDCA0 pg90drv64x.dll.1:0003CCA0
Текущее время
 08-11-2025 09:53:14.1341269
Параметры программы
 "C:\Galaktika\AVAZ\chumachenko\6.0.09.0\exe\vip64x.exe  chumachenko.prj /r:chumachenko.res /c:vip.cfg /u:SUPERVISOR /#user:SUPERVISOR /def:Atl60"
Переменные окружения
 =::=::\
 =C:=C:\Galaktika\_git\Izhevsk\chumachenko
 ALLUSERSPROFILE=C:\ProgramData
 APPDATA=C:\Users\─ьшЄЁшщ\AppData\Roaming
 CommonProgramFiles=C:\Program Files\Common Files
 CommonProgramFiles(x86)=C:\Program Files (x86)\Common Files
 CommonProgramW6432=C:\Program Files\Common Files
 COMPUTERNAME=LAPUS-VICTUS
 ComSpec=C:\WINDOWS\system32\cmd.exe
 DD=20251108
 DriverData=C:\Windows\System32\Drivers\DriverData
 EFC_8588_1592913036=1
 exedir=C:\Galaktika\AVAZ\chumachenko\6.0.09.0\exe
 HOMEDRIVE=C:
 HOMEPATH=\Users\─ьшЄЁшщ
 LOCALAPPDATA=C:\Users\─ьшЄЁшщ\AppData\Local
 LOGONSERVER=\\LAPUS-VICTUS
 NUMBER_OF_PROCESSORS=16
 OneDrive=C:\Users\─ьшЄЁшщ\OneDrive
 OPENSSL_CONF=C:\Program Files\PostgreSQL\psqlODBC\etc\openssl.cnf
 OS=Windows_NT
 Path=C:\Program Files (x86)\Common Files\Oracle\Java\javapath;C:\Program Files\Microsoft\jdk-11.0.16.101-hotspot\bin;C:\Program Files (x86)\NVIDIA Corporation\PhysX\Common;C:\Windows\system32;C:\Windows;C:\Windows\System32\Wbem;C:\Windows\System32\WindowsPowerShell\v1.0\;C:\Windows\System32\OpenSSH\;C:\Program Files\Microsoft SQL Server\Client SDK\ODBC\170\Tools\Binn\;C:\Program Files (x86)\Microsoft SQL Server\150\Tools\Binn\;C:\Program Files\Microsoft SQL Server\150\Tools\Binn\;C:\Program Files\Microsoft SQL Server\150\DTS\Binn\;C:\Program Files (x86)\Microsoft SQL Server\150\DTS\Binn\;C:\WINDOWS\system32;C:\WINDOWS;C:\WINDOWS\System32\Wbem;C:\WINDOWS\System32\WindowsPowerShell\v1.0\;C:\WINDOWS\System32\OpenSSH\;C:\Program Files\dotnet\;C:\Program Files (x86)\dotnet\;C:\Program Files\PuTTY\;C:\WINDOWS\system32;C:\WINDOWS;C:\WINDOWS\System32\Wbem;C:\WINDOWS\System32\WindowsPowerShell\v1.0\;C:\WINDOWS\System32\OpenSSH\;C:\Program Files\Microsoft SQL Server\Client SDK\ODBC\130\Tools\Binn\;C:\Galaktika\ATL6\Libs\;C:\Galaktika\ATL6\Libs\x64;C:\Program Files (x86)\Microsoft SQL Server\160\DTS\Binn\;C:\Program Files\Git\cmd;C:\Program Files\GitExtensions\;C:\Users\─ьшЄЁшщ\AppData\Local\Programs\Python\Python311\Scripts\;C:\Users\─ьшЄЁшщ\AppData\Local\Programs\Python\Python311\;C:\Users\─ьшЄЁшщ\AppData\Local\Microsoft\WindowsApps;C:\Program Files\Azure Data Studio\bin;C:\Users\─ьшЄЁшщ\.dotnet\tools;C:\SRCFlutter\flutter\bin;;C:\Users\─ьшЄЁшщ\AppData\Local\Programs\Microsoft VS Code\bin;C:\Users\─ьшЄЁшщ\AppData\Local\JetBrains\PyCharm Community Edition 2022.3.2\bin;
 PATHEXT=.COM;.EXE;.BAT;.CMD;.VBS;.VBE;.JS;.JSE;.WSF;.WSH;.MSC
 PROCESSOR_ARCHITECTURE=AMD64
 PROCESSOR_IDENTIFIER=AMD64 Family 25 Model 80 Stepping 0, AuthenticAMD
 PROCESSOR_LEVEL=25
 PROCESSOR_REVISION=5000
 ProgramData=C:\ProgramData
 ProgramFiles=C:\Program Files
 ProgramFiles(x86)=C:\Program Files (x86)
 ProgramW6432=C:\Program Files
 PROMPT=$P$G
 PSModulePath=C:\Program Files\WindowsPowerShell\Modules;C:\WINDOWS\system32\WindowsPowerShell\v1.0\Modules;C:\Program Files (x86)\Microsoft SQL Server\150\Tools\PowerShell\Modules\
 PUBLIC=C:\Users\Public
 PyCharm Community Edition=C:\Users\─ьшЄЁшщ\AppData\Local\JetBrains\PyCharm Community Edition 2022.3.2\bin;
 SESSIONNAME=Console
 SystemDrive=C:
 SystemRoot=C:\WINDOWS
 TEMP=C:\Users\AACE~1\AppData\Local\Temp
 TMP=C:\Users\AACE~1\AppData\Local\Temp
 USERDOMAIN=LAPUS-VICTUS
 USERDOMAIN_ROAMINGPROFILE=LAPUS-VICTUS
 USERNAME=─ьшЄЁшщ
 USERPROFILE=C:\Users\─ьшЄЁшщ
 windir=C:\WINDOWS
 __PSLockDownPolicy=0
Список загруженных модулей
 vip64x.exe           0000000100000000 00000000005A0000 65535/65535 19/сен/2025 10:45:13 C:\Galaktika\AVAZ\chumachenko\6.0.09.0\exe\vip64x.exe *6.0.9.0
 ntdll.dll            00007FFE66C20000 0000000000269000 65535/65535 30/авг/2025 07:55:58 C:\WINDOWS\SYSTEM32\ntdll.dll *10.0.26100.5074
 KERNEL32.DLL         00007FFE659E0000 00000000000C9000 65535/65535 30/авг/2025 07:55:55 C:\WINDOWS\System32\KERNEL32.DLL *10.0.26100.5074
 KERNELBASE.dll       00007FFE64230000 00000000003F3000 65535/65535 30/авг/2025 07:55:55 C:\WINDOWS\System32\KERNELBASE.dll *10.0.26100.5074
 ole32.dll            00007FFE65AB0000 0000000000198000     1/1     30/авг/2025 07:55:50 C:\WINDOWS\System32\ole32.dll *10.0.26100.5074
 msvcp_win.dll        00007FFE64810000 00000000000A3000     3/3     30/авг/2025 07:56:06 C:\WINDOWS\System32\msvcp_win.dll *10.0.26100.5074
 atlantis64x.rtl      0000000102400000 0000000000184000    14/14    19/сен/2025 10:45:13 C:\Galaktika\AVAZ\chumachenko\6.0.09.0\exe\atlantis64x.rtl *6.0.9.0
 ucrtbase.dll         00007FFE64630000 000000000014B000     9/9     30/авг/2025 07:56:06 C:\WINDOWS\System32\ucrtbase.dll *10.0.26100.5074
 ADVAPI32.dll         00007FFE66630000 00000000000B4000     3/3     30/авг/2025 07:55:47 C:\WINDOWS\System32\ADVAPI32.dll *10.0.26100.5074
 GDI32.dll            00007FFE658B0000 000000000002B000     7/7     30/авг/2025 07:55:53 C:\WINDOWS\System32\GDI32.dll *10.0.26100.5074
 msvcrt.dll           00007FFE64C80000 00000000000A9000     5/5     30/авг/2025 07:55:57 C:\WINDOWS\System32\msvcrt.dll *7.0.26100.5074/10.0.26100.5074
 sechost.dll          00007FFE65D70000 00000000000A6000     1/1     30/авг/2025 07:56:00 C:\WINDOWS\System32\sechost.dll *10.0.26100.5074
 win32u.dll           00007FFE64090000 0000000000027000     1/1     30/авг/2025 07:56:08 C:\WINDOWS\System32\win32u.dll *10.0.26100.5074
 gdi32full.dll        00007FFE648C0000 000000000012D000     7/7     30/авг/2025 07:55:53 C:\WINDOWS\System32\gdi32full.dll *10.0.26100.5074
 RPCRT4.dll           00007FFE65C50000 0000000000118000     6/6     30/авг/2025 07:55:59 C:\WINDOWS\System32\RPCRT4.dll *10.0.26100.5074
 USER32.dll           00007FFE65F90000 00000000001C4000     7/7     30/авг/2025 07:56:06 C:\WINDOWS\System32\USER32.dll *10.0.26100.5074
 OLEAUT32.dll         00007FFE657D0000 00000000000D7000     3/3     30/авг/2025 07:55:58 C:\WINDOWS\System32\OLEAUT32.dll *10.0.26100.5074
 combase.dll          00007FFE66160000 000000000037B000     4/4     30/авг/2025 07:55:50 C:\WINDOWS\System32\combase.dll *10.0.26100.5074
 atllib_64x.dll       0000000110000000 0000000000047000    13/13    19/сен/2025 10:45:13 C:\Galaktika\AVAZ\chumachenko\6.0.09.0\exe\atllib_64x.dll *6.0.9.0
 _cfg64x.dll          0000000062580000 000000000003A000     1/1     19/сен/2025 10:45:13 C:\Galaktika\AVAZ\chumachenko\6.0.09.0\exe\_cfg64x.dll *6.0.9.0
 libxml264x.dll       0000000065100000 0000000000442000     2/2     19/сен/2025 10:45:13 C:\Galaktika\AVAZ\chumachenko\6.0.09.0\exe\libxml264x.dll *2.9.7.0
 winspool.drv         00007FFE4B330000 00000000000B2000     1/1     30/авг/2025 07:55:59 C:\WINDOWS\SYSTEM32\winspool.drv *10.0.26100.5074
 WS2_32.dll           00007FFE65750000 0000000000074000     2/2     30/авг/2025 07:56:08 C:\WINDOWS\System32\WS2_32.dll *10.0.26100.5074
 shcore.dll           00007FFE658E0000 00000000000F0000     1/1     30/авг/2025 07:56:02 C:\WINDOWS\System32\shcore.dll *10.0.26100.5074
 cfgmgr32.dll         00007FFE63A60000 0000000000057000     1/1     29/авг/2025 18:53:21 C:\WINDOWS\SYSTEM32\cfgmgr32.dll *10.0.26100.4202
 WSOCK32.dll          00007FFE35230000 000000000000A000     2/2     01/апр/2024 10:22:14 C:\WINDOWS\SYSTEM32\WSOCK32.dll *10.0.26100.1
 base64x.dll          0000000000600000 000000000009A000     4/4     19/сен/2025 10:45:13 C:\Galaktika\AVAZ\chumachenko\6.0.09.0\exe\base64x.dll *6.0.9.0
 streams_64x.dll      0000000000EA0000 000000000015D000    12/12    19/сен/2025 10:45:13 C:\Galaktika\AVAZ\chumachenko\6.0.09.0\exe\streams_64x.dll *6.0.9.0
 lotdll_64x.dll       0000000001000000 0000000000048000     1/1     19/сен/2025 10:45:13 C:\Galaktika\AVAZ\chumachenko\6.0.09.0\exe\lotdll_64x.dll *6.0.9.0
 editor_64x.dll       0000000001090000 0000000000033000     1/1     19/сен/2025 10:45:13 C:\Galaktika\AVAZ\chumachenko\6.0.09.0\exe\editor_64x.dll *6.0.9.0
 ecc_64x.dll          0000000001050000 000000000003D000     4/4     19/сен/2025 10:45:13 C:\Galaktika\AVAZ\chumachenko\6.0.09.0\exe\ecc_64x.dll *6.0.9.0
 protect_64x.dll      00000000001D0000 0000000000017000     4/4     29/сен/2025 16:58:29 C:\Galaktika\AVAZ\chumachenko\6.0.09.0\exe\protect_64x.dll *6.0.9.0
 forms_64x.dll        00000000010D0000 00000000000D1000     2/2     30/сен/2025 20:24:00 C:\Galaktika\AVAZ\chumachenko\6.0.09.0\exe\forms_64x.dll *6.0.9.0
 atvipobj64x.dll      00000000011B0000 0000000000021000     1/1     19/сен/2025 10:45:13 C:\Galaktika\AVAZ\chumachenko\6.0.09.0\exe\atvipobj64x.dll *6.0.9.0
 ifcobjs_64x.dll      00000000006A0000 0000000000014000     1/1     19/сен/2025 10:45:13 C:\Galaktika\AVAZ\chumachenko\6.0.09.0\exe\ifcobjs_64x.dll *6.0.9.0
 jitvip64x.dll        00000000011E0000 0000000000027000     1/1     19/сен/2025 10:45:13 C:\Galaktika\AVAZ\chumachenko\6.0.09.0\exe\jitvip64x.dll *6.0.9.0
 atlpop64x.dll        0000000001210000 000000000008B000     1/1     19/сен/2025 10:45:13 C:\Galaktika\AVAZ\chumachenko\6.0.09.0\exe\atlpop64x.dll *6.0.9.0
 nation_64x.dll       00000000001F0000 000000000000B000     1/1     19/сен/2025 10:45:13 C:\Galaktika\AVAZ\chumachenko\6.0.09.0\exe\nation_64x.dll *6.0.9.0
 IMM32.DLL            00007FFE64E30000 000000000002F000     1/1     29/авг/2025 18:53:19 C:\WINDOWS\System32\IMM32.DLL *10.0.26100.4484
 SspiCli.dll          00007FFE62F10000 0000000000049000     4/4     29/авг/2025 18:53:33 C:\WINDOWS\SYSTEM32\SspiCli.dll *10.0.26100.4484
 libeay32.dll         00007FFDF1C70000 0000000000207000     2/2     23/сен/2025 16:27:09 C:\Galaktika\AVAZ\chumachenko\6.0.09.0\exe\SSL64\libeay32.dll *1.0.2.14
 VCRUNTIME140.dll     00007FFE35240000 000000000001E000 65535/65535 03/июн/2025 06:00:00 C:\WINDOWS\SYSTEM32\VCRUNTIME140.dll *14.42.34438.0
 ssleay32.dll         00007FFE5B8F0000 000000000005B000     1/1     23/сен/2025 16:27:09 C:\Galaktika\AVAZ\chumachenko\6.0.09.0\exe\SSL64\ssleay32.dll *1.0.2.14
 CRYPTSP.dll          00007FFE635A0000 000000000001B000     1/1     30/авг/2025 07:55:50 C:\WINDOWS\SYSTEM32\CRYPTSP.dll *10.0.26100.5074
 rsaenh.dll           00007FFE62BD0000 000000000003B000     2/2     30/авг/2025 07:55:59 C:\WINDOWS\system32\rsaenh.dll *10.0.26100.5074
 CRYPTBASE.dll        00007FFE63400000 000000000000C000     2/2     30/авг/2025 07:55:50 C:\WINDOWS\SYSTEM32\CRYPTBASE.dll *10.0.26100.5074
 bcryptPrimitives.dll 00007FFE63FF0000 0000000000099000 65535/65535 30/авг/2025 07:55:49 C:\WINDOWS\System32\bcryptPrimitives.dll *10.0.26100.5074
 asmuser64x.dll       0000000001570000 0000000000023000     1/1     19/сен/2025 10:45:13 C:\Galaktika\AVAZ\chumachenko\6.0.09.0\exe\asmuser64x.dll *6.0.9.0
 mpr.dll              00007FFE5B220000 0000000000021000     1/1     29/авг/2025 18:53:19 C:\WINDOWS\SYSTEM32\mpr.dll *10.0.26100.1882
 vision_w64x.dll      000000006A880000 0000000000332000     1/1     19/сен/2025 10:45:13 C:\Galaktika\AVAZ\chumachenko\6.0.09.0\exe\vision_w64x.dll *6.0.9.0
 SHELL32.dll          00007FFE65000000 000000000074D000     3/3     30/авг/2025 07:56:03 C:\WINDOWS\System32\SHELL32.dll *10.0.26100.5074
 gdesk64x.dll         000000006DB40000 0000000000042000     1/1     19/сен/2025 10:45:13 C:\Galaktika\AVAZ\chumachenko\6.0.09.0\exe\gdesk64x.dll *6.0.9.0
 wintypes.dll         00007FFE640C0000 000000000016C000     1/1     30/авг/2025 07:55:50 C:\WINDOWS\System32\wintypes.dll *10.0.26100.5074
 uxtheme.dll          00007FFE60FC0000 00000000000A8000     3/3     30/авг/2025 07:56:07 C:\WINDOWS\SYSTEM32\uxtheme.dll *10.0.26100.5074
 dwmapi.dll           00007FFE612B0000 000000000002B000     1/1     30/авг/2025 07:55:51 C:\WINDOWS\SYSTEM32\dwmapi.dll *10.0.26100.5074
 MSCTF.dll            00007FFE65E30000 0000000000158000     1/1     30/авг/2025 07:56:05 C:\WINDOWS\System32\MSCTF.dll *10.0.26100.5074
 zprint_w64x.dll      000000006C700000 0000000000048000     2/2     19/сен/2025 10:45:13 C:\Galaktika\AVAZ\chumachenko\6.0.09.0\exe\zprint_w64x.dll *6.0.9.0
 pg90drv64x.dll       0000000053FA0000 0000000000224000     1/1     02/окт/2025 14:51:31 C:\Galaktika\AVAZ\chumachenko\6.0.09.0\exe\pg90drv64x.dll *6.0.9.0
 ODBC32.dll           00007FFE56CD0000 00000000000C4000     2/2     30/авг/2025 07:55:57 C:\WINDOWS\SYSTEM32\ODBC32.dll *10.0.26100.5074
 CRYPT32.dll          00007FFE63E70000 0000000000177000 65535/65535 30/авг/2025 07:55:50 C:\WINDOWS\System32\CRYPT32.dll *10.0.26100.5074
 DPAPI.DLL            00007FFE63AE0000 000000000000A000     1/1     01/апр/2024 10:22:15 C:\WINDOWS\SYSTEM32\DPAPI.DLL *10.0.26100.1
 bcrypt.dll           00007FFE63CA0000 0000000000026000 65535/65535 30/авг/2025 07:55:49 C:\WINDOWS\SYSTEM32\bcrypt.dll *10.0.26100.5074
 podbc35w.dll         00007FFDF5F00000 00000000000ED000     1/1     11/июн/2025 16:40:38 C:\WINDOWS\system32\podbc35w.dll *17.0.0.6
 VCRUNTIME140_1.dll   00007FFE3AC30000 000000000000C000     2/2     27/апр/2024 23:20:22 C:\WINDOWS\system32\VCRUNTIME140_1.dll *14.40.33810.0
 MSVCP140.dll         00007FFE31070000 000000000008D000     1/1     03/июн/2025 06:00:00 C:\WINDOWS\system32\MSVCP140.dll *14.42.34438.0
 WINMM.dll            00007FFE5A390000 0000000000035000     1/1     30/авг/2025 07:55:48 C:\WINDOWS\system32\WINMM.dll *10.0.26100.5074
 libpq.dll            00007FFDFCCB0000 000000000005A000     1/1     10/июн/2025 12:34:12 C:\WINDOWS\system32\libpq.dll *17.0.5.0
 WLDAP32.dll          00007FFE64F30000 0000000000075000     1/1     30/авг/2025 07:55:55 C:\WINDOWS\System32\WLDAP32.dll *10.0.26100.5074
 Secur32.dll          00007FFE60EB0000 000000000000D000     1/1     01/апр/2024 10:22:11 C:\WINDOWS\system32\Secur32.dll *10.0.26100.1
 libcrypto-3-x64.dll  00007FFDD4850000 0000000000625000 65535/65535 11/фев/2025 16:05:16 C:\WINDOWS\system32\libcrypto-3-x64.dll *3.3.3.0
 libssl-3-x64.dll     00007FFDD4710000 0000000000136000     1/1     11/фев/2025 16:05:16 C:\WINDOWS\system32\libssl-3-x64.dll *3.3.3.0
 odbccp32.dll         00007FFE46580000 0000000000025000     1/1     30/авг/2025 07:55:56 C:\WINDOWS\SYSTEM32\odbccp32.dll *10.0.26100.5074
 VERSION.dll          00007FFE5C880000 000000000000B000     1/1     29/авг/2025 18:53:19 C:\WINDOWS\SYSTEM32\VERSION.dll *10.0.26100.1150
 mswsock.dll          00007FFE631D0000 000000000006B000     6/6     30/авг/2025 07:56:08 C:\WINDOWS\system32\mswsock.dll *10.0.26100.5074
 DNSAPI.dll           00007FFE62670000 0000000000126000 65535/65535 30/авг/2025 07:55:52 C:\WINDOWS\SYSTEM32\DNSAPI.dll *10.0.26100.5074
 IPHLPAPI.DLL         00007FFE625E0000 0000000000034000 65535/65535 30/авг/2025 07:56:05 C:\WINDOWS\SYSTEM32\IPHLPAPI.DLL *10.0.26100.5074
 NSI.dll              00007FFE65E20000 000000000000A000 65535/65535 30/авг/2025 07:56:07 C:\WINDOWS\System32\NSI.dll *10.0.26100.5074
 rasadhlp.dll         00007FFE5B9E0000 000000000000B000     1/1     29/авг/2025 18:53:34 C:\Windows\System32\rasadhlp.dll *10.0.26100.1150
 fwpuclnt.dll         00007FFE5AC80000 0000000000086000     1/1     30/авг/2025 07:55:57 C:\WINDOWS\System32\fwpuclnt.dll *10.0.26100.5074
 dhcpcsvc.DLL         00007FFE5C000000 0000000000023000     1/1     30/авг/2025 07:55:51 C:\WINDOWS\SYSTEM32\dhcpcsvc.DLL *10.0.26100.5074
 atlsock64x.dll       000000006DC80000 000000000002C000     2/2     19/сен/2025 10:45:13 C:\Galaktika\AVAZ\chumachenko\6.0.09.0\exe\atlsock64x.dll *6.0.9.0
 NETAPI32.DLL         00007FFE57F90000 000000000001A000     1/1     29/авг/2025 18:53:17 C:\WINDOWS\SYSTEM32\NETAPI32.DLL *10.0.26100.1150
 SRVCLI.DLL           00007FFE5B1D0000 0000000000029000     1/1     29/авг/2025 18:53:22 C:\WINDOWS\SYSTEM32\SRVCLI.DLL *10.0.26100.1150
 NETUTILS.DLL         00007FFE625A0000 000000000000D000     1/1     29/авг/2025 18:53:22 C:\WINDOWS\SYSTEM32\NETUTILS.DLL *10.0.26100.1882
 SAMCLI.DLL           00007FFE62580000 000000000001B000     1/1     29/авг/2025 18:53:22 C:\WINDOWS\SYSTEM32\SAMCLI.DLL *10.0.26100.4768
 napinsp.dll          00007FFDFB8B0000 0000000000018000     1/1     29/авг/2025 18:53:18 C:\WINDOWS\system32\napinsp.dll *10.0.26100.1150
 winrnr.dll           00007FFDFB240000 0000000000012000     1/1     29/авг/2025 18:53:21 C:\WINDOWS\System32\winrnr.dll *10.0.26100.1882
 nlansp_c.dll         00007FFDFEB60000 0000000000028000     1/1     30/авг/2025 07:55:58 C:\WINDOWS\system32\nlansp_c.dll *10.0.26100.5074
 wshbth.dll           00007FFE5BFC0000 0000000000016000     1/1     30/авг/2025 07:55:47 C:\WINDOWS\system32\wshbth.dll *10.0.26100.5074
 mt_drv64x.dll        0000000012C10000 0000000000111000     1/1     19/сен/2025 10:45:13 C:\Galaktika\AVAZ\chumachenko\6.0.09.0\exe\mt_drv64x.dll *6.0.9.0

▓▓▓▓▓▓▓▓▓▓▓▓▓▓▓▓▓▓▓▓▓▓▓▓▓▓▓▓▓▓▓▓▓▓▓▓▓▓▓▓▓▓▓▓▓▓▓▓▓▓▓▓▓▓▓▓▓▓▓▓▓▓▓▓▓▓▓▓▓▓▓▓▓▓▓▓▓▓▓



▓▓▓▓▓▓▓▓▓▓▓▓▓▓▓▓▓▓▓▓▓▓▓▓▓▓▓▓▓▓▓▓▓▓▓▓▓▓▓▓▓▓▓▓▓▓▓▓▓▓▓▓▓▓▓▓▓▓▓▓▓▓▓▓▓▓▓▓▓▓▓▓▓▓▓▓▓▓▓
▓▓▓▓▓ Запишите следующую информацию об ошибке и отошлите ее разработчикам ▓▓▓▓▓
▓ вместе с описанием ситуации, названием, версией и датой EXE-файла программы ▓
▓▓▓▓▓▓▓▓▓▓▓▓▓▓▓▓▓▓▓▓▓▓▓▓▓▓▓▓▓▓▓▓▓▓▓▓▓▓▓▓▓▓▓▓▓▓▓▓▓▓▓▓▓▓▓▓▓▓▓▓▓▓▓▓▓▓▓▓▓▓▓▓▓▓▓▓▓▓▓


▓ Программа: "vip64x.exe"  Время запуска: 09:54:27 08/11/2025
▓ Исполняемый модуль: "C:\Galaktika\AVAZ\chumachenko\6.0.09.0\exe\vip64x.exe"
▓ Система: Windows NT  Логин: "Дмитрий"  Станция: "LAPUS-VICTUS"

Необработанная исключительная ситуация
Код исключения: C0000005 (Общее нарушение защиты доступа к памяти)
Параметры исключения (2): 0000000000000000 000000000000000A
Адрес исключения: 000000005401F966 pg90drv64x.dll.1:0007E966
Содержимое регистров процессора
 RAX = 0000000000000000
 RBX = 000000000000000F
 RCX = 0000000000000002
 RDX = 0000000000000001
 RSI = 0000000003270904
 RDI = 0000000014E8F830
 RBP = 0000000054136060 pg90drv64x.dll.2:00003060
 RSP = 0000000014E8F810
 RIP = 000000005401F966 pg90drv64x.dll.1:0007E966
 R8  = 7FFFFFFFFFFFFFFC
 R9  = 00000000147A3CC4
 R10 = 0000000000110000
 R11 = 0000000000000246
 R12 = 0000000002BF4C9C
 R13 = 0000000053FA0000
 R14 = 0000000002C12E38
 R15 = 0000000053FA0000
Содержимое стека
 0000000014E8F830: 0000000054171160 pg90drv64x.dll.3:0003A160
 0000000014E8F868: 000000005401F76D pg90drv64x.dll.1:0007E76D
 0000000014E8F898: 0000000053FFAC43 pg90drv64x.dll.1:00059C43
 0000000014E8F8D8: 0000000053FDDCD8 pg90drv64x.dll.1:0003CCD8
 0000000014E8F8F8: 0000000053FDDCA0 pg90drv64x.dll.1:0003CCA0
 0000000014E8F900: 0000000053FDDCA0 pg90drv64x.dll.1:0003CCA0
 0000000014E8F908: 00000001024D1312 atlantis64x.rtl.1:000D0312
 0000000014E8F928: 0000000053FDDCA0 pg90drv64x.dll.1:0003CCA0
 0000000014E8F970: 0000000053FDDCA0 pg90drv64x.dll.1:0003CCA0
 0000000014E8F9D8: 0000000053FDDCA0 pg90drv64x.dll.1:0003CCA0
Текущее время
 08-11-2025 09:54:37.0697852
Параметры программы
 "C:\Galaktika\AVAZ\chumachenko\6.0.09.0\exe\vip64x.exe  chumachenko.prj /r:chumachenko.res /c:vip.cfg /u:SUPERVISOR /#user:SUPERVISOR /def:Atl60"
Переменные окружения
 =::=::\
 =C:=C:\Galaktika\_git\Izhevsk\chumachenko
 ALLUSERSPROFILE=C:\ProgramData
 APPDATA=C:\Users\─ьшЄЁшщ\AppData\Roaming
 CommonProgramFiles=C:\Program Files\Common Files
 CommonProgramFiles(x86)=C:\Program Files (x86)\Common Files
 CommonProgramW6432=C:\Program Files\Common Files
 COMPUTERNAME=LAPUS-VICTUS
 ComSpec=C:\WINDOWS\system32\cmd.exe
 DD=20251108
 DriverData=C:\Windows\System32\Drivers\DriverData
 EFC_8588_1592913036=1
 exedir=C:\Galaktika\AVAZ\chumachenko\6.0.09.0\exe
 HOMEDRIVE=C:
 HOMEPATH=\Users\─ьшЄЁшщ
 LOCALAPPDATA=C:\Users\─ьшЄЁшщ\AppData\Local
 LOGONSERVER=\\LAPUS-VICTUS
 NUMBER_OF_PROCESSORS=16
 OneDrive=C:\Users\─ьшЄЁшщ\OneDrive
 OPENSSL_CONF=C:\Program Files\PostgreSQL\psqlODBC\etc\openssl.cnf
 OS=Windows_NT
 Path=C:\Program Files (x86)\Common Files\Oracle\Java\javapath;C:\Program Files\Microsoft\jdk-11.0.16.101-hotspot\bin;C:\Program Files (x86)\NVIDIA Corporation\PhysX\Common;C:\Windows\system32;C:\Windows;C:\Windows\System32\Wbem;C:\Windows\System32\WindowsPowerShell\v1.0\;C:\Windows\System32\OpenSSH\;C:\Program Files\Microsoft SQL Server\Client SDK\ODBC\170\Tools\Binn\;C:\Program Files (x86)\Microsoft SQL Server\150\Tools\Binn\;C:\Program Files\Microsoft SQL Server\150\Tools\Binn\;C:\Program Files\Microsoft SQL Server\150\DTS\Binn\;C:\Program Files (x86)\Microsoft SQL Server\150\DTS\Binn\;C:\WINDOWS\system32;C:\WINDOWS;C:\WINDOWS\System32\Wbem;C:\WINDOWS\System32\WindowsPowerShell\v1.0\;C:\WINDOWS\System32\OpenSSH\;C:\Program Files\dotnet\;C:\Program Files (x86)\dotnet\;C:\Program Files\PuTTY\;C:\WINDOWS\system32;C:\WINDOWS;C:\WINDOWS\System32\Wbem;C:\WINDOWS\System32\WindowsPowerShell\v1.0\;C:\WINDOWS\System32\OpenSSH\;C:\Program Files\Microsoft SQL Server\Client SDK\ODBC\130\Tools\Binn\;C:\Galaktika\ATL6\Libs\;C:\Galaktika\ATL6\Libs\x64;C:\Program Files (x86)\Microsoft SQL Server\160\DTS\Binn\;C:\Program Files\Git\cmd;C:\Program Files\GitExtensions\;C:\Users\─ьшЄЁшщ\AppData\Local\Programs\Python\Python311\Scripts\;C:\Users\─ьшЄЁшщ\AppData\Local\Programs\Python\Python311\;C:\Users\─ьшЄЁшщ\AppData\Local\Microsoft\WindowsApps;C:\Program Files\Azure Data Studio\bin;C:\Users\─ьшЄЁшщ\.dotnet\tools;C:\SRCFlutter\flutter\bin;;C:\Users\─ьшЄЁшщ\AppData\Local\Programs\Microsoft VS Code\bin;C:\Users\─ьшЄЁшщ\AppData\Local\JetBrains\PyCharm Community Edition 2022.3.2\bin;
 PATHEXT=.COM;.EXE;.BAT;.CMD;.VBS;.VBE;.JS;.JSE;.WSF;.WSH;.MSC
 PROCESSOR_ARCHITECTURE=AMD64
 PROCESSOR_IDENTIFIER=AMD64 Family 25 Model 80 Stepping 0, AuthenticAMD
 PROCESSOR_LEVEL=25
 PROCESSOR_REVISION=5000
 ProgramData=C:\ProgramData
 ProgramFiles=C:\Program Files
 ProgramFiles(x86)=C:\Program Files (x86)
 ProgramW6432=C:\Program Files
 PROMPT=$P$G
 PSModulePath=C:\Program Files\WindowsPowerShell\Modules;C:\WINDOWS\system32\WindowsPowerShell\v1.0\Modules;C:\Program Files (x86)\Microsoft SQL Server\150\Tools\PowerShell\Modules\
 PUBLIC=C:\Users\Public
 PyCharm Community Edition=C:\Users\─ьшЄЁшщ\AppData\Local\JetBrains\PyCharm Community Edition 2022.3.2\bin;
 SESSIONNAME=Console
 SystemDrive=C:
 SystemRoot=C:\WINDOWS
 TEMP=C:\Users\AACE~1\AppData\Local\Temp
 TMP=C:\Users\AACE~1\AppData\Local\Temp
 USERDOMAIN=LAPUS-VICTUS
 USERDOMAIN_ROAMINGPROFILE=LAPUS-VICTUS
 USERNAME=─ьшЄЁшщ
 USERPROFILE=C:\Users\─ьшЄЁшщ
 windir=C:\WINDOWS
 __PSLockDownPolicy=0
Список загруженных модулей
 vip64x.exe           0000000100000000 00000000005A0000 65535/65535 19/сен/2025 10:45:13 C:\Galaktika\AVAZ\chumachenko\6.0.09.0\exe\vip64x.exe *6.0.9.0
 ntdll.dll            00007FFE66C20000 0000000000269000 65535/65535 30/авг/2025 07:55:58 C:\WINDOWS\SYSTEM32\ntdll.dll *10.0.26100.5074
 KERNEL32.DLL         00007FFE659E0000 00000000000C9000 65535/65535 30/авг/2025 07:55:55 C:\WINDOWS\System32\KERNEL32.DLL *10.0.26100.5074
 KERNELBASE.dll       00007FFE64230000 00000000003F3000 65535/65535 30/авг/2025 07:55:55 C:\WINDOWS\System32\KERNELBASE.dll *10.0.26100.5074
 ole32.dll            00007FFE65AB0000 0000000000198000     1/1     30/авг/2025 07:55:50 C:\WINDOWS\System32\ole32.dll *10.0.26100.5074
 msvcp_win.dll        00007FFE64810000 00000000000A3000     3/3     30/авг/2025 07:56:06 C:\WINDOWS\System32\msvcp_win.dll *10.0.26100.5074
 atlantis64x.rtl      0000000102400000 0000000000184000    14/14    19/сен/2025 10:45:13 C:\Galaktika\AVAZ\chumachenko\6.0.09.0\exe\atlantis64x.rtl *6.0.9.0
 ucrtbase.dll         00007FFE64630000 000000000014B000     9/9     30/авг/2025 07:56:06 C:\WINDOWS\System32\ucrtbase.dll *10.0.26100.5074
 ADVAPI32.dll         00007FFE66630000 00000000000B4000     3/3     30/авг/2025 07:55:47 C:\WINDOWS\System32\ADVAPI32.dll *10.0.26100.5074
 msvcrt.dll           00007FFE64C80000 00000000000A9000     5/5     30/авг/2025 07:55:57 C:\WINDOWS\System32\msvcrt.dll *7.0.26100.5074/10.0.26100.5074
 GDI32.dll            00007FFE658B0000 000000000002B000     7/7     30/авг/2025 07:55:53 C:\WINDOWS\System32\GDI32.dll *10.0.26100.5074
 sechost.dll          00007FFE65D70000 00000000000A6000     1/1     30/авг/2025 07:56:00 C:\WINDOWS\System32\sechost.dll *10.0.26100.5074
 win32u.dll           00007FFE64090000 0000000000027000     1/1     30/авг/2025 07:56:08 C:\WINDOWS\System32\win32u.dll *10.0.26100.5074
 gdi32full.dll        00007FFE648C0000 000000000012D000     7/7     30/авг/2025 07:55:53 C:\WINDOWS\System32\gdi32full.dll *10.0.26100.5074
 RPCRT4.dll           00007FFE65C50000 0000000000118000     6/6     30/авг/2025 07:55:59 C:\WINDOWS\System32\RPCRT4.dll *10.0.26100.5074
 USER32.dll           00007FFE65F90000 00000000001C4000     7/7     30/авг/2025 07:56:06 C:\WINDOWS\System32\USER32.dll *10.0.26100.5074
 OLEAUT32.dll         00007FFE657D0000 00000000000D7000     3/3     30/авг/2025 07:55:58 C:\WINDOWS\System32\OLEAUT32.dll *10.0.26100.5074
 combase.dll          00007FFE66160000 000000000037B000     4/4     30/авг/2025 07:55:50 C:\WINDOWS\System32\combase.dll *10.0.26100.5074
 base64x.dll          0000000110000000 000000000009A000     4/4     19/сен/2025 10:45:13 C:\Galaktika\AVAZ\chumachenko\6.0.09.0\exe\base64x.dll *6.0.9.0
 _cfg64x.dll          0000000062580000 000000000003A000     1/1     19/сен/2025 10:45:13 C:\Galaktika\AVAZ\chumachenko\6.0.09.0\exe\_cfg64x.dll *6.0.9.0
 winspool.drv         00007FFE4B330000 00000000000B2000     1/1     30/авг/2025 07:55:59 C:\WINDOWS\SYSTEM32\winspool.drv *10.0.26100.5074
 libxml264x.dll       0000000065100000 0000000000442000     2/2     19/сен/2025 10:45:13 C:\Galaktika\AVAZ\chumachenko\6.0.09.0\exe\libxml264x.dll *2.9.7.0
 WS2_32.dll           00007FFE65750000 0000000000074000     2/2     30/авг/2025 07:56:08 C:\WINDOWS\System32\WS2_32.dll *10.0.26100.5074
 shcore.dll           00007FFE658E0000 00000000000F0000     1/1     30/авг/2025 07:56:02 C:\WINDOWS\System32\shcore.dll *10.0.26100.5074
 cfgmgr32.dll         00007FFE63A60000 0000000000057000     1/1     29/авг/2025 18:53:21 C:\WINDOWS\SYSTEM32\cfgmgr32.dll *10.0.26100.4202
 WSOCK32.dll          00007FFE35230000 000000000000A000     2/2     01/апр/2024 10:22:14 C:\WINDOWS\SYSTEM32\WSOCK32.dll *10.0.26100.1
 streams_64x.dll      0000000000DF0000 000000000015D000    12/12    19/сен/2025 10:45:13 C:\Galaktika\AVAZ\chumachenko\6.0.09.0\exe\streams_64x.dll *6.0.9.0
 atllib_64x.dll       0000000000F50000 0000000000047000    13/13    19/сен/2025 10:45:13 C:\Galaktika\AVAZ\chumachenko\6.0.09.0\exe\atllib_64x.dll *6.0.9.0
 ecc_64x.dll          0000000000FA0000 000000000003D000     4/4     19/сен/2025 10:45:13 C:\Galaktika\AVAZ\chumachenko\6.0.09.0\exe\ecc_64x.dll *6.0.9.0
 forms_64x.dll        0000000000FE0000 00000000000D1000     2/2     30/сен/2025 20:24:00 C:\Galaktika\AVAZ\chumachenko\6.0.09.0\exe\forms_64x.dll *6.0.9.0
 editor_64x.dll       0000000001110000 0000000000033000     1/1     19/сен/2025 10:45:13 C:\Galaktika\AVAZ\chumachenko\6.0.09.0\exe\editor_64x.dll *6.0.9.0
 lotdll_64x.dll       00000000010C0000 0000000000048000     1/1     19/сен/2025 10:45:13 C:\Galaktika\AVAZ\chumachenko\6.0.09.0\exe\lotdll_64x.dll *6.0.9.0
 atvipobj64x.dll      00000000001D0000 0000000000021000     1/1     19/сен/2025 10:45:13 C:\Galaktika\AVAZ\chumachenko\6.0.09.0\exe\atvipobj64x.dll *6.0.9.0
 protect_64x.dll      0000000001150000 0000000000017000     4/4     29/сен/2025 16:58:29 C:\Galaktika\AVAZ\chumachenko\6.0.09.0\exe\protect_64x.dll *6.0.9.0
 ifcobjs_64x.dll      0000000001170000 0000000000014000     1/1     19/сен/2025 10:45:13 C:\Galaktika\AVAZ\chumachenko\6.0.09.0\exe\ifcobjs_64x.dll *6.0.9.0
 jitvip64x.dll        0000000001190000 0000000000027000     1/1     19/сен/2025 10:45:13 C:\Galaktika\AVAZ\chumachenko\6.0.09.0\exe\jitvip64x.dll *6.0.9.0
 atlpop64x.dll        00000000011C0000 000000000008B000     1/1     19/сен/2025 10:45:13 C:\Galaktika\AVAZ\chumachenko\6.0.09.0\exe\atlpop64x.dll *6.0.9.0
 nation_64x.dll       00000000006E0000 000000000000B000     1/1     19/сен/2025 10:45:13 C:\Galaktika\AVAZ\chumachenko\6.0.09.0\exe\nation_64x.dll *6.0.9.0
 IMM32.DLL            00007FFE64E30000 000000000002F000     1/1     29/авг/2025 18:53:19 C:\WINDOWS\System32\IMM32.DLL *10.0.26100.4484
 SspiCli.dll          00007FFE62F10000 0000000000049000     4/4     29/авг/2025 18:53:33 C:\WINDOWS\SYSTEM32\SspiCli.dll *10.0.26100.4484
 libeay32.dll         00007FFDF1C70000 0000000000207000     2/2     23/сен/2025 16:27:09 C:\Galaktika\AVAZ\chumachenko\6.0.09.0\exe\SSL64\libeay32.dll *1.0.2.14
 VCRUNTIME140.dll     00007FFE35240000 000000000001E000 65535/65535 03/июн/2025 06:00:00 C:\WINDOWS\SYSTEM32\VCRUNTIME140.dll *14.42.34438.0
 ssleay32.dll         00007FFE5B920000 000000000005B000     1/1     23/сен/2025 16:27:09 C:\Galaktika\AVAZ\chumachenko\6.0.09.0\exe\SSL64\ssleay32.dll *1.0.2.14
 CRYPTSP.dll          00007FFE635A0000 000000000001B000     1/1     30/авг/2025 07:55:50 C:\WINDOWS\SYSTEM32\CRYPTSP.dll *10.0.26100.5074
 rsaenh.dll           00007FFE62BD0000 000000000003B000     2/2     30/авг/2025 07:55:59 C:\WINDOWS\system32\rsaenh.dll *10.0.26100.5074
 CRYPTBASE.dll        00007FFE63400000 000000000000C000     2/2     30/авг/2025 07:55:50 C:\WINDOWS\SYSTEM32\CRYPTBASE.dll *10.0.26100.5074
 bcryptPrimitives.dll 00007FFE63FF0000 0000000000099000 65535/65535 30/авг/2025 07:55:49 C:\WINDOWS\System32\bcryptPrimitives.dll *10.0.26100.5074
 asmuser64x.dll       0000000003730000 0000000000023000     1/1     19/сен/2025 10:45:13 C:\Galaktika\AVAZ\chumachenko\6.0.09.0\exe\asmuser64x.dll *6.0.9.0
 mpr.dll              00007FFE5B220000 0000000000021000     1/1     29/авг/2025 18:53:19 C:\WINDOWS\SYSTEM32\mpr.dll *10.0.26100.1882
 vision_w64x.dll      000000006A880000 0000000000332000     1/1     19/сен/2025 10:45:13 C:\Galaktika\AVAZ\chumachenko\6.0.09.0\exe\vision_w64x.dll *6.0.9.0
 SHELL32.dll          00007FFE65000000 000000000074D000     3/3     30/авг/2025 07:56:03 C:\WINDOWS\System32\SHELL32.dll *10.0.26100.5074
 gdesk64x.dll         000000006DB40000 0000000000042000     1/1     19/сен/2025 10:45:13 C:\Galaktika\AVAZ\chumachenko\6.0.09.0\exe\gdesk64x.dll *6.0.9.0
 wintypes.dll         00007FFE640C0000 000000000016C000     1/1     30/авг/2025 07:55:50 C:\WINDOWS\System32\wintypes.dll *10.0.26100.5074
 uxtheme.dll          00007FFE60FC0000 00000000000A8000     3/3     30/авг/2025 07:56:07 C:\WINDOWS\SYSTEM32\uxtheme.dll *10.0.26100.5074
 dwmapi.dll           00007FFE612B0000 000000000002B000     1/1     30/авг/2025 07:55:51 C:\WINDOWS\SYSTEM32\dwmapi.dll *10.0.26100.5074
 MSCTF.dll            00007FFE65E30000 0000000000158000     1/1     30/авг/2025 07:56:05 C:\WINDOWS\System32\MSCTF.dll *10.0.26100.5074
 zprint_w64x.dll      000000006C700000 0000000000048000     2/2     19/сен/2025 10:45:13 C:\Galaktika\AVAZ\chumachenko\6.0.09.0\exe\zprint_w64x.dll *6.0.9.0
 pg90drv64x.dll       0000000053FA0000 0000000000224000     1/1     02/окт/2025 14:51:31 C:\Galaktika\AVAZ\chumachenko\6.0.09.0\exe\pg90drv64x.dll *6.0.9.0
 ODBC32.dll           00007FFE56CD0000 00000000000C4000     2/2     30/авг/2025 07:55:57 C:\WINDOWS\SYSTEM32\ODBC32.dll *10.0.26100.5074
 CRYPT32.dll          00007FFE63E70000 0000000000177000 65535/65535 30/авг/2025 07:55:50 C:\WINDOWS\System32\CRYPT32.dll *10.0.26100.5074
 DPAPI.DLL            00007FFE63AE0000 000000000000A000     1/1     01/апр/2024 10:22:15 C:\WINDOWS\SYSTEM32\DPAPI.DLL *10.0.26100.1
 bcrypt.dll           00007FFE63CA0000 0000000000026000 65535/65535 30/авг/2025 07:55:49 C:\WINDOWS\SYSTEM32\bcrypt.dll *10.0.26100.5074
 podbc35w.dll         00007FFDF5F00000 00000000000ED000     1/1     11/июн/2025 16:40:38 C:\WINDOWS\system32\podbc35w.dll *17.0.0.6
 MSVCP140.dll         00007FFE31070000 000000000008D000     1/1     03/июн/2025 06:00:00 C:\WINDOWS\system32\MSVCP140.dll *14.42.34438.0
 VCRUNTIME140_1.dll   00007FFE3AC30000 000000000000C000     2/2     27/апр/2024 23:20:22 C:\WINDOWS\system32\VCRUNTIME140_1.dll *14.40.33810.0
 WINMM.dll            00007FFE5A390000 0000000000035000     1/1     30/авг/2025 07:55:48 C:\WINDOWS\system32\WINMM.dll *10.0.26100.5074
 libpq.dll            00007FFDFCCB0000 000000000005A000     1/1     10/июн/2025 12:34:12 C:\WINDOWS\system32\libpq.dll *17.0.5.0
 WLDAP32.dll          00007FFE64F30000 0000000000075000     1/1     30/авг/2025 07:55:55 C:\WINDOWS\System32\WLDAP32.dll *10.0.26100.5074
 Secur32.dll          00007FFE60EB0000 000000000000D000     1/1     01/апр/2024 10:22:11 C:\WINDOWS\system32\Secur32.dll *10.0.26100.1
 libcrypto-3-x64.dll  00007FFDD4850000 0000000000625000 65535/65535 11/фев/2025 16:05:16 C:\WINDOWS\system32\libcrypto-3-x64.dll *3.3.3.0
 libssl-3-x64.dll     00007FFDD4710000 0000000000136000     1/1     11/фев/2025 16:05:16 C:\WINDOWS\system32\libssl-3-x64.dll *3.3.3.0
 odbccp32.dll         00007FFE46580000 0000000000025000     1/1     30/авг/2025 07:55:56 C:\WINDOWS\SYSTEM32\odbccp32.dll *10.0.26100.5074
 VERSION.dll          00007FFE5C880000 000000000000B000     1/1     29/авг/2025 18:53:19 C:\WINDOWS\SYSTEM32\VERSION.dll *10.0.26100.1150
 mswsock.dll          00007FFE631D0000 000000000006B000     6/6     30/авг/2025 07:56:08 C:\WINDOWS\system32\mswsock.dll *10.0.26100.5074
 DNSAPI.dll           00007FFE62670000 0000000000126000 65535/65535 30/авг/2025 07:55:52 C:\WINDOWS\SYSTEM32\DNSAPI.dll *10.0.26100.5074
 IPHLPAPI.DLL         00007FFE625E0000 0000000000034000 65535/65535 30/авг/2025 07:56:05 C:\WINDOWS\SYSTEM32\IPHLPAPI.DLL *10.0.26100.5074
 NSI.dll              00007FFE65E20000 000000000000A000 65535/65535 30/авг/2025 07:56:07 C:\WINDOWS\System32\NSI.dll *10.0.26100.5074
 rasadhlp.dll         00007FFE5B9E0000 000000000000B000     1/1     29/авг/2025 18:53:34 C:\Windows\System32\rasadhlp.dll *10.0.26100.1150
 fwpuclnt.dll         00007FFE5AC80000 0000000000086000     1/1     30/авг/2025 07:55:57 C:\WINDOWS\System32\fwpuclnt.dll *10.0.26100.5074
 dhcpcsvc.DLL         00007FFE5C000000 0000000000023000     1/1     30/авг/2025 07:55:51 C:\WINDOWS\SYSTEM32\dhcpcsvc.DLL *10.0.26100.5074
 atlsock64x.dll       000000006DC80000 000000000002C000     2/2     19/сен/2025 10:45:13 C:\Galaktika\AVAZ\chumachenko\6.0.09.0\exe\atlsock64x.dll *6.0.9.0
 NETAPI32.DLL         00007FFE57F90000 000000000001A000     1/1     29/авг/2025 18:53:17 C:\WINDOWS\SYSTEM32\NETAPI32.DLL *10.0.26100.1150
 SRVCLI.DLL           00007FFE5B1D0000 0000000000029000     1/1     29/авг/2025 18:53:22 C:\WINDOWS\SYSTEM32\SRVCLI.DLL *10.0.26100.1150
 NETUTILS.DLL         00007FFE625A0000 000000000000D000     1/1     29/авг/2025 18:53:22 C:\WINDOWS\SYSTEM32\NETUTILS.DLL *10.0.26100.1882
 SAMCLI.DLL           00007FFE62580000 000000000001B000     1/1     29/авг/2025 18:53:22 C:\WINDOWS\SYSTEM32\SAMCLI.DLL *10.0.26100.4768
 napinsp.dll          00007FFDFB8B0000 0000000000018000     1/1     29/авг/2025 18:53:18 C:\WINDOWS\system32\napinsp.dll *10.0.26100.1150
 winrnr.dll           00007FFDFB240000 0000000000012000     1/1     29/авг/2025 18:53:21 C:\WINDOWS\System32\winrnr.dll *10.0.26100.1882
 nlansp_c.dll         00007FFDFEB60000 0000000000028000     1/1     30/авг/2025 07:55:58 C:\WINDOWS\system32\nlansp_c.dll *10.0.26100.5074
 wshbth.dll           00007FFE5BFC0000 0000000000016000     1/1     30/авг/2025 07:55:47 C:\WINDOWS\system32\wshbth.dll *10.0.26100.5074
 mt_drv64x.dll        0000000012B70000 0000000000111000     1/1     19/сен/2025 10:45:13 C:\Galaktika\AVAZ\chumachenko\6.0.09.0\exe\mt_drv64x.dll *6.0.9.0

▓▓▓▓▓▓▓▓▓▓▓▓▓▓▓▓▓▓▓▓▓▓▓▓▓▓▓▓▓▓▓▓▓▓▓▓▓▓▓▓▓▓▓▓▓▓▓▓▓▓▓▓▓▓▓▓▓▓▓▓▓▓▓▓▓▓▓▓▓▓▓▓▓▓▓▓▓▓▓



▓▓▓▓▓▓▓▓▓▓▓▓▓▓▓▓▓▓▓▓▓▓▓▓▓▓▓▓▓▓▓▓▓▓▓▓▓▓▓▓▓▓▓▓▓▓▓▓▓▓▓▓▓▓▓▓▓▓▓▓▓▓▓▓▓▓▓▓▓▓▓▓▓▓▓▓▓▓▓
▓▓▓▓▓ Запишите следующую информацию об ошибке и отошлите ее разработчикам ▓▓▓▓▓
▓ вместе с описанием ситуации, названием, версией и датой EXE-файла программы ▓
▓▓▓▓▓▓▓▓▓▓▓▓▓▓▓▓▓▓▓▓▓▓▓▓▓▓▓▓▓▓▓▓▓▓▓▓▓▓▓▓▓▓▓▓▓▓▓▓▓▓▓▓▓▓▓▓▓▓▓▓▓▓▓▓▓▓▓▓▓▓▓▓▓▓▓▓▓▓▓


▓ Программа: "vip64x.exe"  Время запуска: 09:55:14 08/11/2025
▓ Исполняемый модуль: "C:\Galaktika\AVAZ\chumachenko\6.0.09.0\exe\vip64x.exe"
▓ Система: Windows NT  Логин: "Дмитрий"  Станция: "LAPUS-VICTUS"

Необработанная исключительная ситуация
Код исключения: C0000005 (Общее нарушение защиты доступа к памяти)
Параметры исключения (2): 0000000000000000 000000000000000A
Адрес исключения: 000000005401F966 pg90drv64x.dll.1:0007E966
Содержимое регистров процессора
 RAX = 0000000000000000
 RBX = 000000000000000F
 RCX = 0000000000000002
 RDX = 0000000000000001
 RSI = 00000000030C0904
 RDI = 0000000000A8F830
 RBP = 0000000054136060 pg90drv64x.dll.2:00003060
 RSP = 0000000000A8F810
 RIP = 000000005401F966 pg90drv64x.dll.1:0007E966
 R8  = 7FFFFFFFFFFFFFFC
 R9  = 0000000014673AC8
 R10 = 0000000000110180
 R11 = 000000000FD751F0
 R12 = 0000000002A44C9C
 R13 = 0000000053FA0000
 R14 = 0000000002A62E38
 R15 = 0000000053FA0000
Содержимое стека
 0000000000A8F830: 0000000054171160 pg90drv64x.dll.3:0003A160
 0000000000A8F868: 000000005401F76D pg90drv64x.dll.1:0007E76D
 0000000000A8F898: 0000000053FFAC43 pg90drv64x.dll.1:00059C43
 0000000000A8F8D8: 0000000053FDDCD8 pg90drv64x.dll.1:0003CCD8
 0000000000A8F8F8: 0000000053FDDCA0 pg90drv64x.dll.1:0003CCA0
 0000000000A8F900: 0000000053FDDCA0 pg90drv64x.dll.1:0003CCA0
 0000000000A8F908: 00000001024D1312 atlantis64x.rtl.1:000D0312
 0000000000A8F928: 0000000053FDDCA0 pg90drv64x.dll.1:0003CCA0
 0000000000A8F970: 0000000053FDDCA0 pg90drv64x.dll.1:0003CCA0
 0000000000A8F9D8: 0000000053FDDCA0 pg90drv64x.dll.1:0003CCA0
Текущее время
 08-11-2025 10:40:33.7647544
Параметры программы
 "C:\Galaktika\AVAZ\chumachenko\6.0.09.0\exe\vip64x.exe  chumachenko.prj /r:chumachenko.res /c:vip.cfg /u:SUPERVISOR /#user:SUPERVISOR /def:Atl60"
Переменные окружения
 =::=::\
 =C:=C:\Galaktika\_git\Izhevsk\chumachenko
 ALLUSERSPROFILE=C:\ProgramData
 APPDATA=C:\Users\─ьшЄЁшщ\AppData\Roaming
 CommonProgramFiles=C:\Program Files\Common Files
 CommonProgramFiles(x86)=C:\Program Files (x86)\Common Files
 CommonProgramW6432=C:\Program Files\Common Files
 COMPUTERNAME=LAPUS-VICTUS
 ComSpec=C:\WINDOWS\system32\cmd.exe
 DD=20251108
 DriverData=C:\Windows\System32\Drivers\DriverData
 EFC_8588_1592913036=1
 exedir=C:\Galaktika\AVAZ\chumachenko\6.0.09.0\exe
 HOMEDRIVE=C:
 HOMEPATH=\Users\─ьшЄЁшщ
 LOCALAPPDATA=C:\Users\─ьшЄЁшщ\AppData\Local
 LOGONSERVER=\\LAPUS-VICTUS
 NUMBER_OF_PROCESSORS=16
 OneDrive=C:\Users\─ьшЄЁшщ\OneDrive
 OPENSSL_CONF=C:\Program Files\PostgreSQL\psqlODBC\etc\openssl.cnf
 OS=Windows_NT
 Path=C:\Program Files (x86)\Common Files\Oracle\Java\javapath;C:\Program Files\Microsoft\jdk-11.0.16.101-hotspot\bin;C:\Program Files (x86)\NVIDIA Corporation\PhysX\Common;C:\Windows\system32;C:\Windows;C:\Windows\System32\Wbem;C:\Windows\System32\WindowsPowerShell\v1.0\;C:\Windows\System32\OpenSSH\;C:\Program Files\Microsoft SQL Server\Client SDK\ODBC\170\Tools\Binn\;C:\Program Files (x86)\Microsoft SQL Server\150\Tools\Binn\;C:\Program Files\Microsoft SQL Server\150\Tools\Binn\;C:\Program Files\Microsoft SQL Server\150\DTS\Binn\;C:\Program Files (x86)\Microsoft SQL Server\150\DTS\Binn\;C:\WINDOWS\system32;C:\WINDOWS;C:\WINDOWS\System32\Wbem;C:\WINDOWS\System32\WindowsPowerShell\v1.0\;C:\WINDOWS\System32\OpenSSH\;C:\Program Files\dotnet\;C:\Program Files (x86)\dotnet\;C:\Program Files\PuTTY\;C:\WINDOWS\system32;C:\WINDOWS;C:\WINDOWS\System32\Wbem;C:\WINDOWS\System32\WindowsPowerShell\v1.0\;C:\WINDOWS\System32\OpenSSH\;C:\Program Files\Microsoft SQL Server\Client SDK\ODBC\130\Tools\Binn\;C:\Galaktika\ATL6\Libs\;C:\Galaktika\ATL6\Libs\x64;C:\Program Files (x86)\Microsoft SQL Server\160\DTS\Binn\;C:\Program Files\Git\cmd;C:\Program Files\GitExtensions\;C:\Users\─ьшЄЁшщ\AppData\Local\Programs\Python\Python311\Scripts\;C:\Users\─ьшЄЁшщ\AppData\Local\Programs\Python\Python311\;C:\Users\─ьшЄЁшщ\AppData\Local\Microsoft\WindowsApps;C:\Program Files\Azure Data Studio\bin;C:\Users\─ьшЄЁшщ\.dotnet\tools;C:\SRCFlutter\flutter\bin;;C:\Users\─ьшЄЁшщ\AppData\Local\Programs\Microsoft VS Code\bin;C:\Users\─ьшЄЁшщ\AppData\Local\JetBrains\PyCharm Community Edition 2022.3.2\bin;
 PATHEXT=.COM;.EXE;.BAT;.CMD;.VBS;.VBE;.JS;.JSE;.WSF;.WSH;.MSC
 PROCESSOR_ARCHITECTURE=AMD64
 PROCESSOR_IDENTIFIER=AMD64 Family 25 Model 80 Stepping 0, AuthenticAMD
 PROCESSOR_LEVEL=25
 PROCESSOR_REVISION=5000
 ProgramData=C:\ProgramData
 ProgramFiles=C:\Program Files
 ProgramFiles(x86)=C:\Program Files (x86)
 ProgramW6432=C:\Program Files
 PROMPT=$P$G
 PSModulePath=C:\Program Files\WindowsPowerShell\Modules;C:\WINDOWS\system32\WindowsPowerShell\v1.0\Modules;C:\Program Files (x86)\Microsoft SQL Server\150\Tools\PowerShell\Modules\
 PUBLIC=C:\Users\Public
 PyCharm Community Edition=C:\Users\─ьшЄЁшщ\AppData\Local\JetBrains\PyCharm Community Edition 2022.3.2\bin;
 SESSIONNAME=Console
 SystemDrive=C:
 SystemRoot=C:\WINDOWS
 TEMP=C:\Users\AACE~1\AppData\Local\Temp
 TMP=C:\Users\AACE~1\AppData\Local\Temp
 USERDOMAIN=LAPUS-VICTUS
 USERDOMAIN_ROAMINGPROFILE=LAPUS-VICTUS
 USERNAME=─ьшЄЁшщ
 USERPROFILE=C:\Users\─ьшЄЁшщ
 windir=C:\WINDOWS
 __PSLockDownPolicy=0
Список загруженных модулей
 vip64x.exe           0000000100000000 00000000005A0000 65535/65535 19/сен/2025 10:45:13 C:\Galaktika\AVAZ\chumachenko\6.0.09.0\exe\vip64x.exe *6.0.9.0
 ntdll.dll            00007FFE66C20000 0000000000269000 65535/65535 30/авг/2025 07:55:58 C:\WINDOWS\SYSTEM32\ntdll.dll *10.0.26100.5074
 KERNEL32.DLL         00007FFE659E0000 00000000000C9000 65535/65535 30/авг/2025 07:55:55 C:\WINDOWS\System32\KERNEL32.DLL *10.0.26100.5074
 KERNELBASE.dll       00007FFE64230000 00000000003F3000 65535/65535 30/авг/2025 07:55:55 C:\WINDOWS\System32\KERNELBASE.dll *10.0.26100.5074
 ole32.dll            00007FFE65AB0000 0000000000198000     1/1     30/авг/2025 07:55:50 C:\WINDOWS\System32\ole32.dll *10.0.26100.5074
 msvcp_win.dll        00007FFE64810000 00000000000A3000     3/3     30/авг/2025 07:56:06 C:\WINDOWS\System32\msvcp_win.dll *10.0.26100.5074
 atlantis64x.rtl      0000000102400000 0000000000184000    14/14    19/сен/2025 10:45:13 C:\Galaktika\AVAZ\chumachenko\6.0.09.0\exe\atlantis64x.rtl *6.0.9.0
 ucrtbase.dll         00007FFE64630000 000000000014B000     9/9     30/авг/2025 07:56:06 C:\WINDOWS\System32\ucrtbase.dll *10.0.26100.5074
 ADVAPI32.dll         00007FFE66630000 00000000000B4000     3/3     30/авг/2025 07:55:47 C:\WINDOWS\System32\ADVAPI32.dll *10.0.26100.5074
 msvcrt.dll           00007FFE64C80000 00000000000A9000     5/5     30/авг/2025 07:55:57 C:\WINDOWS\System32\msvcrt.dll *7.0.26100.5074/10.0.26100.5074
 GDI32.dll            00007FFE658B0000 000000000002B000     7/7     30/авг/2025 07:55:53 C:\WINDOWS\System32\GDI32.dll *10.0.26100.5074
 sechost.dll          00007FFE65D70000 00000000000A6000     1/1     30/авг/2025 07:56:00 C:\WINDOWS\System32\sechost.dll *10.0.26100.5074
 win32u.dll           00007FFE64090000 0000000000027000     1/1     30/авг/2025 07:56:08 C:\WINDOWS\System32\win32u.dll *10.0.26100.5074
 gdi32full.dll        00007FFE648C0000 000000000012D000     7/7     30/авг/2025 07:55:53 C:\WINDOWS\System32\gdi32full.dll *10.0.26100.5074
 RPCRT4.dll           00007FFE65C50000 0000000000118000     6/6     30/авг/2025 07:55:59 C:\WINDOWS\System32\RPCRT4.dll *10.0.26100.5074
 USER32.dll           00007FFE65F90000 00000000001C4000     7/7     30/авг/2025 07:56:06 C:\WINDOWS\System32\USER32.dll *10.0.26100.5074
 OLEAUT32.dll         00007FFE657D0000 00000000000D7000     3/3     30/авг/2025 07:55:58 C:\WINDOWS\System32\OLEAUT32.dll *10.0.26100.5074
 combase.dll          00007FFE66160000 000000000037B000     4/4     30/авг/2025 07:55:50 C:\WINDOWS\System32\combase.dll *10.0.26100.5074
 streams_64x.dll      0000000110000000 000000000015D000    12/12    19/сен/2025 10:45:13 C:\Galaktika\AVAZ\chumachenko\6.0.09.0\exe\streams_64x.dll *6.0.9.0
 _cfg64x.dll          0000000062580000 000000000003A000     1/1     19/сен/2025 10:45:13 C:\Galaktika\AVAZ\chumachenko\6.0.09.0\exe\_cfg64x.dll *6.0.9.0
 libxml264x.dll       0000000065100000 0000000000442000     2/2     19/сен/2025 10:45:13 C:\Galaktika\AVAZ\chumachenko\6.0.09.0\exe\libxml264x.dll *2.9.7.0
 winspool.drv         00007FFE4B330000 00000000000B2000     1/1     30/авг/2025 07:55:59 C:\WINDOWS\SYSTEM32\winspool.drv *10.0.26100.5074
 WS2_32.dll           00007FFE65750000 0000000000074000     2/2     30/авг/2025 07:56:08 C:\WINDOWS\System32\WS2_32.dll *10.0.26100.5074
 shcore.dll           00007FFE658E0000 00000000000F0000     1/1     30/авг/2025 07:56:02 C:\WINDOWS\System32\shcore.dll *10.0.26100.5074
 cfgmgr32.dll         00007FFE63A60000 0000000000057000     1/1     29/авг/2025 18:53:21 C:\WINDOWS\SYSTEM32\cfgmgr32.dll *10.0.26100.4202
 WSOCK32.dll          00007FFE35230000 000000000000A000     2/2     01/апр/2024 10:22:14 C:\WINDOWS\SYSTEM32\WSOCK32.dll *10.0.26100.1
 base64x.dll          00000000006E0000 000000000009A000     4/4     19/сен/2025 10:45:13 C:\Galaktika\AVAZ\chumachenko\6.0.09.0\exe\base64x.dll *6.0.9.0
 atllib_64x.dll       0000000000E90000 0000000000047000    13/13    19/сен/2025 10:45:13 C:\Galaktika\AVAZ\chumachenko\6.0.09.0\exe\atllib_64x.dll *6.0.9.0
 ecc_64x.dll          0000000000EE0000 000000000003D000     4/4     19/сен/2025 10:45:13 C:\Galaktika\AVAZ\chumachenko\6.0.09.0\exe\ecc_64x.dll *6.0.9.0
 forms_64x.dll        0000000000F20000 00000000000D1000     2/2     30/сен/2025 20:24:00 C:\Galaktika\AVAZ\chumachenko\6.0.09.0\exe\forms_64x.dll *6.0.9.0
 editor_64x.dll       0000000001000000 0000000000033000     1/1     19/сен/2025 10:45:13 C:\Galaktika\AVAZ\chumachenko\6.0.09.0\exe\editor_64x.dll *6.0.9.0
 lotdll_64x.dll       0000000001040000 0000000000048000     1/1     19/сен/2025 10:45:13 C:\Galaktika\AVAZ\chumachenko\6.0.09.0\exe\lotdll_64x.dll *6.0.9.0
 protect_64x.dll      00000000001D0000 0000000000017000     4/4     29/сен/2025 16:58:29 C:\Galaktika\AVAZ\chumachenko\6.0.09.0\exe\protect_64x.dll *6.0.9.0
 atvipobj64x.dll      0000000001090000 0000000000021000     1/1     19/сен/2025 10:45:13 C:\Galaktika\AVAZ\chumachenko\6.0.09.0\exe\atvipobj64x.dll *6.0.9.0
 jitvip64x.dll        00000000010C0000 0000000000027000     1/1     19/сен/2025 10:45:13 C:\Galaktika\AVAZ\chumachenko\6.0.09.0\exe\jitvip64x.dll *6.0.9.0
 ifcobjs_64x.dll      00000000010F0000 0000000000014000     1/1     19/сен/2025 10:45:13 C:\Galaktika\AVAZ\chumachenko\6.0.09.0\exe\ifcobjs_64x.dll *6.0.9.0
 atlpop64x.dll        0000000001110000 000000000008B000     1/1     19/сен/2025 10:45:13 C:\Galaktika\AVAZ\chumachenko\6.0.09.0\exe\atlpop64x.dll *6.0.9.0
 nation_64x.dll       00000000001F0000 000000000000B000     1/1     19/сен/2025 10:45:13 C:\Galaktika\AVAZ\chumachenko\6.0.09.0\exe\nation_64x.dll *6.0.9.0
 IMM32.DLL            00007FFE64E30000 000000000002F000     1/1     29/авг/2025 18:53:19 C:\WINDOWS\System32\IMM32.DLL *10.0.26100.4484
 SspiCli.dll          00007FFE62F10000 0000000000049000     4/4     29/авг/2025 18:53:33 C:\WINDOWS\SYSTEM32\SspiCli.dll *10.0.26100.4484
 libeay32.dll         00007FFDF1C70000 0000000000207000     2/2     23/сен/2025 16:27:09 C:\Galaktika\AVAZ\chumachenko\6.0.09.0\exe\SSL64\libeay32.dll *1.0.2.14
 VCRUNTIME140.dll     00007FFE35240000 000000000001E000 65535/65535 03/июн/2025 06:00:00 C:\WINDOWS\SYSTEM32\VCRUNTIME140.dll *14.42.34438.0
 ssleay32.dll         00007FFE5B920000 000000000005B000     1/1     23/сен/2025 16:27:09 C:\Galaktika\AVAZ\chumachenko\6.0.09.0\exe\SSL64\ssleay32.dll *1.0.2.14
 CRYPTSP.dll          00007FFE635A0000 000000000001B000     1/1     30/авг/2025 07:55:50 C:\WINDOWS\SYSTEM32\CRYPTSP.dll *10.0.26100.5074
 rsaenh.dll           00007FFE62BD0000 000000000003B000     2/2     30/авг/2025 07:55:59 C:\WINDOWS\system32\rsaenh.dll *10.0.26100.5074
 CRYPTBASE.dll        00007FFE63400000 000000000000C000     2/2     30/авг/2025 07:55:50 C:\WINDOWS\SYSTEM32\CRYPTBASE.dll *10.0.26100.5074
 bcryptPrimitives.dll 00007FFE63FF0000 0000000000099000 65535/65535 30/авг/2025 07:55:49 C:\WINDOWS\System32\bcryptPrimitives.dll *10.0.26100.5074
 asmuser64x.dll       0000000003680000 0000000000023000     1/1     19/сен/2025 10:45:13 C:\Galaktika\AVAZ\chumachenko\6.0.09.0\exe\asmuser64x.dll *6.0.9.0
 mpr.dll              00007FFE5B220000 0000000000021000     1/1     29/авг/2025 18:53:19 C:\WINDOWS\SYSTEM32\mpr.dll *10.0.26100.1882
 vision_w64x.dll      000000006A880000 0000000000332000     1/1     19/сен/2025 10:45:13 C:\Galaktika\AVAZ\chumachenko\6.0.09.0\exe\vision_w64x.dll *6.0.9.0
 SHELL32.dll          00007FFE65000000 000000000074D000     3/3     30/авг/2025 07:56:03 C:\WINDOWS\System32\SHELL32.dll *10.0.26100.5074
 gdesk64x.dll         000000006DB40000 0000000000042000     1/1     19/сен/2025 10:45:13 C:\Galaktika\AVAZ\chumachenko\6.0.09.0\exe\gdesk64x.dll *6.0.9.0
 wintypes.dll         00007FFE640C0000 000000000016C000     1/1     30/авг/2025 07:55:50 C:\WINDOWS\System32\wintypes.dll *10.0.26100.5074
 uxtheme.dll          00007FFE60FC0000 00000000000A8000     3/3     30/авг/2025 07:56:07 C:\WINDOWS\SYSTEM32\uxtheme.dll *10.0.26100.5074
 dwmapi.dll           00007FFE612B0000 000000000002B000     1/1     30/авг/2025 07:55:51 C:\WINDOWS\SYSTEM32\dwmapi.dll *10.0.26100.5074
 MSCTF.dll            00007FFE65E30000 0000000000158000     1/1     30/авг/2025 07:56:05 C:\WINDOWS\System32\MSCTF.dll *10.0.26100.5074
 zprint_w64x.dll      000000006C700000 0000000000048000     2/2     19/сен/2025 10:45:13 C:\Galaktika\AVAZ\chumachenko\6.0.09.0\exe\zprint_w64x.dll *6.0.9.0
 pg90drv64x.dll       0000000053FA0000 0000000000224000     1/1     02/окт/2025 14:51:31 C:\Galaktika\AVAZ\chumachenko\6.0.09.0\exe\pg90drv64x.dll *6.0.9.0
 ODBC32.dll           00007FFE56CD0000 00000000000C4000     2/2     30/авг/2025 07:55:57 C:\WINDOWS\SYSTEM32\ODBC32.dll *10.0.26100.5074
 CRYPT32.dll          00007FFE63E70000 0000000000177000 65535/65535 30/авг/2025 07:55:50 C:\WINDOWS\System32\CRYPT32.dll *10.0.26100.5074
 DPAPI.DLL            00007FFE63AE0000 000000000000A000     1/1     01/апр/2024 10:22:15 C:\WINDOWS\SYSTEM32\DPAPI.DLL *10.0.26100.1
 bcrypt.dll           00007FFE63CA0000 0000000000026000 65535/65535 30/авг/2025 07:55:49 C:\WINDOWS\SYSTEM32\bcrypt.dll *10.0.26100.5074
 podbc35w.dll         00007FFDF5F00000 00000000000ED000     1/1     11/июн/2025 16:40:38 C:\WINDOWS\system32\podbc35w.dll *17.0.0.6
 MSVCP140.dll         00007FFE31070000 000000000008D000     1/1     03/июн/2025 06:00:00 C:\WINDOWS\system32\MSVCP140.dll *14.42.34438.0
 WINMM.dll            00007FFE5A390000 0000000000035000     1/1     30/авг/2025 07:55:48 C:\WINDOWS\system32\WINMM.dll *10.0.26100.5074
 libpq.dll            00007FFDFCCB0000 000000000005A000     1/1     10/июн/2025 12:34:12 C:\WINDOWS\system32\libpq.dll *17.0.5.0
 VCRUNTIME140_1.dll   00007FFE3AC30000 000000000000C000     2/2     27/апр/2024 23:20:22 C:\WINDOWS\system32\VCRUNTIME140_1.dll *14.40.33810.0
 WLDAP32.dll          00007FFE64F30000 0000000000075000     1/1     30/авг/2025 07:55:55 C:\WINDOWS\System32\WLDAP32.dll *10.0.26100.5074
 Secur32.dll          00007FFE60EB0000 000000000000D000     1/1     01/апр/2024 10:22:11 C:\WINDOWS\system32\Secur32.dll *10.0.26100.1
 libssl-3-x64.dll     00007FFDD4710000 0000000000136000     1/1     11/фев/2025 16:05:16 C:\WINDOWS\system32\libssl-3-x64.dll *3.3.3.0
 libcrypto-3-x64.dll  00007FFDD4850000 0000000000625000 65535/65535 11/фев/2025 16:05:16 C:\WINDOWS\system32\libcrypto-3-x64.dll *3.3.3.0
 odbccp32.dll         00007FFE46580000 0000000000025000     1/1     30/авг/2025 07:55:56 C:\WINDOWS\SYSTEM32\odbccp32.dll *10.0.26100.5074
 VERSION.dll          00007FFE5C880000 000000000000B000     1/1     29/авг/2025 18:53:19 C:\WINDOWS\SYSTEM32\VERSION.dll *10.0.26100.1150
 mswsock.dll          00007FFE631D0000 000000000006B000     5/5     30/авг/2025 07:56:08 C:\WINDOWS\system32\mswsock.dll *10.0.26100.5074
 DNSAPI.dll           00007FFE62670000 0000000000126000 65535/65535 30/авг/2025 07:55:52 C:\WINDOWS\SYSTEM32\DNSAPI.dll *10.0.26100.5074
 IPHLPAPI.DLL         00007FFE625E0000 0000000000034000 65535/65535 30/авг/2025 07:56:05 C:\WINDOWS\SYSTEM32\IPHLPAPI.DLL *10.0.26100.5074
 NSI.dll              00007FFE65E20000 000000000000A000 65535/65535 30/авг/2025 07:56:07 C:\WINDOWS\System32\NSI.dll *10.0.26100.5074
 rasadhlp.dll         00007FFE5B9E0000 000000000000B000     1/1     29/авг/2025 18:53:34 C:\Windows\System32\rasadhlp.dll *10.0.26100.1150
 fwpuclnt.dll         00007FFE5AC80000 0000000000086000     1/1     30/авг/2025 07:55:57 C:\WINDOWS\System32\fwpuclnt.dll *10.0.26100.5074
 dhcpcsvc.DLL         00007FFE5C000000 0000000000023000     1/1     30/авг/2025 07:55:51 C:\WINDOWS\SYSTEM32\dhcpcsvc.DLL *10.0.26100.5074
 atlsock64x.dll       000000006DC80000 000000000002C000     2/2     19/сен/2025 10:45:13 C:\Galaktika\AVAZ\chumachenko\6.0.09.0\exe\atlsock64x.dll *6.0.9.0
 NETAPI32.DLL         00007FFE57F90000 000000000001A000     1/1     29/авг/2025 18:53:17 C:\WINDOWS\SYSTEM32\NETAPI32.DLL *10.0.26100.1150
 SRVCLI.DLL           00007FFE5B1D0000 0000000000029000     1/1     29/авг/2025 18:53:22 C:\WINDOWS\SYSTEM32\SRVCLI.DLL *10.0.26100.1150
 NETUTILS.DLL         00007FFE625A0000 000000000000D000     1/1     29/авг/2025 18:53:22 C:\WINDOWS\SYSTEM32\NETUTILS.DLL *10.0.26100.1882
 SAMCLI.DLL           00007FFE62580000 000000000001B000     1/1     29/авг/2025 18:53:22 C:\WINDOWS\SYSTEM32\SAMCLI.DLL *10.0.26100.4768
 napinsp.dll          00007FFDFB8B0000 0000000000018000     1/1     29/авг/2025 18:53:18 C:\WINDOWS\system32\napinsp.dll *10.0.26100.1150
 winrnr.dll           00007FFDFB240000 0000000000012000     1/1     29/авг/2025 18:53:21 C:\WINDOWS\System32\winrnr.dll *10.0.26100.1882
 nlansp_c.dll         00007FFDFEB60000 0000000000028000     1/1     30/авг/2025 07:55:58 C:\WINDOWS\system32\nlansp_c.dll *10.0.26100.5074
 wshbth.dll           00007FFE5BFC0000 0000000000016000     1/1     30/авг/2025 07:55:47 C:\WINDOWS\system32\wshbth.dll *10.0.26100.5074
 mt_drv64x.dll        0000000012A40000 0000000000111000     1/1     19/сен/2025 10:45:13 C:\Galaktika\AVAZ\chumachenko\6.0.09.0\exe\mt_drv64x.dll *6.0.9.0

▓▓▓▓▓▓▓▓▓▓▓▓▓▓▓▓▓▓▓▓▓▓▓▓▓▓▓▓▓▓▓▓▓▓▓▓▓▓▓▓▓▓▓▓▓▓▓▓▓▓▓▓▓▓▓▓▓▓▓▓▓▓▓▓▓▓▓▓▓▓▓▓▓▓▓▓▓▓▓



▓▓▓▓▓▓▓▓▓▓▓▓▓▓▓▓▓▓▓▓▓▓▓▓▓▓▓▓▓▓▓▓▓▓▓▓▓▓▓▓▓▓▓▓▓▓▓▓▓▓▓▓▓▓▓▓▓▓▓▓▓▓▓▓▓▓▓▓▓▓▓▓▓▓▓▓▓▓▓
▓▓▓▓▓ Запишите следующую информацию об ошибке и отошлите ее разработчикам ▓▓▓▓▓
▓ вместе с описанием ситуации, названием, версией и датой EXE-файла программы ▓
▓▓▓▓▓▓▓▓▓▓▓▓▓▓▓▓▓▓▓▓▓▓▓▓▓▓▓▓▓▓▓▓▓▓▓▓▓▓▓▓▓▓▓▓▓▓▓▓▓▓▓▓▓▓▓▓▓▓▓▓▓▓▓▓▓▓▓▓▓▓▓▓▓▓▓▓▓▓▓


▓ Программа: "vip64x.exe"  Время запуска: 10:40:35 08/11/2025
▓ Исполняемый модуль: "C:\Galaktika\AVAZ\chumachenko\6.0.09.0\exe\vip64x.exe"
▓ Система: Windows NT  Логин: "Дмитрий"  Станция: "LAPUS-VICTUS"

Необработанная исключительная ситуация
Код исключения: C0000005 (Общее нарушение защиты доступа к памяти)
Параметры исключения (2): 0000000000000000 000000000000000A
Адрес исключения: 000000005401F966 pg90drv64x.dll.1:0007E966
Содержимое регистров процессора
 RAX = 0000000000000000
 RBX = 000000000000000F
 RCX = 0000000000000002
 RDX = 0000000000000001
 RSI = 00000000032D0904
 RDI = 0000000014E8F830
 RBP = 0000000054136060 pg90drv64x.dll.2:00003060
 RSP = 0000000014E8F810
 RIP = 000000005401F966 pg90drv64x.dll.1:0007E966
 R8  = 7FFFFFFFFFFFFFFC
 R9  = 000000001439BA64
 R10 = 0000000000110000
 R11 = 0000000000000246
 R12 = 0000000002C54C9C
 R13 = 0000000053FA0000
 R14 = 0000000002C72E38
 R15 = 0000000053FA0000
Содержимое стека
 0000000014E8F830: 0000000054171160 pg90drv64x.dll.3:0003A160
 0000000014E8F868: 000000005401F76D pg90drv64x.dll.1:0007E76D
 0000000014E8F898: 0000000053FFAC43 pg90drv64x.dll.1:00059C43
 0000000014E8F8D8: 0000000053FDDCD8 pg90drv64x.dll.1:0003CCD8
 0000000014E8F8F8: 0000000053FDDCA0 pg90drv64x.dll.1:0003CCA0
 0000000014E8F900: 0000000053FDDCA0 pg90drv64x.dll.1:0003CCA0
 0000000014E8F908: 00000001024D1312 atlantis64x.rtl.1:000D0312
 0000000014E8F928: 0000000053FDDCA0 pg90drv64x.dll.1:0003CCA0
 0000000014E8F970: 0000000053FDDCA0 pg90drv64x.dll.1:0003CCA0
 0000000014E8F9D8: 0000000053FDDCA0 pg90drv64x.dll.1:0003CCA0
Текущее время
 08-11-2025 10:41:27.8333614
Параметры программы
 "C:\Galaktika\AVAZ\chumachenko\6.0.09.0\exe\vip64x.exe  chumachenko.prj /r:chumachenko.res /c:vip.cfg /u:SUPERVISOR /#user:SUPERVISOR /def:Atl60"
Переменные окружения
 =::=::\
 =C:=C:\Galaktika\_git\Izhevsk\chumachenko
 ALLUSERSPROFILE=C:\ProgramData
 APPDATA=C:\Users\─ьшЄЁшщ\AppData\Roaming
 CommonProgramFiles=C:\Program Files\Common Files
 CommonProgramFiles(x86)=C:\Program Files (x86)\Common Files
 CommonProgramW6432=C:\Program Files\Common Files
 COMPUTERNAME=LAPUS-VICTUS
 ComSpec=C:\WINDOWS\system32\cmd.exe
 DD=20251108
 DriverData=C:\Windows\System32\Drivers\DriverData
 EFC_8588_1592913036=1
 exedir=C:\Galaktika\AVAZ\chumachenko\6.0.09.0\exe
 HOMEDRIVE=C:
 HOMEPATH=\Users\─ьшЄЁшщ
 LOCALAPPDATA=C:\Users\─ьшЄЁшщ\AppData\Local
 LOGONSERVER=\\LAPUS-VICTUS
 NUMBER_OF_PROCESSORS=16
 OneDrive=C:\Users\─ьшЄЁшщ\OneDrive
 OPENSSL_CONF=C:\Program Files\PostgreSQL\psqlODBC\etc\openssl.cnf
 OS=Windows_NT
 Path=C:\Program Files (x86)\Common Files\Oracle\Java\javapath;C:\Program Files\Microsoft\jdk-11.0.16.101-hotspot\bin;C:\Program Files (x86)\NVIDIA Corporation\PhysX\Common;C:\Windows\system32;C:\Windows;C:\Windows\System32\Wbem;C:\Windows\System32\WindowsPowerShell\v1.0\;C:\Windows\System32\OpenSSH\;C:\Program Files\Microsoft SQL Server\Client SDK\ODBC\170\Tools\Binn\;C:\Program Files (x86)\Microsoft SQL Server\150\Tools\Binn\;C:\Program Files\Microsoft SQL Server\150\Tools\Binn\;C:\Program Files\Microsoft SQL Server\150\DTS\Binn\;C:\Program Files (x86)\Microsoft SQL Server\150\DTS\Binn\;C:\WINDOWS\system32;C:\WINDOWS;C:\WINDOWS\System32\Wbem;C:\WINDOWS\System32\WindowsPowerShell\v1.0\;C:\WINDOWS\System32\OpenSSH\;C:\Program Files\dotnet\;C:\Program Files (x86)\dotnet\;C:\Program Files\PuTTY\;C:\WINDOWS\system32;C:\WINDOWS;C:\WINDOWS\System32\Wbem;C:\WINDOWS\System32\WindowsPowerShell\v1.0\;C:\WINDOWS\System32\OpenSSH\;C:\Program Files\Microsoft SQL Server\Client SDK\ODBC\130\Tools\Binn\;C:\Galaktika\ATL6\Libs\;C:\Galaktika\ATL6\Libs\x64;C:\Program Files (x86)\Microsoft SQL Server\160\DTS\Binn\;C:\Program Files\Git\cmd;C:\Program Files\GitExtensions\;C:\Users\─ьшЄЁшщ\AppData\Local\Programs\Python\Python311\Scripts\;C:\Users\─ьшЄЁшщ\AppData\Local\Programs\Python\Python311\;C:\Users\─ьшЄЁшщ\AppData\Local\Microsoft\WindowsApps;C:\Program Files\Azure Data Studio\bin;C:\Users\─ьшЄЁшщ\.dotnet\tools;C:\SRCFlutter\flutter\bin;;C:\Users\─ьшЄЁшщ\AppData\Local\Programs\Microsoft VS Code\bin;C:\Users\─ьшЄЁшщ\AppData\Local\JetBrains\PyCharm Community Edition 2022.3.2\bin;
 PATHEXT=.COM;.EXE;.BAT;.CMD;.VBS;.VBE;.JS;.JSE;.WSF;.WSH;.MSC
 PROCESSOR_ARCHITECTURE=AMD64
 PROCESSOR_IDENTIFIER=AMD64 Family 25 Model 80 Stepping 0, AuthenticAMD
 PROCESSOR_LEVEL=25
 PROCESSOR_REVISION=5000
 ProgramData=C:\ProgramData
 ProgramFiles=C:\Program Files
 ProgramFiles(x86)=C:\Program Files (x86)
 ProgramW6432=C:\Program Files
 PROMPT=$P$G
 PSModulePath=C:\Program Files\WindowsPowerShell\Modules;C:\WINDOWS\system32\WindowsPowerShell\v1.0\Modules;C:\Program Files (x86)\Microsoft SQL Server\150\Tools\PowerShell\Modules\
 PUBLIC=C:\Users\Public
 PyCharm Community Edition=C:\Users\─ьшЄЁшщ\AppData\Local\JetBrains\PyCharm Community Edition 2022.3.2\bin;
 SESSIONNAME=Console
 SystemDrive=C:
 SystemRoot=C:\WINDOWS
 TEMP=C:\Users\AACE~1\AppData\Local\Temp
 TMP=C:\Users\AACE~1\AppData\Local\Temp
 USERDOMAIN=LAPUS-VICTUS
 USERDOMAIN_ROAMINGPROFILE=LAPUS-VICTUS
 USERNAME=─ьшЄЁшщ
 USERPROFILE=C:\Users\─ьшЄЁшщ
 windir=C:\WINDOWS
 __PSLockDownPolicy=0
Список загруженных модулей
 vip64x.exe           0000000100000000 00000000005A0000 65535/65535 19/сен/2025 10:45:13 C:\Galaktika\AVAZ\chumachenko\6.0.09.0\exe\vip64x.exe *6.0.9.0
 ntdll.dll            00007FFE66C20000 0000000000269000 65535/65535 30/авг/2025 07:55:58 C:\WINDOWS\SYSTEM32\ntdll.dll *10.0.26100.5074
 KERNEL32.DLL         00007FFE659E0000 00000000000C9000 65535/65535 30/авг/2025 07:55:55 C:\WINDOWS\System32\KERNEL32.DLL *10.0.26100.5074
 KERNELBASE.dll       00007FFE64230000 00000000003F3000 65535/65535 30/авг/2025 07:55:55 C:\WINDOWS\System32\KERNELBASE.dll *10.0.26100.5074
 ole32.dll            00007FFE65AB0000 0000000000198000     1/1     30/авг/2025 07:55:50 C:\WINDOWS\System32\ole32.dll *10.0.26100.5074
 msvcp_win.dll        00007FFE64810000 00000000000A3000     3/3     30/авг/2025 07:56:06 C:\WINDOWS\System32\msvcp_win.dll *10.0.26100.5074
 ucrtbase.dll         00007FFE64630000 000000000014B000     9/9     30/авг/2025 07:56:06 C:\WINDOWS\System32\ucrtbase.dll *10.0.26100.5074
 atlantis64x.rtl      0000000102400000 0000000000184000    14/14    19/сен/2025 10:45:13 C:\Galaktika\AVAZ\chumachenko\6.0.09.0\exe\atlantis64x.rtl *6.0.9.0
 ADVAPI32.dll         00007FFE66630000 00000000000B4000     3/3     30/авг/2025 07:55:47 C:\WINDOWS\System32\ADVAPI32.dll *10.0.26100.5074
 GDI32.dll            00007FFE658B0000 000000000002B000     7/7     30/авг/2025 07:55:53 C:\WINDOWS\System32\GDI32.dll *10.0.26100.5074
 msvcrt.dll           00007FFE64C80000 00000000000A9000     5/5     30/авг/2025 07:55:57 C:\WINDOWS\System32\msvcrt.dll *7.0.26100.5074/10.0.26100.5074
 sechost.dll          00007FFE65D70000 00000000000A6000     1/1     30/авг/2025 07:56:00 C:\WINDOWS\System32\sechost.dll *10.0.26100.5074
 win32u.dll           00007FFE64090000 0000000000027000     1/1     30/авг/2025 07:56:08 C:\WINDOWS\System32\win32u.dll *10.0.26100.5074
 gdi32full.dll        00007FFE648C0000 000000000012D000     7/7     30/авг/2025 07:55:53 C:\WINDOWS\System32\gdi32full.dll *10.0.26100.5074
 RPCRT4.dll           00007FFE65C50000 0000000000118000     6/6     30/авг/2025 07:55:59 C:\WINDOWS\System32\RPCRT4.dll *10.0.26100.5074
 USER32.dll           00007FFE65F90000 00000000001C4000     7/7     30/авг/2025 07:56:06 C:\WINDOWS\System32\USER32.dll *10.0.26100.5074
 OLEAUT32.dll         00007FFE657D0000 00000000000D7000     3/3     30/авг/2025 07:55:58 C:\WINDOWS\System32\OLEAUT32.dll *10.0.26100.5074
 combase.dll          00007FFE66160000 000000000037B000     4/4     30/авг/2025 07:55:50 C:\WINDOWS\System32\combase.dll *10.0.26100.5074
 atllib_64x.dll       0000000110000000 0000000000047000    13/13    19/сен/2025 10:45:13 C:\Galaktika\AVAZ\chumachenko\6.0.09.0\exe\atllib_64x.dll *6.0.9.0
 _cfg64x.dll          0000000062580000 000000000003A000     1/1     19/сен/2025 10:45:13 C:\Galaktika\AVAZ\chumachenko\6.0.09.0\exe\_cfg64x.dll *6.0.9.0
 libxml264x.dll       0000000065100000 0000000000442000     2/2     19/сен/2025 10:45:13 C:\Galaktika\AVAZ\chumachenko\6.0.09.0\exe\libxml264x.dll *2.9.7.0
 WS2_32.dll           00007FFE65750000 0000000000074000     2/2     30/авг/2025 07:56:08 C:\WINDOWS\System32\WS2_32.dll *10.0.26100.5074
 winspool.drv         00007FFE4B330000 00000000000B2000     1/1     30/авг/2025 07:55:59 C:\WINDOWS\SYSTEM32\winspool.drv *10.0.26100.5074
 shcore.dll           00007FFE658E0000 00000000000F0000     1/1     30/авг/2025 07:56:02 C:\WINDOWS\System32\shcore.dll *10.0.26100.5074
 cfgmgr32.dll         00007FFE63A60000 0000000000057000     1/1     29/авг/2025 18:53:21 C:\WINDOWS\SYSTEM32\cfgmgr32.dll *10.0.26100.4202
 WSOCK32.dll          00007FFE35230000 000000000000A000     2/2     01/апр/2024 10:22:14 C:\WINDOWS\SYSTEM32\WSOCK32.dll *10.0.26100.1
 base64x.dll          0000000000E00000 000000000009A000     4/4     19/сен/2025 10:45:13 C:\Galaktika\AVAZ\chumachenko\6.0.09.0\exe\base64x.dll *6.0.9.0
 ecc_64x.dll          0000000000EA0000 000000000003D000     4/4     19/сен/2025 10:45:13 C:\Galaktika\AVAZ\chumachenko\6.0.09.0\exe\ecc_64x.dll *6.0.9.0
 editor_64x.dll       0000000001040000 0000000000033000     1/1     19/сен/2025 10:45:13 C:\Galaktika\AVAZ\chumachenko\6.0.09.0\exe\editor_64x.dll *6.0.9.0
 streams_64x.dll      0000000000EE0000 000000000015D000    12/12    19/сен/2025 10:45:13 C:\Galaktika\AVAZ\chumachenko\6.0.09.0\exe\streams_64x.dll *6.0.9.0
 forms_64x.dll        0000000001080000 00000000000D1000     2/2     30/сен/2025 20:24:00 C:\Galaktika\AVAZ\chumachenko\6.0.09.0\exe\forms_64x.dll *6.0.9.0
 lotdll_64x.dll       0000000001160000 0000000000048000     1/1     19/сен/2025 10:45:13 C:\Galaktika\AVAZ\chumachenko\6.0.09.0\exe\lotdll_64x.dll *6.0.9.0
 protect_64x.dll      00000000001D0000 0000000000017000     4/4     29/сен/2025 16:58:29 C:\Galaktika\AVAZ\chumachenko\6.0.09.0\exe\protect_64x.dll *6.0.9.0
 ifcobjs_64x.dll      00000000006E0000 0000000000014000     1/1     19/сен/2025 10:45:13 C:\Galaktika\AVAZ\chumachenko\6.0.09.0\exe\ifcobjs_64x.dll *6.0.9.0
 atvipobj64x.dll      00000000011B0000 0000000000021000     1/1     19/сен/2025 10:45:13 C:\Galaktika\AVAZ\chumachenko\6.0.09.0\exe\atvipobj64x.dll *6.0.9.0
 jitvip64x.dll        00000000011E0000 0000000000027000     1/1     19/сен/2025 10:45:13 C:\Galaktika\AVAZ\chumachenko\6.0.09.0\exe\jitvip64x.dll *6.0.9.0
 nation_64x.dll       00000000001F0000 000000000000B000     1/1     19/сен/2025 10:45:13 C:\Galaktika\AVAZ\chumachenko\6.0.09.0\exe\nation_64x.dll *6.0.9.0
 atlpop64x.dll        0000000001210000 000000000008B000     1/1     19/сен/2025 10:45:13 C:\Galaktika\AVAZ\chumachenko\6.0.09.0\exe\atlpop64x.dll *6.0.9.0
 IMM32.DLL            00007FFE64E30000 000000000002F000     1/1     29/авг/2025 18:53:19 C:\WINDOWS\System32\IMM32.DLL *10.0.26100.4484
 SspiCli.dll          00007FFE62F10000 0000000000049000     4/4     29/авг/2025 18:53:33 C:\WINDOWS\SYSTEM32\SspiCli.dll *10.0.26100.4484
 libeay32.dll         00007FFDF1C70000 0000000000207000     2/2     23/сен/2025 16:27:09 C:\Galaktika\AVAZ\chumachenko\6.0.09.0\exe\SSL64\libeay32.dll *1.0.2.14
 VCRUNTIME140.dll     00007FFE35240000 000000000001E000 65535/65535 03/июн/2025 06:00:00 C:\WINDOWS\SYSTEM32\VCRUNTIME140.dll *14.42.34438.0
 ssleay32.dll         00007FFE5B920000 000000000005B000     1/1     23/сен/2025 16:27:09 C:\Galaktika\AVAZ\chumachenko\6.0.09.0\exe\SSL64\ssleay32.dll *1.0.2.14
 CRYPTSP.dll          00007FFE635A0000 000000000001B000     1/1     30/авг/2025 07:55:50 C:\WINDOWS\SYSTEM32\CRYPTSP.dll *10.0.26100.5074
 rsaenh.dll           00007FFE62BD0000 000000000003B000     2/2     30/авг/2025 07:55:59 C:\WINDOWS\system32\rsaenh.dll *10.0.26100.5074
 CRYPTBASE.dll        00007FFE63400000 000000000000C000     2/2     30/авг/2025 07:55:50 C:\WINDOWS\SYSTEM32\CRYPTBASE.dll *10.0.26100.5074
 bcryptPrimitives.dll 00007FFE63FF0000 0000000000099000 65535/65535 30/авг/2025 07:55:49 C:\WINDOWS\System32\bcryptPrimitives.dll *10.0.26100.5074
 asmuser64x.dll       0000000003790000 0000000000023000     1/1     19/сен/2025 10:45:13 C:\Galaktika\AVAZ\chumachenko\6.0.09.0\exe\asmuser64x.dll *6.0.9.0
 mpr.dll              00007FFE5B220000 0000000000021000     1/1     29/авг/2025 18:53:19 C:\WINDOWS\SYSTEM32\mpr.dll *10.0.26100.1882
 vision_w64x.dll      000000006A880000 0000000000332000     1/1     19/сен/2025 10:45:13 C:\Galaktika\AVAZ\chumachenko\6.0.09.0\exe\vision_w64x.dll *6.0.9.0
 SHELL32.dll          00007FFE65000000 000000000074D000     3/3     30/авг/2025 07:56:03 C:\WINDOWS\System32\SHELL32.dll *10.0.26100.5074
 gdesk64x.dll         000000006DB40000 0000000000042000     1/1     19/сен/2025 10:45:13 C:\Galaktika\AVAZ\chumachenko\6.0.09.0\exe\gdesk64x.dll *6.0.9.0
 wintypes.dll         00007FFE640C0000 000000000016C000     1/1     30/авг/2025 07:55:50 C:\WINDOWS\System32\wintypes.dll *10.0.26100.5074
 uxtheme.dll          00007FFE60FC0000 00000000000A8000     3/3     30/авг/2025 07:56:07 C:\WINDOWS\SYSTEM32\uxtheme.dll *10.0.26100.5074
 dwmapi.dll           00007FFE612B0000 000000000002B000     1/1     30/авг/2025 07:55:51 C:\WINDOWS\SYSTEM32\dwmapi.dll *10.0.26100.5074
 MSCTF.dll            00007FFE65E30000 0000000000158000     1/1     30/авг/2025 07:56:05 C:\WINDOWS\System32\MSCTF.dll *10.0.26100.5074
 zprint_w64x.dll      000000006C700000 0000000000048000     2/2     19/сен/2025 10:45:13 C:\Galaktika\AVAZ\chumachenko\6.0.09.0\exe\zprint_w64x.dll *6.0.9.0
 pg90drv64x.dll       0000000053FA0000 0000000000224000     1/1     02/окт/2025 14:51:31 C:\Galaktika\AVAZ\chumachenko\6.0.09.0\exe\pg90drv64x.dll *6.0.9.0
 ODBC32.dll           00007FFE56CD0000 00000000000C4000     2/2     30/авг/2025 07:55:57 C:\WINDOWS\SYSTEM32\ODBC32.dll *10.0.26100.5074
 CRYPT32.dll          00007FFE63E70000 0000000000177000 65535/65535 30/авг/2025 07:55:50 C:\WINDOWS\System32\CRYPT32.dll *10.0.26100.5074
 DPAPI.DLL            00007FFE63AE0000 000000000000A000     1/1     01/апр/2024 10:22:15 C:\WINDOWS\SYSTEM32\DPAPI.DLL *10.0.26100.1
 bcrypt.dll           00007FFE63CA0000 0000000000026000 65535/65535 30/авг/2025 07:55:49 C:\WINDOWS\SYSTEM32\bcrypt.dll *10.0.26100.5074
 podbc35w.dll         00007FFDF5F00000 00000000000ED000     1/1     11/июн/2025 16:40:38 C:\WINDOWS\system32\podbc35w.dll *17.0.0.6
 libpq.dll            00007FFDFCCB0000 000000000005A000     1/1     10/июн/2025 12:34:12 C:\WINDOWS\system32\libpq.dll *17.0.5.0
 VCRUNTIME140_1.dll   00007FFE3AC30000 000000000000C000     2/2     27/апр/2024 23:20:22 C:\WINDOWS\system32\VCRUNTIME140_1.dll *14.40.33810.0
 WINMM.dll            00007FFE5A390000 0000000000035000     1/1     30/авг/2025 07:55:48 C:\WINDOWS\system32\WINMM.dll *10.0.26100.5074
 MSVCP140.dll         00007FFE31070000 000000000008D000     1/1     03/июн/2025 06:00:00 C:\WINDOWS\system32\MSVCP140.dll *14.42.34438.0
 WLDAP32.dll          00007FFE64F30000 0000000000075000     1/1     30/авг/2025 07:55:55 C:\WINDOWS\System32\WLDAP32.dll *10.0.26100.5074
 Secur32.dll          00007FFE60EB0000 000000000000D000     1/1     01/апр/2024 10:22:11 C:\WINDOWS\system32\Secur32.dll *10.0.26100.1
 libcrypto-3-x64.dll  00007FFDD4850000 0000000000625000 65535/65535 11/фев/2025 16:05:16 C:\WINDOWS\system32\libcrypto-3-x64.dll *3.3.3.0
 libssl-3-x64.dll     00007FFDD4710000 0000000000136000     1/1     11/фев/2025 16:05:16 C:\WINDOWS\system32\libssl-3-x64.dll *3.3.3.0
 odbccp32.dll         00007FFE46580000 0000000000025000     1/1     30/авг/2025 07:55:56 C:\WINDOWS\SYSTEM32\odbccp32.dll *10.0.26100.5074
 VERSION.dll          00007FFE5C880000 000000000000B000     1/1     29/авг/2025 18:53:19 C:\WINDOWS\SYSTEM32\VERSION.dll *10.0.26100.1150
 mswsock.dll          00007FFE631D0000 000000000006B000     6/6     30/авг/2025 07:56:08 C:\WINDOWS\system32\mswsock.dll *10.0.26100.5074
 DNSAPI.dll           00007FFE62670000 0000000000126000 65535/65535 30/авг/2025 07:55:52 C:\WINDOWS\SYSTEM32\DNSAPI.dll *10.0.26100.5074
 IPHLPAPI.DLL         00007FFE625E0000 0000000000034000 65535/65535 30/авг/2025 07:56:05 C:\WINDOWS\SYSTEM32\IPHLPAPI.DLL *10.0.26100.5074
 NSI.dll              00007FFE65E20000 000000000000A000 65535/65535 30/авг/2025 07:56:07 C:\WINDOWS\System32\NSI.dll *10.0.26100.5074
 rasadhlp.dll         00007FFE5B9E0000 000000000000B000     1/1     29/авг/2025 18:53:34 C:\Windows\System32\rasadhlp.dll *10.0.26100.1150
 fwpuclnt.dll         00007FFE5AC80000 0000000000086000     1/1     30/авг/2025 07:55:57 C:\WINDOWS\System32\fwpuclnt.dll *10.0.26100.5074
 dhcpcsvc.DLL         00007FFE5C000000 0000000000023000     1/1     30/авг/2025 07:55:51 C:\WINDOWS\SYSTEM32\dhcpcsvc.DLL *10.0.26100.5074
 atlsock64x.dll       000000006DC80000 000000000002C000     2/2     19/сен/2025 10:45:13 C:\Galaktika\AVAZ\chumachenko\6.0.09.0\exe\atlsock64x.dll *6.0.9.0
 NETAPI32.DLL         00007FFE57F90000 000000000001A000     1/1     29/авг/2025 18:53:17 C:\WINDOWS\SYSTEM32\NETAPI32.DLL *10.0.26100.1150
 SRVCLI.DLL           00007FFE5B1D0000 0000000000029000     1/1     29/авг/2025 18:53:22 C:\WINDOWS\SYSTEM32\SRVCLI.DLL *10.0.26100.1150
 NETUTILS.DLL         00007FFE625A0000 000000000000D000     1/1     29/авг/2025 18:53:22 C:\WINDOWS\SYSTEM32\NETUTILS.DLL *10.0.26100.1882
 SAMCLI.DLL           00007FFE62580000 000000000001B000     1/1     29/авг/2025 18:53:22 C:\WINDOWS\SYSTEM32\SAMCLI.DLL *10.0.26100.4768
 napinsp.dll          00007FFDFB8B0000 0000000000018000     1/1     29/авг/2025 18:53:18 C:\WINDOWS\system32\napinsp.dll *10.0.26100.1150
 winrnr.dll           00007FFDFB240000 0000000000012000     1/1     29/авг/2025 18:53:21 C:\WINDOWS\System32\winrnr.dll *10.0.26100.1882
 nlansp_c.dll         00007FFDFEB60000 0000000000028000     1/1     30/авг/2025 07:55:58 C:\WINDOWS\system32\nlansp_c.dll *10.0.26100.5074
 wshbth.dll           00007FFE5BFC0000 0000000000016000     1/1     30/авг/2025 07:55:47 C:\WINDOWS\system32\wshbth.dll *10.0.26100.5074
 mt_drv64x.dll        0000000012B70000 0000000000111000     1/1     19/сен/2025 10:45:13 C:\Galaktika\AVAZ\chumachenko\6.0.09.0\exe\mt_drv64x.dll *6.0.9.0

▓▓▓▓▓▓▓▓▓▓▓▓▓▓▓▓▓▓▓▓▓▓▓▓▓▓▓▓▓▓▓▓▓▓▓▓▓▓▓▓▓▓▓▓▓▓▓▓▓▓▓▓▓▓▓▓▓▓▓▓▓▓▓▓▓▓▓▓▓▓▓▓▓▓▓▓▓▓▓



▓▓▓▓▓▓▓▓▓▓▓▓▓▓▓▓▓▓▓▓▓▓▓▓▓▓▓▓▓▓▓▓▓▓▓▓▓▓▓▓▓▓▓▓▓▓▓▓▓▓▓▓▓▓▓▓▓▓▓▓▓▓▓▓▓▓▓▓▓▓▓▓▓▓▓▓▓▓▓
▓▓▓▓▓ Запишите следующую информацию об ошибке и отошлите ее разработчикам ▓▓▓▓▓
▓ вместе с описанием ситуации, названием, версией и датой EXE-файла программы ▓
▓▓▓▓▓▓▓▓▓▓▓▓▓▓▓▓▓▓▓▓▓▓▓▓▓▓▓▓▓▓▓▓▓▓▓▓▓▓▓▓▓▓▓▓▓▓▓▓▓▓▓▓▓▓▓▓▓▓▓▓▓▓▓▓▓▓▓▓▓▓▓▓▓▓▓▓▓▓▓


▓ Программа: "vip64x.exe"  Время запуска: 10:41:33 08/11/2025
▓ Исполняемый модуль: "C:\Galaktika\AVAZ\chumachenko\6.0.09.0\exe\vip64x.exe"
▓ Система: Windows NT  Логин: "Дмитрий"  Станция: "LAPUS-VICTUS"

Необработанная исключительная ситуация
Код исключения: C0000005 (Общее нарушение защиты доступа к памяти)
Параметры исключения (2): 0000000000000000 000000000000000A
Адрес исключения: 000000005401F966 pg90drv64x.dll.1:0007E966
Содержимое регистров процессора
 RAX = 0000000000000000
 RBX = 000000000000000F
 RCX = 0000000000000002
 RDX = 0000000000000001
 RSI = 0000000003220904
 RDI = 0000000014A3F830
 RBP = 0000000054136060 pg90drv64x.dll.2:00003060
 RSP = 0000000014A3F810
 RIP = 000000005401F966 pg90drv64x.dll.1:0007E966
 R8  = 7FFFFFFFFFFFFFFC
 R9  = 0000000014353CC4
 R10 = 0000000000110CC0
 R11 = 000000000FF67180
 R12 = 0000000002BA4C9C
 R13 = 0000000053FA0000
 R14 = 0000000002BC2E38
 R15 = 0000000053FA0000
Содержимое стека
 0000000014A3F830: 0000000054171160 pg90drv64x.dll.3:0003A160
 0000000014A3F868: 000000005401F76D pg90drv64x.dll.1:0007E76D
 0000000014A3F898: 0000000053FFAC43 pg90drv64x.dll.1:00059C43
 0000000014A3F8D8: 0000000053FDDCD8 pg90drv64x.dll.1:0003CCD8
 0000000014A3F8F8: 0000000053FDDCA0 pg90drv64x.dll.1:0003CCA0
 0000000014A3F900: 0000000053FDDCA0 pg90drv64x.dll.1:0003CCA0
 0000000014A3F908: 00000001024D1312 atlantis64x.rtl.1:000D0312
 0000000014A3F928: 0000000053FDDCA0 pg90drv64x.dll.1:0003CCA0
 0000000014A3F970: 0000000053FDDCA0 pg90drv64x.dll.1:0003CCA0
 0000000014A3F9D8: 0000000053FDDCA0 pg90drv64x.dll.1:0003CCA0
Текущее время
 08-11-2025 10:42:01.5925113
Параметры программы
 "C:\Galaktika\AVAZ\chumachenko\6.0.09.0\exe\vip64x.exe  chumachenko.prj /r:chumachenko.res /c:vip.cfg /u:SUPERVISOR /#user:SUPERVISOR /def:Atl60"
Переменные окружения
 =::=::\
 =C:=C:\Galaktika\_git\Izhevsk\chumachenko
 ALLUSERSPROFILE=C:\ProgramData
 APPDATA=C:\Users\─ьшЄЁшщ\AppData\Roaming
 CommonProgramFiles=C:\Program Files\Common Files
 CommonProgramFiles(x86)=C:\Program Files (x86)\Common Files
 CommonProgramW6432=C:\Program Files\Common Files
 COMPUTERNAME=LAPUS-VICTUS
 ComSpec=C:\WINDOWS\system32\cmd.exe
 DD=20251108
 DriverData=C:\Windows\System32\Drivers\DriverData
 EFC_8588_1592913036=1
 exedir=C:\Galaktika\AVAZ\chumachenko\6.0.09.0\exe
 HOMEDRIVE=C:
 HOMEPATH=\Users\─ьшЄЁшщ
 LOCALAPPDATA=C:\Users\─ьшЄЁшщ\AppData\Local
 LOGONSERVER=\\LAPUS-VICTUS
 NUMBER_OF_PROCESSORS=16
 OneDrive=C:\Users\─ьшЄЁшщ\OneDrive
 OPENSSL_CONF=C:\Program Files\PostgreSQL\psqlODBC\etc\openssl.cnf
 OS=Windows_NT
 Path=C:\Program Files (x86)\Common Files\Oracle\Java\javapath;C:\Program Files\Microsoft\jdk-11.0.16.101-hotspot\bin;C:\Program Files (x86)\NVIDIA Corporation\PhysX\Common;C:\Windows\system32;C:\Windows;C:\Windows\System32\Wbem;C:\Windows\System32\WindowsPowerShell\v1.0\;C:\Windows\System32\OpenSSH\;C:\Program Files\Microsoft SQL Server\Client SDK\ODBC\170\Tools\Binn\;C:\Program Files (x86)\Microsoft SQL Server\150\Tools\Binn\;C:\Program Files\Microsoft SQL Server\150\Tools\Binn\;C:\Program Files\Microsoft SQL Server\150\DTS\Binn\;C:\Program Files (x86)\Microsoft SQL Server\150\DTS\Binn\;C:\WINDOWS\system32;C:\WINDOWS;C:\WINDOWS\System32\Wbem;C:\WINDOWS\System32\WindowsPowerShell\v1.0\;C:\WINDOWS\System32\OpenSSH\;C:\Program Files\dotnet\;C:\Program Files (x86)\dotnet\;C:\Program Files\PuTTY\;C:\WINDOWS\system32;C:\WINDOWS;C:\WINDOWS\System32\Wbem;C:\WINDOWS\System32\WindowsPowerShell\v1.0\;C:\WINDOWS\System32\OpenSSH\;C:\Program Files\Microsoft SQL Server\Client SDK\ODBC\130\Tools\Binn\;C:\Galaktika\ATL6\Libs\;C:\Galaktika\ATL6\Libs\x64;C:\Program Files (x86)\Microsoft SQL Server\160\DTS\Binn\;C:\Program Files\Git\cmd;C:\Program Files\GitExtensions\;C:\Users\─ьшЄЁшщ\AppData\Local\Programs\Python\Python311\Scripts\;C:\Users\─ьшЄЁшщ\AppData\Local\Programs\Python\Python311\;C:\Users\─ьшЄЁшщ\AppData\Local\Microsoft\WindowsApps;C:\Program Files\Azure Data Studio\bin;C:\Users\─ьшЄЁшщ\.dotnet\tools;C:\SRCFlutter\flutter\bin;;C:\Users\─ьшЄЁшщ\AppData\Local\Programs\Microsoft VS Code\bin;C:\Users\─ьшЄЁшщ\AppData\Local\JetBrains\PyCharm Community Edition 2022.3.2\bin;
 PATHEXT=.COM;.EXE;.BAT;.CMD;.VBS;.VBE;.JS;.JSE;.WSF;.WSH;.MSC
 PROCESSOR_ARCHITECTURE=AMD64
 PROCESSOR_IDENTIFIER=AMD64 Family 25 Model 80 Stepping 0, AuthenticAMD
 PROCESSOR_LEVEL=25
 PROCESSOR_REVISION=5000
 ProgramData=C:\ProgramData
 ProgramFiles=C:\Program Files
 ProgramFiles(x86)=C:\Program Files (x86)
 ProgramW6432=C:\Program Files
 PROMPT=$P$G
 PSModulePath=C:\Program Files\WindowsPowerShell\Modules;C:\WINDOWS\system32\WindowsPowerShell\v1.0\Modules;C:\Program Files (x86)\Microsoft SQL Server\150\Tools\PowerShell\Modules\
 PUBLIC=C:\Users\Public
 PyCharm Community Edition=C:\Users\─ьшЄЁшщ\AppData\Local\JetBrains\PyCharm Community Edition 2022.3.2\bin;
 SESSIONNAME=Console
 SystemDrive=C:
 SystemRoot=C:\WINDOWS
 TEMP=C:\Users\AACE~1\AppData\Local\Temp
 TMP=C:\Users\AACE~1\AppData\Local\Temp
 USERDOMAIN=LAPUS-VICTUS
 USERDOMAIN_ROAMINGPROFILE=LAPUS-VICTUS
 USERNAME=─ьшЄЁшщ
 USERPROFILE=C:\Users\─ьшЄЁшщ
 windir=C:\WINDOWS
 __PSLockDownPolicy=0
Список загруженных модулей
 vip64x.exe           0000000100000000 00000000005A0000 65535/65535 19/сен/2025 10:45:13 C:\Galaktika\AVAZ\chumachenko\6.0.09.0\exe\vip64x.exe *6.0.9.0
 ntdll.dll            00007FFE66C20000 0000000000269000 65535/65535 30/авг/2025 07:55:58 C:\WINDOWS\SYSTEM32\ntdll.dll *10.0.26100.5074
 KERNEL32.DLL         00007FFE659E0000 00000000000C9000 65535/65535 30/авг/2025 07:55:55 C:\WINDOWS\System32\KERNEL32.DLL *10.0.26100.5074
 KERNELBASE.dll       00007FFE64230000 00000000003F3000 65535/65535 30/авг/2025 07:55:55 C:\WINDOWS\System32\KERNELBASE.dll *10.0.26100.5074
 ole32.dll            00007FFE65AB0000 0000000000198000     1/1     30/авг/2025 07:55:50 C:\WINDOWS\System32\ole32.dll *10.0.26100.5074
 msvcp_win.dll        00007FFE64810000 00000000000A3000     3/3     30/авг/2025 07:56:06 C:\WINDOWS\System32\msvcp_win.dll *10.0.26100.5074
 atlantis64x.rtl      0000000102400000 0000000000184000    14/14    19/сен/2025 10:45:13 C:\Galaktika\AVAZ\chumachenko\6.0.09.0\exe\atlantis64x.rtl *6.0.9.0
 ucrtbase.dll         00007FFE64630000 000000000014B000     9/9     30/авг/2025 07:56:06 C:\WINDOWS\System32\ucrtbase.dll *10.0.26100.5074
 ADVAPI32.dll         00007FFE66630000 00000000000B4000     3/3     30/авг/2025 07:55:47 C:\WINDOWS\System32\ADVAPI32.dll *10.0.26100.5074
 msvcrt.dll           00007FFE64C80000 00000000000A9000     5/5     30/авг/2025 07:55:57 C:\WINDOWS\System32\msvcrt.dll *7.0.26100.5074/10.0.26100.5074
 GDI32.dll            00007FFE658B0000 000000000002B000     7/7     30/авг/2025 07:55:53 C:\WINDOWS\System32\GDI32.dll *10.0.26100.5074
 sechost.dll          00007FFE65D70000 00000000000A6000     1/1     30/авг/2025 07:56:00 C:\WINDOWS\System32\sechost.dll *10.0.26100.5074
 win32u.dll           00007FFE64090000 0000000000027000     1/1     30/авг/2025 07:56:08 C:\WINDOWS\System32\win32u.dll *10.0.26100.5074
 gdi32full.dll        00007FFE648C0000 000000000012D000     7/7     30/авг/2025 07:55:53 C:\WINDOWS\System32\gdi32full.dll *10.0.26100.5074
 RPCRT4.dll           00007FFE65C50000 0000000000118000     6/6     30/авг/2025 07:55:59 C:\WINDOWS\System32\RPCRT4.dll *10.0.26100.5074
 USER32.dll           00007FFE65F90000 00000000001C4000     7/7     30/авг/2025 07:56:06 C:\WINDOWS\System32\USER32.dll *10.0.26100.5074
 OLEAUT32.dll         00007FFE657D0000 00000000000D7000     3/3     30/авг/2025 07:55:58 C:\WINDOWS\System32\OLEAUT32.dll *10.0.26100.5074
 combase.dll          00007FFE66160000 000000000037B000     4/4     30/авг/2025 07:55:50 C:\WINDOWS\System32\combase.dll *10.0.26100.5074
 base64x.dll          0000000110000000 000000000009A000     4/4     19/сен/2025 10:45:13 C:\Galaktika\AVAZ\chumachenko\6.0.09.0\exe\base64x.dll *6.0.9.0
 _cfg64x.dll          0000000062580000 000000000003A000     1/1     19/сен/2025 10:45:13 C:\Galaktika\AVAZ\chumachenko\6.0.09.0\exe\_cfg64x.dll *6.0.9.0
 winspool.drv         00007FFE4B330000 00000000000B2000     1/1     30/авг/2025 07:55:59 C:\WINDOWS\SYSTEM32\winspool.drv *10.0.26100.5074
 libxml264x.dll       0000000065100000 0000000000442000     2/2     19/сен/2025 10:45:13 C:\Galaktika\AVAZ\chumachenko\6.0.09.0\exe\libxml264x.dll *2.9.7.0
 WS2_32.dll           00007FFE65750000 0000000000074000     2/2     30/авг/2025 07:56:08 C:\WINDOWS\System32\WS2_32.dll *10.0.26100.5074
 shcore.dll           00007FFE658E0000 00000000000F0000     1/1     30/авг/2025 07:56:02 C:\WINDOWS\System32\shcore.dll *10.0.26100.5074
 cfgmgr32.dll         00007FFE63A60000 0000000000057000     1/1     29/авг/2025 18:53:21 C:\WINDOWS\SYSTEM32\cfgmgr32.dll *10.0.26100.4202
 WSOCK32.dll          00007FFE35230000 000000000000A000     2/2     01/апр/2024 10:22:14 C:\WINDOWS\SYSTEM32\WSOCK32.dll *10.0.26100.1
 streams_64x.dll      0000000000EE0000 000000000015D000    12/12    19/сен/2025 10:45:13 C:\Galaktika\AVAZ\chumachenko\6.0.09.0\exe\streams_64x.dll *6.0.9.0
 atllib_64x.dll       00000000006E0000 0000000000047000    13/13    19/сен/2025 10:45:13 C:\Galaktika\AVAZ\chumachenko\6.0.09.0\exe\atllib_64x.dll *6.0.9.0
 editor_64x.dll       0000000000730000 0000000000033000     1/1     19/сен/2025 10:45:13 C:\Galaktika\AVAZ\chumachenko\6.0.09.0\exe\editor_64x.dll *6.0.9.0
 forms_64x.dll        0000000001040000 00000000000D1000     2/2     30/сен/2025 20:24:00 C:\Galaktika\AVAZ\chumachenko\6.0.09.0\exe\forms_64x.dll *6.0.9.0
 lotdll_64x.dll       0000000000770000 0000000000048000     1/1     19/сен/2025 10:45:13 C:\Galaktika\AVAZ\chumachenko\6.0.09.0\exe\lotdll_64x.dll *6.0.9.0
 ecc_64x.dll          0000000001120000 000000000003D000     4/4     19/сен/2025 10:45:13 C:\Galaktika\AVAZ\chumachenko\6.0.09.0\exe\ecc_64x.dll *6.0.9.0
 protect_64x.dll      00000000001D0000 0000000000017000     4/4     29/сен/2025 16:58:29 C:\Galaktika\AVAZ\chumachenko\6.0.09.0\exe\protect_64x.dll *6.0.9.0
 atvipobj64x.dll      0000000001160000 0000000000021000     1/1     19/сен/2025 10:45:13 C:\Galaktika\AVAZ\chumachenko\6.0.09.0\exe\atvipobj64x.dll *6.0.9.0
 jitvip64x.dll        0000000001190000 0000000000027000     1/1     19/сен/2025 10:45:13 C:\Galaktika\AVAZ\chumachenko\6.0.09.0\exe\jitvip64x.dll *6.0.9.0
 ifcobjs_64x.dll      00000000007C0000 0000000000014000     1/1     19/сен/2025 10:45:13 C:\Galaktika\AVAZ\chumachenko\6.0.09.0\exe\ifcobjs_64x.dll *6.0.9.0
 atlpop64x.dll        00000000011C0000 000000000008B000     1/1     19/сен/2025 10:45:13 C:\Galaktika\AVAZ\chumachenko\6.0.09.0\exe\atlpop64x.dll *6.0.9.0
 nation_64x.dll       00000000001F0000 000000000000B000     1/1     19/сен/2025 10:45:13 C:\Galaktika\AVAZ\chumachenko\6.0.09.0\exe\nation_64x.dll *6.0.9.0
 IMM32.DLL            00007FFE64E30000 000000000002F000     1/1     29/авг/2025 18:53:19 C:\WINDOWS\System32\IMM32.DLL *10.0.26100.4484
 SspiCli.dll          00007FFE62F10000 0000000000049000     4/4     29/авг/2025 18:53:33 C:\WINDOWS\SYSTEM32\SspiCli.dll *10.0.26100.4484
 libeay32.dll         00007FFDF1C70000 0000000000207000     2/2     23/сен/2025 16:27:09 C:\Galaktika\AVAZ\chumachenko\6.0.09.0\exe\SSL64\libeay32.dll *1.0.2.14
 VCRUNTIME140.dll     00007FFE35240000 000000000001E000 65535/65535 03/июн/2025 06:00:00 C:\WINDOWS\SYSTEM32\VCRUNTIME140.dll *14.42.34438.0
 ssleay32.dll         00007FFE5B920000 000000000005B000     1/1     23/сен/2025 16:27:09 C:\Galaktika\AVAZ\chumachenko\6.0.09.0\exe\SSL64\ssleay32.dll *1.0.2.14
 CRYPTSP.dll          00007FFE635A0000 000000000001B000     1/1     30/авг/2025 07:55:50 C:\WINDOWS\SYSTEM32\CRYPTSP.dll *10.0.26100.5074
 rsaenh.dll           00007FFE62BD0000 000000000003B000     2/2     30/авг/2025 07:55:59 C:\WINDOWS\system32\rsaenh.dll *10.0.26100.5074
 CRYPTBASE.dll        00007FFE63400000 000000000000C000     2/2     30/авг/2025 07:55:50 C:\WINDOWS\SYSTEM32\CRYPTBASE.dll *10.0.26100.5074
 bcryptPrimitives.dll 00007FFE63FF0000 0000000000099000 65535/65535 30/авг/2025 07:55:49 C:\WINDOWS\System32\bcryptPrimitives.dll *10.0.26100.5074
 asmuser64x.dll       0000000001310000 0000000000023000     1/1     19/сен/2025 10:45:13 C:\Galaktika\AVAZ\chumachenko\6.0.09.0\exe\asmuser64x.dll *6.0.9.0
 mpr.dll              00007FFE5B220000 0000000000021000     1/1     29/авг/2025 18:53:19 C:\WINDOWS\SYSTEM32\mpr.dll *10.0.26100.1882
 vision_w64x.dll      000000006A880000 0000000000332000     1/1     19/сен/2025 10:45:13 C:\Galaktika\AVAZ\chumachenko\6.0.09.0\exe\vision_w64x.dll *6.0.9.0
 SHELL32.dll          00007FFE65000000 000000000074D000     3/3     30/авг/2025 07:56:03 C:\WINDOWS\System32\SHELL32.dll *10.0.26100.5074
 gdesk64x.dll         000000006DB40000 0000000000042000     1/1     19/сен/2025 10:45:13 C:\Galaktika\AVAZ\chumachenko\6.0.09.0\exe\gdesk64x.dll *6.0.9.0
 wintypes.dll         00007FFE640C0000 000000000016C000     1/1     30/авг/2025 07:55:50 C:\WINDOWS\System32\wintypes.dll *10.0.26100.5074
 uxtheme.dll          00007FFE60FC0000 00000000000A8000     3/3     30/авг/2025 07:56:07 C:\WINDOWS\SYSTEM32\uxtheme.dll *10.0.26100.5074
 dwmapi.dll           00007FFE612B0000 000000000002B000     1/1     30/авг/2025 07:55:51 C:\WINDOWS\SYSTEM32\dwmapi.dll *10.0.26100.5074
 MSCTF.dll            00007FFE65E30000 0000000000158000     1/1     30/авг/2025 07:56:05 C:\WINDOWS\System32\MSCTF.dll *10.0.26100.5074
 zprint_w64x.dll      000000006C700000 0000000000048000     2/2     19/сен/2025 10:45:13 C:\Galaktika\AVAZ\chumachenko\6.0.09.0\exe\zprint_w64x.dll *6.0.9.0
 pg90drv64x.dll       0000000053FA0000 0000000000224000     1/1     02/окт/2025 14:51:31 C:\Galaktika\AVAZ\chumachenko\6.0.09.0\exe\pg90drv64x.dll *6.0.9.0
 ODBC32.dll           00007FFE56CD0000 00000000000C4000     2/2     30/авг/2025 07:55:57 C:\WINDOWS\SYSTEM32\ODBC32.dll *10.0.26100.5074
 CRYPT32.dll          00007FFE63E70000 0000000000177000 65535/65535 30/авг/2025 07:55:50 C:\WINDOWS\System32\CRYPT32.dll *10.0.26100.5074
 DPAPI.DLL            00007FFE63AE0000 000000000000A000     1/1     01/апр/2024 10:22:15 C:\WINDOWS\SYSTEM32\DPAPI.DLL *10.0.26100.1
 bcrypt.dll           00007FFE63CA0000 0000000000026000 65535/65535 30/авг/2025 07:55:49 C:\WINDOWS\SYSTEM32\bcrypt.dll *10.0.26100.5074
 podbc35w.dll         00007FFDF5F00000 00000000000ED000     1/1     11/июн/2025 16:40:38 C:\WINDOWS\system32\podbc35w.dll *17.0.0.6
 MSVCP140.dll         00007FFE31070000 000000000008D000     1/1     03/июн/2025 06:00:00 C:\WINDOWS\system32\MSVCP140.dll *14.42.34438.0
 libpq.dll            00007FFDFCCB0000 000000000005A000     1/1     10/июн/2025 12:34:12 C:\WINDOWS\system32\libpq.dll *17.0.5.0
 VCRUNTIME140_1.dll   00007FFE3AC30000 000000000000C000     2/2     27/апр/2024 23:20:22 C:\WINDOWS\system32\VCRUNTIME140_1.dll *14.40.33810.0
 WINMM.dll            00007FFE5A390000 0000000000035000     1/1     30/авг/2025 07:55:48 C:\WINDOWS\system32\WINMM.dll *10.0.26100.5074
 WLDAP32.dll          00007FFE64F30000 0000000000075000     1/1     30/авг/2025 07:55:55 C:\WINDOWS\System32\WLDAP32.dll *10.0.26100.5074
 Secur32.dll          00007FFE60EB0000 000000000000D000     1/1     01/апр/2024 10:22:11 C:\WINDOWS\system32\Secur32.dll *10.0.26100.1
 libcrypto-3-x64.dll  00007FFDD4850000 0000000000625000 65535/65535 11/фев/2025 16:05:16 C:\WINDOWS\system32\libcrypto-3-x64.dll *3.3.3.0
 libssl-3-x64.dll     00007FFDD4710000 0000000000136000     1/1     11/фев/2025 16:05:16 C:\WINDOWS\system32\libssl-3-x64.dll *3.3.3.0
 odbccp32.dll         00007FFE46580000 0000000000025000     1/1     30/авг/2025 07:55:56 C:\WINDOWS\SYSTEM32\odbccp32.dll *10.0.26100.5074
 VERSION.dll          00007FFE5C880000 000000000000B000     1/1     29/авг/2025 18:53:19 C:\WINDOWS\SYSTEM32\VERSION.dll *10.0.26100.1150
 mswsock.dll          00007FFE631D0000 000000000006B000     6/6     30/авг/2025 07:56:08 C:\WINDOWS\system32\mswsock.dll *10.0.26100.5074
 DNSAPI.dll           00007FFE62670000 0000000000126000 65535/65535 30/авг/2025 07:55:52 C:\WINDOWS\SYSTEM32\DNSAPI.dll *10.0.26100.5074
 IPHLPAPI.DLL         00007FFE625E0000 0000000000034000 65535/65535 30/авг/2025 07:56:05 C:\WINDOWS\SYSTEM32\IPHLPAPI.DLL *10.0.26100.5074
 NSI.dll              00007FFE65E20000 000000000000A000 65535/65535 30/авг/2025 07:56:07 C:\WINDOWS\System32\NSI.dll *10.0.26100.5074
 rasadhlp.dll         00007FFE5B9E0000 000000000000B000     1/1     29/авг/2025 18:53:34 C:\Windows\System32\rasadhlp.dll *10.0.26100.1150
 fwpuclnt.dll         00007FFE5AC80000 0000000000086000     1/1     30/авг/2025 07:55:57 C:\WINDOWS\System32\fwpuclnt.dll *10.0.26100.5074
 dhcpcsvc.DLL         00007FFE5C000000 0000000000023000     1/1     30/авг/2025 07:55:51 C:\WINDOWS\SYSTEM32\dhcpcsvc.DLL *10.0.26100.5074
 atlsock64x.dll       000000006DC80000 000000000002C000     2/2     19/сен/2025 10:45:13 C:\Galaktika\AVAZ\chumachenko\6.0.09.0\exe\atlsock64x.dll *6.0.9.0
 NETAPI32.DLL         00007FFE57F90000 000000000001A000     1/1     29/авг/2025 18:53:17 C:\WINDOWS\SYSTEM32\NETAPI32.DLL *10.0.26100.1150
 SRVCLI.DLL           00007FFE5B1D0000 0000000000029000     1/1     29/авг/2025 18:53:22 C:\WINDOWS\SYSTEM32\SRVCLI.DLL *10.0.26100.1150
 NETUTILS.DLL         00007FFE625A0000 000000000000D000     1/1     29/авг/2025 18:53:22 C:\WINDOWS\SYSTEM32\NETUTILS.DLL *10.0.26100.1882
 SAMCLI.DLL           00007FFE62580000 000000000001B000     1/1     29/авг/2025 18:53:22 C:\WINDOWS\SYSTEM32\SAMCLI.DLL *10.0.26100.4768
 napinsp.dll          00007FFDFB8B0000 0000000000018000     1/1     29/авг/2025 18:53:18 C:\WINDOWS\system32\napinsp.dll *10.0.26100.1150
 winrnr.dll           00007FFDFB240000 0000000000012000     1/1     29/авг/2025 18:53:21 C:\WINDOWS\System32\winrnr.dll *10.0.26100.1882
 nlansp_c.dll         00007FFDFEB60000 0000000000028000     1/1     30/авг/2025 07:55:58 C:\WINDOWS\system32\nlansp_c.dll *10.0.26100.5074
 wshbth.dll           00007FFE5BFC0000 0000000000016000     1/1     30/авг/2025 07:55:47 C:\WINDOWS\system32\wshbth.dll *10.0.26100.5074
 mt_drv64x.dll        0000000012B20000 0000000000111000     1/1     19/сен/2025 10:45:13 C:\Galaktika\AVAZ\chumachenko\6.0.09.0\exe\mt_drv64x.dll *6.0.9.0

▓▓▓▓▓▓▓▓▓▓▓▓▓▓▓▓▓▓▓▓▓▓▓▓▓▓▓▓▓▓▓▓▓▓▓▓▓▓▓▓▓▓▓▓▓▓▓▓▓▓▓▓▓▓▓▓▓▓▓▓▓▓▓▓▓▓▓▓▓▓▓▓▓▓▓▓▓▓▓



▓▓▓▓▓▓▓▓▓▓▓▓▓▓▓▓▓▓▓▓▓▓▓▓▓▓▓▓▓▓▓▓▓▓▓▓▓▓▓▓▓▓▓▓▓▓▓▓▓▓▓▓▓▓▓▓▓▓▓▓▓▓▓▓▓▓▓▓▓▓▓▓▓▓▓▓▓▓▓
▓▓▓▓▓ Запишите следующую информацию об ошибке и отошлите ее разработчикам ▓▓▓▓▓
▓ вместе с описанием ситуации, названием, версией и датой EXE-файла программы ▓
▓▓▓▓▓▓▓▓▓▓▓▓▓▓▓▓▓▓▓▓▓▓▓▓▓▓▓▓▓▓▓▓▓▓▓▓▓▓▓▓▓▓▓▓▓▓▓▓▓▓▓▓▓▓▓▓▓▓▓▓▓▓▓▓▓▓▓▓▓▓▓▓▓▓▓▓▓▓▓


▓ Программа: "vip64x.exe"  Время запуска: 10:45:13 08/11/2025
▓ Исполняемый модуль: "C:\Galaktika\AVAZ\chumachenko\6.0.09.0\exe\vip64x.exe"
▓ Система: Windows NT  Логин: "Дмитрий"  Станция: "LAPUS-VICTUS"

Необработанная исключительная ситуация
Код исключения: C0000005 (Общее нарушение защиты доступа к памяти)
Параметры исключения (2): 0000000000000000 000000000000000A
Адрес исключения: 000000005401F966 pg90drv64x.dll.1:0007E966
Содержимое регистров процессора
 RAX = 0000000000000000
 RBX = 000000000000000F
 RCX = 0000000000000002
 RDX = 0000000000000001
 RSI = 0000000003190904
 RDI = 0000000014E8F830
 RBP = 0000000054136060 pg90drv64x.dll.2:00003060
 RSP = 0000000014E8F810
 RIP = 000000005401F966 pg90drv64x.dll.1:0007E966
 R8  = 7FFFFFFFFFFFFFFC
 R9  = 000000001479A558
 R10 = 0000000000110CC0
 R11 = 000000000FE9AE40
 R12 = 0000000002B14C9C
 R13 = 0000000053FA0000
 R14 = 0000000002B32E38
 R15 = 0000000053FA0000
Содержимое стека
 0000000014E8F830: 0000000054171160 pg90drv64x.dll.3:0003A160
 0000000014E8F868: 000000005401F76D pg90drv64x.dll.1:0007E76D
 0000000014E8F898: 0000000053FFAC43 pg90drv64x.dll.1:00059C43
 0000000014E8F8D8: 0000000053FDDCD8 pg90drv64x.dll.1:0003CCD8
 0000000014E8F8F8: 0000000053FDDCA0 pg90drv64x.dll.1:0003CCA0
 0000000014E8F900: 0000000053FDDCA0 pg90drv64x.dll.1:0003CCA0
 0000000014E8F908: 00000001024D1312 atlantis64x.rtl.1:000D0312
 0000000014E8F928: 0000000053FDDCA0 pg90drv64x.dll.1:0003CCA0
 0000000014E8F970: 0000000053FDDCA0 pg90drv64x.dll.1:0003CCA0
 0000000014E8F9D8: 0000000053FDDCA0 pg90drv64x.dll.1:0003CCA0
Текущее время
 08-11-2025 10:45:24.6442443
Параметры программы
 "C:\Galaktika\AVAZ\chumachenko\6.0.09.0\exe\vip64x.exe  chumachenko.prj /r:chumachenko.res /c:vip.cfg /u:SUPERVISOR /#user:SUPERVISOR /def:Atl60"
Переменные окружения
 =::=::\
 =C:=C:\Galaktika\_git\Izhevsk\chumachenko
 ALLUSERSPROFILE=C:\ProgramData
 APPDATA=C:\Users\─ьшЄЁшщ\AppData\Roaming
 CommonProgramFiles=C:\Program Files\Common Files
 CommonProgramFiles(x86)=C:\Program Files (x86)\Common Files
 CommonProgramW6432=C:\Program Files\Common Files
 COMPUTERNAME=LAPUS-VICTUS
 ComSpec=C:\WINDOWS\system32\cmd.exe
 DD=20251108
 DriverData=C:\Windows\System32\Drivers\DriverData
 EFC_8588_1592913036=1
 exedir=C:\Galaktika\AVAZ\chumachenko\6.0.09.0\exe
 HOMEDRIVE=C:
 HOMEPATH=\Users\─ьшЄЁшщ
 LOCALAPPDATA=C:\Users\─ьшЄЁшщ\AppData\Local
 LOGONSERVER=\\LAPUS-VICTUS
 NUMBER_OF_PROCESSORS=16
 OneDrive=C:\Users\─ьшЄЁшщ\OneDrive
 OPENSSL_CONF=C:\Program Files\PostgreSQL\psqlODBC\etc\openssl.cnf
 OS=Windows_NT
 Path=C:\Program Files (x86)\Common Files\Oracle\Java\javapath;C:\Program Files\Microsoft\jdk-11.0.16.101-hotspot\bin;C:\Program Files (x86)\NVIDIA Corporation\PhysX\Common;C:\Windows\system32;C:\Windows;C:\Windows\System32\Wbem;C:\Windows\System32\WindowsPowerShell\v1.0\;C:\Windows\System32\OpenSSH\;C:\Program Files\Microsoft SQL Server\Client SDK\ODBC\170\Tools\Binn\;C:\Program Files (x86)\Microsoft SQL Server\150\Tools\Binn\;C:\Program Files\Microsoft SQL Server\150\Tools\Binn\;C:\Program Files\Microsoft SQL Server\150\DTS\Binn\;C:\Program Files (x86)\Microsoft SQL Server\150\DTS\Binn\;C:\WINDOWS\system32;C:\WINDOWS;C:\WINDOWS\System32\Wbem;C:\WINDOWS\System32\WindowsPowerShell\v1.0\;C:\WINDOWS\System32\OpenSSH\;C:\Program Files\dotnet\;C:\Program Files (x86)\dotnet\;C:\Program Files\PuTTY\;C:\WINDOWS\system32;C:\WINDOWS;C:\WINDOWS\System32\Wbem;C:\WINDOWS\System32\WindowsPowerShell\v1.0\;C:\WINDOWS\System32\OpenSSH\;C:\Program Files\Microsoft SQL Server\Client SDK\ODBC\130\Tools\Binn\;C:\Galaktika\ATL6\Libs\;C:\Galaktika\ATL6\Libs\x64;C:\Program Files (x86)\Microsoft SQL Server\160\DTS\Binn\;C:\Program Files\Git\cmd;C:\Program Files\GitExtensions\;C:\Users\─ьшЄЁшщ\AppData\Local\Programs\Python\Python311\Scripts\;C:\Users\─ьшЄЁшщ\AppData\Local\Programs\Python\Python311\;C:\Users\─ьшЄЁшщ\AppData\Local\Microsoft\WindowsApps;C:\Program Files\Azure Data Studio\bin;C:\Users\─ьшЄЁшщ\.dotnet\tools;C:\SRCFlutter\flutter\bin;;C:\Users\─ьшЄЁшщ\AppData\Local\Programs\Microsoft VS Code\bin;C:\Users\─ьшЄЁшщ\AppData\Local\JetBrains\PyCharm Community Edition 2022.3.2\bin;
 PATHEXT=.COM;.EXE;.BAT;.CMD;.VBS;.VBE;.JS;.JSE;.WSF;.WSH;.MSC
 PROCESSOR_ARCHITECTURE=AMD64
 PROCESSOR_IDENTIFIER=AMD64 Family 25 Model 80 Stepping 0, AuthenticAMD
 PROCESSOR_LEVEL=25
 PROCESSOR_REVISION=5000
 ProgramData=C:\ProgramData
 ProgramFiles=C:\Program Files
 ProgramFiles(x86)=C:\Program Files (x86)
 ProgramW6432=C:\Program Files
 PROMPT=$P$G
 PSModulePath=C:\Program Files\WindowsPowerShell\Modules;C:\WINDOWS\system32\WindowsPowerShell\v1.0\Modules;C:\Program Files (x86)\Microsoft SQL Server\150\Tools\PowerShell\Modules\
 PUBLIC=C:\Users\Public
 PyCharm Community Edition=C:\Users\─ьшЄЁшщ\AppData\Local\JetBrains\PyCharm Community Edition 2022.3.2\bin;
 SESSIONNAME=Console
 SystemDrive=C:
 SystemRoot=C:\WINDOWS
 TEMP=C:\Users\AACE~1\AppData\Local\Temp
 TMP=C:\Users\AACE~1\AppData\Local\Temp
 USERDOMAIN=LAPUS-VICTUS
 USERDOMAIN_ROAMINGPROFILE=LAPUS-VICTUS
 USERNAME=─ьшЄЁшщ
 USERPROFILE=C:\Users\─ьшЄЁшщ
 windir=C:\WINDOWS
 __PSLockDownPolicy=0
Список загруженных модулей
 vip64x.exe           0000000100000000 00000000005A0000 65535/65535 19/сен/2025 10:45:13 C:\Galaktika\AVAZ\chumachenko\6.0.09.0\exe\vip64x.exe *6.0.9.0
 ntdll.dll            00007FFE66C20000 0000000000269000 65535/65535 30/авг/2025 07:55:58 C:\WINDOWS\SYSTEM32\ntdll.dll *10.0.26100.5074
 KERNEL32.DLL         00007FFE659E0000 00000000000C9000 65535/65535 30/авг/2025 07:55:55 C:\WINDOWS\System32\KERNEL32.DLL *10.0.26100.5074
 KERNELBASE.dll       00007FFE64230000 00000000003F3000 65535/65535 30/авг/2025 07:55:55 C:\WINDOWS\System32\KERNELBASE.dll *10.0.26100.5074
 ole32.dll            00007FFE65AB0000 0000000000198000     1/1     30/авг/2025 07:55:50 C:\WINDOWS\System32\ole32.dll *10.0.26100.5074
 atlantis64x.rtl      0000000102400000 0000000000184000    14/14    19/сен/2025 10:45:13 C:\Galaktika\AVAZ\chumachenko\6.0.09.0\exe\atlantis64x.rtl *6.0.9.0
 msvcp_win.dll        00007FFE64810000 00000000000A3000     3/3     30/авг/2025 07:56:06 C:\WINDOWS\System32\msvcp_win.dll *10.0.26100.5074
 ADVAPI32.dll         00007FFE66630000 00000000000B4000     3/3     30/авг/2025 07:55:47 C:\WINDOWS\System32\ADVAPI32.dll *10.0.26100.5074
 ucrtbase.dll         00007FFE64630000 000000000014B000     9/9     30/авг/2025 07:56:06 C:\WINDOWS\System32\ucrtbase.dll *10.0.26100.5074
 msvcrt.dll           00007FFE64C80000 00000000000A9000     5/5     30/авг/2025 07:55:57 C:\WINDOWS\System32\msvcrt.dll *7.0.26100.5074/10.0.26100.5074
 GDI32.dll            00007FFE658B0000 000000000002B000     7/7     30/авг/2025 07:55:53 C:\WINDOWS\System32\GDI32.dll *10.0.26100.5074
 sechost.dll          00007FFE65D70000 00000000000A6000     1/1     30/авг/2025 07:56:00 C:\WINDOWS\System32\sechost.dll *10.0.26100.5074
 win32u.dll           00007FFE64090000 0000000000027000     1/1     30/авг/2025 07:56:08 C:\WINDOWS\System32\win32u.dll *10.0.26100.5074
 RPCRT4.dll           00007FFE65C50000 0000000000118000     6/6     30/авг/2025 07:55:59 C:\WINDOWS\System32\RPCRT4.dll *10.0.26100.5074
 gdi32full.dll        00007FFE648C0000 000000000012D000     7/7     30/авг/2025 07:55:53 C:\WINDOWS\System32\gdi32full.dll *10.0.26100.5074
 USER32.dll           00007FFE65F90000 00000000001C4000     7/7     30/авг/2025 07:56:06 C:\WINDOWS\System32\USER32.dll *10.0.26100.5074
 OLEAUT32.dll         00007FFE657D0000 00000000000D7000     3/3     30/авг/2025 07:55:58 C:\WINDOWS\System32\OLEAUT32.dll *10.0.26100.5074
 combase.dll          00007FFE66160000 000000000037B000     4/4     30/авг/2025 07:55:50 C:\WINDOWS\System32\combase.dll *10.0.26100.5074
 base64x.dll          0000000110000000 000000000009A000     4/4     19/сен/2025 10:45:13 C:\Galaktika\AVAZ\chumachenko\6.0.09.0\exe\base64x.dll *6.0.9.0
 _cfg64x.dll          0000000062580000 000000000003A000     1/1     19/сен/2025 10:45:13 C:\Galaktika\AVAZ\chumachenko\6.0.09.0\exe\_cfg64x.dll *6.0.9.0
 winspool.drv         00007FFE4B330000 00000000000B2000     1/1     30/авг/2025 07:55:59 C:\WINDOWS\SYSTEM32\winspool.drv *10.0.26100.5074
 libxml264x.dll       0000000065100000 0000000000442000     2/2     19/сен/2025 10:45:13 C:\Galaktika\AVAZ\chumachenko\6.0.09.0\exe\libxml264x.dll *2.9.7.0
 WS2_32.dll           00007FFE65750000 0000000000074000     2/2     30/авг/2025 07:56:08 C:\WINDOWS\System32\WS2_32.dll *10.0.26100.5074
 shcore.dll           00007FFE658E0000 00000000000F0000     1/1     30/авг/2025 07:56:02 C:\WINDOWS\System32\shcore.dll *10.0.26100.5074
 cfgmgr32.dll         00007FFE63A60000 0000000000057000     1/1     29/авг/2025 18:53:21 C:\WINDOWS\SYSTEM32\cfgmgr32.dll *10.0.26100.4202
 WSOCK32.dll          00007FFE35230000 000000000000A000     2/2     01/апр/2024 10:22:14 C:\WINDOWS\SYSTEM32\WSOCK32.dll *10.0.26100.1
 streams_64x.dll      0000000000EB0000 000000000015D000    12/12    19/сен/2025 10:45:13 C:\Galaktika\AVAZ\chumachenko\6.0.09.0\exe\streams_64x.dll *6.0.9.0
 atllib_64x.dll       00000000006E0000 0000000000047000    13/13    19/сен/2025 10:45:13 C:\Galaktika\AVAZ\chumachenko\6.0.09.0\exe\atllib_64x.dll *6.0.9.0
 editor_64x.dll       0000000000730000 0000000000033000     1/1     19/сен/2025 10:45:13 C:\Galaktika\AVAZ\chumachenko\6.0.09.0\exe\editor_64x.dll *6.0.9.0
 ecc_64x.dll          0000000000770000 000000000003D000     4/4     19/сен/2025 10:45:13 C:\Galaktika\AVAZ\chumachenko\6.0.09.0\exe\ecc_64x.dll *6.0.9.0
 lotdll_64x.dll       0000000001010000 0000000000048000     1/1     19/сен/2025 10:45:13 C:\Galaktika\AVAZ\chumachenko\6.0.09.0\exe\lotdll_64x.dll *6.0.9.0
 forms_64x.dll        0000000001060000 00000000000D1000     2/2     30/сен/2025 20:24:00 C:\Galaktika\AVAZ\chumachenko\6.0.09.0\exe\forms_64x.dll *6.0.9.0
 protect_64x.dll      00000000001D0000 0000000000017000     4/4     29/сен/2025 16:58:29 C:\Galaktika\AVAZ\chumachenko\6.0.09.0\exe\protect_64x.dll *6.0.9.0
 atvipobj64x.dll      0000000001140000 0000000000021000     1/1     19/сен/2025 10:45:13 C:\Galaktika\AVAZ\chumachenko\6.0.09.0\exe\atvipobj64x.dll *6.0.9.0
 ifcobjs_64x.dll      0000000001170000 0000000000014000     1/1     19/сен/2025 10:45:13 C:\Galaktika\AVAZ\chumachenko\6.0.09.0\exe\ifcobjs_64x.dll *6.0.9.0
 jitvip64x.dll        0000000001190000 0000000000027000     1/1     19/сен/2025 10:45:13 C:\Galaktika\AVAZ\chumachenko\6.0.09.0\exe\jitvip64x.dll *6.0.9.0
 atlpop64x.dll        00000000011C0000 000000000008B000     1/1     19/сен/2025 10:45:13 C:\Galaktika\AVAZ\chumachenko\6.0.09.0\exe\atlpop64x.dll *6.0.9.0
 nation_64x.dll       00000000001F0000 000000000000B000     1/1     19/сен/2025 10:45:13 C:\Galaktika\AVAZ\chumachenko\6.0.09.0\exe\nation_64x.dll *6.0.9.0
 IMM32.DLL            00007FFE64E30000 000000000002F000     1/1     29/авг/2025 18:53:19 C:\WINDOWS\System32\IMM32.DLL *10.0.26100.4484
 SspiCli.dll          00007FFE62F10000 0000000000049000     4/4     29/авг/2025 18:53:33 C:\WINDOWS\SYSTEM32\SspiCli.dll *10.0.26100.4484
 libeay32.dll         00007FFDF1C70000 0000000000207000     2/2     23/сен/2025 16:27:09 C:\Galaktika\AVAZ\chumachenko\6.0.09.0\exe\SSL64\libeay32.dll *1.0.2.14
 VCRUNTIME140.dll     00007FFE35240000 000000000001E000 65535/65535 03/июн/2025 06:00:00 C:\WINDOWS\SYSTEM32\VCRUNTIME140.dll *14.42.34438.0
 ssleay32.dll         00007FFE5B920000 000000000005B000     1/1     23/сен/2025 16:27:09 C:\Galaktika\AVAZ\chumachenko\6.0.09.0\exe\SSL64\ssleay32.dll *1.0.2.14
 CRYPTSP.dll          00007FFE635A0000 000000000001B000     1/1     30/авг/2025 07:55:50 C:\WINDOWS\SYSTEM32\CRYPTSP.dll *10.0.26100.5074
 rsaenh.dll           00007FFE62BD0000 000000000003B000     2/2     30/авг/2025 07:55:59 C:\WINDOWS\system32\rsaenh.dll *10.0.26100.5074
 CRYPTBASE.dll        00007FFE63400000 000000000000C000     2/2     30/авг/2025 07:55:50 C:\WINDOWS\SYSTEM32\CRYPTBASE.dll *10.0.26100.5074
 bcryptPrimitives.dll 00007FFE63FF0000 0000000000099000 65535/65535 30/авг/2025 07:55:49 C:\WINDOWS\System32\bcryptPrimitives.dll *10.0.26100.5074
 asmuser64x.dll       0000000001520000 0000000000023000     1/1     19/сен/2025 10:45:13 C:\Galaktika\AVAZ\chumachenko\6.0.09.0\exe\asmuser64x.dll *6.0.9.0
 mpr.dll              00007FFE5B220000 0000000000021000     1/1     29/авг/2025 18:53:19 C:\WINDOWS\SYSTEM32\mpr.dll *10.0.26100.1882
 vision_w64x.dll      000000006A880000 0000000000332000     1/1     19/сен/2025 10:45:13 C:\Galaktika\AVAZ\chumachenko\6.0.09.0\exe\vision_w64x.dll *6.0.9.0
 SHELL32.dll          00007FFE65000000 000000000074D000     3/3     30/авг/2025 07:56:03 C:\WINDOWS\System32\SHELL32.dll *10.0.26100.5074
 gdesk64x.dll         000000006DB40000 0000000000042000     1/1     19/сен/2025 10:45:13 C:\Galaktika\AVAZ\chumachenko\6.0.09.0\exe\gdesk64x.dll *6.0.9.0
 wintypes.dll         00007FFE640C0000 000000000016C000     1/1     30/авг/2025 07:55:50 C:\WINDOWS\System32\wintypes.dll *10.0.26100.5074
 uxtheme.dll          00007FFE60FC0000 00000000000A8000     3/3     30/авг/2025 07:56:07 C:\WINDOWS\SYSTEM32\uxtheme.dll *10.0.26100.5074
 dwmapi.dll           00007FFE612B0000 000000000002B000     1/1     30/авг/2025 07:55:51 C:\WINDOWS\SYSTEM32\dwmapi.dll *10.0.26100.5074
 MSCTF.dll            00007FFE65E30000 0000000000158000     1/1     30/авг/2025 07:56:05 C:\WINDOWS\System32\MSCTF.dll *10.0.26100.5074
 zprint_w64x.dll      000000006C700000 0000000000048000     2/2     19/сен/2025 10:45:13 C:\Galaktika\AVAZ\chumachenko\6.0.09.0\exe\zprint_w64x.dll *6.0.9.0
 pg90drv64x.dll       0000000053FA0000 0000000000224000     1/1     02/окт/2025 14:51:31 C:\Galaktika\AVAZ\chumachenko\6.0.09.0\exe\pg90drv64x.dll *6.0.9.0
 ODBC32.dll           00007FFE56CD0000 00000000000C4000     2/2     30/авг/2025 07:55:57 C:\WINDOWS\SYSTEM32\ODBC32.dll *10.0.26100.5074
 CRYPT32.dll          00007FFE63E70000 0000000000177000 65535/65535 30/авг/2025 07:55:50 C:\WINDOWS\System32\CRYPT32.dll *10.0.26100.5074
 DPAPI.DLL            00007FFE63AE0000 000000000000A000     1/1     01/апр/2024 10:22:15 C:\WINDOWS\SYSTEM32\DPAPI.DLL *10.0.26100.1
 bcrypt.dll           00007FFE63CA0000 0000000000026000 65535/65535 30/авг/2025 07:55:49 C:\WINDOWS\SYSTEM32\bcrypt.dll *10.0.26100.5074
 podbc35w.dll         00007FFDF5F00000 00000000000ED000     1/1     11/июн/2025 16:40:38 C:\WINDOWS\system32\podbc35w.dll *17.0.0.6
 libpq.dll            00007FFDFCCB0000 000000000005A000     1/1     10/июн/2025 12:34:12 C:\WINDOWS\system32\libpq.dll *17.0.5.0
 WINMM.dll            00007FFE5A390000 0000000000035000     1/1     30/авг/2025 07:55:48 C:\WINDOWS\system32\WINMM.dll *10.0.26100.5074
 MSVCP140.dll         00007FFE31070000 000000000008D000     1/1     03/июн/2025 06:00:00 C:\WINDOWS\system32\MSVCP140.dll *14.42.34438.0
 VCRUNTIME140_1.dll   00007FFE3AC30000 000000000000C000     2/2     27/апр/2024 23:20:22 C:\WINDOWS\system32\VCRUNTIME140_1.dll *14.40.33810.0
 WLDAP32.dll          00007FFE64F30000 0000000000075000     1/1     30/авг/2025 07:55:55 C:\WINDOWS\System32\WLDAP32.dll *10.0.26100.5074
 Secur32.dll          00007FFE60EB0000 000000000000D000     1/1     01/апр/2024 10:22:11 C:\WINDOWS\system32\Secur32.dll *10.0.26100.1
 libssl-3-x64.dll     00007FFDD4710000 0000000000136000     1/1     11/фев/2025 16:05:16 C:\WINDOWS\system32\libssl-3-x64.dll *3.3.3.0
 libcrypto-3-x64.dll  00007FFDD4850000 0000000000625000 65535/65535 11/фев/2025 16:05:16 C:\WINDOWS\system32\libcrypto-3-x64.dll *3.3.3.0
 odbccp32.dll         00007FFE46580000 0000000000025000     1/1     30/авг/2025 07:55:56 C:\WINDOWS\SYSTEM32\odbccp32.dll *10.0.26100.5074
 VERSION.dll          00007FFE5C880000 000000000000B000     1/1     29/авг/2025 18:53:19 C:\WINDOWS\SYSTEM32\VERSION.dll *10.0.26100.1150
 mswsock.dll          00007FFE631D0000 000000000006B000     6/6     30/авг/2025 07:56:08 C:\WINDOWS\system32\mswsock.dll *10.0.26100.5074
 DNSAPI.dll           00007FFE62670000 0000000000126000 65535/65535 30/авг/2025 07:55:52 C:\WINDOWS\SYSTEM32\DNSAPI.dll *10.0.26100.5074
 IPHLPAPI.DLL         00007FFE625E0000 0000000000034000 65535/65535 30/авг/2025 07:56:05 C:\WINDOWS\SYSTEM32\IPHLPAPI.DLL *10.0.26100.5074
 NSI.dll              00007FFE65E20000 000000000000A000 65535/65535 30/авг/2025 07:56:07 C:\WINDOWS\System32\NSI.dll *10.0.26100.5074
 rasadhlp.dll         00007FFE5B9E0000 000000000000B000     1/1     29/авг/2025 18:53:34 C:\Windows\System32\rasadhlp.dll *10.0.26100.1150
 fwpuclnt.dll         00007FFE5AC80000 0000000000086000     1/1     30/авг/2025 07:55:57 C:\WINDOWS\System32\fwpuclnt.dll *10.0.26100.5074
 dhcpcsvc.DLL         00007FFE5C000000 0000000000023000     1/1     30/авг/2025 07:55:51 C:\WINDOWS\SYSTEM32\dhcpcsvc.DLL *10.0.26100.5074
 atlsock64x.dll       000000006DC80000 000000000002C000     2/2     19/сен/2025 10:45:13 C:\Galaktika\AVAZ\chumachenko\6.0.09.0\exe\atlsock64x.dll *6.0.9.0
 NETAPI32.DLL         00007FFE57F90000 000000000001A000     1/1     29/авг/2025 18:53:17 C:\WINDOWS\SYSTEM32\NETAPI32.DLL *10.0.26100.1150
 SRVCLI.DLL           00007FFE5B1D0000 0000000000029000     1/1     29/авг/2025 18:53:22 C:\WINDOWS\SYSTEM32\SRVCLI.DLL *10.0.26100.1150
 NETUTILS.DLL         00007FFE625A0000 000000000000D000     1/1     29/авг/2025 18:53:22 C:\WINDOWS\SYSTEM32\NETUTILS.DLL *10.0.26100.1882
 SAMCLI.DLL           00007FFE62580000 000000000001B000     1/1     29/авг/2025 18:53:22 C:\WINDOWS\SYSTEM32\SAMCLI.DLL *10.0.26100.4768
 napinsp.dll          00007FFDFB8B0000 0000000000018000     1/1     29/авг/2025 18:53:18 C:\WINDOWS\system32\napinsp.dll *10.0.26100.1150
 winrnr.dll           00007FFDFB240000 0000000000012000     1/1     29/авг/2025 18:53:21 C:\WINDOWS\System32\winrnr.dll *10.0.26100.1882
 nlansp_c.dll         00007FFDFEB60000 0000000000028000     1/1     30/авг/2025 07:55:58 C:\WINDOWS\system32\nlansp_c.dll *10.0.26100.5074
 wshbth.dll           00007FFE5BFC0000 0000000000016000     1/1     30/авг/2025 07:55:47 C:\WINDOWS\system32\wshbth.dll *10.0.26100.5074
 mt_drv64x.dll        0000000012B70000 0000000000111000     1/1     19/сен/2025 10:45:13 C:\Galaktika\AVAZ\chumachenko\6.0.09.0\exe\mt_drv64x.dll *6.0.9.0

▓▓▓▓▓▓▓▓▓▓▓▓▓▓▓▓▓▓▓▓▓▓▓▓▓▓▓▓▓▓▓▓▓▓▓▓▓▓▓▓▓▓▓▓▓▓▓▓▓▓▓▓▓▓▓▓▓▓▓▓▓▓▓▓▓▓▓▓▓▓▓▓▓▓▓▓▓▓▓



▓▓▓▓▓▓▓▓▓▓▓▓▓▓▓▓▓▓▓▓▓▓▓▓▓▓▓▓▓▓▓▓▓▓▓▓▓▓▓▓▓▓▓▓▓▓▓▓▓▓▓▓▓▓▓▓▓▓▓▓▓▓▓▓▓▓▓▓▓▓▓▓▓▓▓▓▓▓▓
▓▓▓▓▓ Запишите следующую информацию об ошибке и отошлите ее разработчикам ▓▓▓▓▓
▓ вместе с описанием ситуации, названием, версией и датой EXE-файла программы ▓
▓▓▓▓▓▓▓▓▓▓▓▓▓▓▓▓▓▓▓▓▓▓▓▓▓▓▓▓▓▓▓▓▓▓▓▓▓▓▓▓▓▓▓▓▓▓▓▓▓▓▓▓▓▓▓▓▓▓▓▓▓▓▓▓▓▓▓▓▓▓▓▓▓▓▓▓▓▓▓


▓ Программа: "vip64x.exe"  Время запуска: 10:47:28 08/11/2025
▓ Исполняемый модуль: "C:\Galaktika\AVAZ\chumachenko\6.0.09.0\exe\vip64x.exe"
▓ Система: Windows NT  Логин: "Дмитрий"  Станция: "LAPUS-VICTUS"

Необработанная исключительная ситуация
Код исключения: C0000005 (Общее нарушение защиты доступа к памяти)
Параметры исключения (2): 0000000000000000 000000000000000A
Адрес исключения: 000000005401F966 pg90drv64x.dll.1:0007E966
Содержимое регистров процессора
 RAX = 0000000000000000
 RBX = 000000000000000F
 RCX = 0000000000000002
 RDX = 0000000000000001
 RSI = 00000000032B0904
 RDI = 0000000014F2F830
 RBP = 0000000054136060 pg90drv64x.dll.2:00003060
 RSP = 0000000014F2F810
 RIP = 000000005401F966 pg90drv64x.dll.1:0007E966
 R8  = 7FFFFFFFFFFFFFFC
 R9  = 00000000030305C0
 R10 = 0000000000610000
 R11 = 0000000000000246
 R12 = 0000000002C34C9C
 R13 = 0000000053FA0000
 R14 = 0000000002C52E38
 R15 = 0000000053FA0000
Содержимое стека
 0000000014F2F830: 0000000054171160 pg90drv64x.dll.3:0003A160
 0000000014F2F868: 000000005401F76D pg90drv64x.dll.1:0007E76D
 0000000014F2F898: 0000000053FFAC43 pg90drv64x.dll.1:00059C43
 0000000014F2F8D8: 0000000053FDDCD8 pg90drv64x.dll.1:0003CCD8
 0000000014F2F8F8: 0000000053FDDCA0 pg90drv64x.dll.1:0003CCA0
 0000000014F2F900: 0000000053FDDCA0 pg90drv64x.dll.1:0003CCA0
 0000000014F2F908: 00000001024D1312 atlantis64x.rtl.1:000D0312
 0000000014F2F928: 0000000053FDDCA0 pg90drv64x.dll.1:0003CCA0
 0000000014F2F970: 0000000053FDDCA0 pg90drv64x.dll.1:0003CCA0
 0000000014F2F9D8: 0000000053FDDCA0 pg90drv64x.dll.1:0003CCA0
Текущее время
 08-11-2025 10:47:39.6220850
Параметры программы
 "C:\Galaktika\AVAZ\chumachenko\6.0.09.0\exe\vip64x.exe  chumachenko.prj /r:chumachenko.res /c:vip.cfg /u:SUPERVISOR /#user:SUPERVISOR /def:Atl60"
Переменные окружения
 =::=::\
 =C:=C:\Galaktika\_git\Izhevsk\chumachenko
 ALLUSERSPROFILE=C:\ProgramData
 APPDATA=C:\Users\─ьшЄЁшщ\AppData\Roaming
 CommonProgramFiles=C:\Program Files\Common Files
 CommonProgramFiles(x86)=C:\Program Files (x86)\Common Files
 CommonProgramW6432=C:\Program Files\Common Files
 COMPUTERNAME=LAPUS-VICTUS
 ComSpec=C:\WINDOWS\system32\cmd.exe
 DD=20251108
 DriverData=C:\Windows\System32\Drivers\DriverData
 EFC_8588_1592913036=1
 exedir=C:\Galaktika\AVAZ\chumachenko\6.0.09.0\exe
 HOMEDRIVE=C:
 HOMEPATH=\Users\─ьшЄЁшщ
 LOCALAPPDATA=C:\Users\─ьшЄЁшщ\AppData\Local
 LOGONSERVER=\\LAPUS-VICTUS
 NUMBER_OF_PROCESSORS=16
 OneDrive=C:\Users\─ьшЄЁшщ\OneDrive
 OPENSSL_CONF=C:\Program Files\PostgreSQL\psqlODBC\etc\openssl.cnf
 OS=Windows_NT
 Path=C:\Program Files (x86)\Common Files\Oracle\Java\javapath;C:\Program Files\Microsoft\jdk-11.0.16.101-hotspot\bin;C:\Program Files (x86)\NVIDIA Corporation\PhysX\Common;C:\Windows\system32;C:\Windows;C:\Windows\System32\Wbem;C:\Windows\System32\WindowsPowerShell\v1.0\;C:\Windows\System32\OpenSSH\;C:\Program Files\Microsoft SQL Server\Client SDK\ODBC\170\Tools\Binn\;C:\Program Files (x86)\Microsoft SQL Server\150\Tools\Binn\;C:\Program Files\Microsoft SQL Server\150\Tools\Binn\;C:\Program Files\Microsoft SQL Server\150\DTS\Binn\;C:\Program Files (x86)\Microsoft SQL Server\150\DTS\Binn\;C:\WINDOWS\system32;C:\WINDOWS;C:\WINDOWS\System32\Wbem;C:\WINDOWS\System32\WindowsPowerShell\v1.0\;C:\WINDOWS\System32\OpenSSH\;C:\Program Files\dotnet\;C:\Program Files (x86)\dotnet\;C:\Program Files\PuTTY\;C:\WINDOWS\system32;C:\WINDOWS;C:\WINDOWS\System32\Wbem;C:\WINDOWS\System32\WindowsPowerShell\v1.0\;C:\WINDOWS\System32\OpenSSH\;C:\Program Files\Microsoft SQL Server\Client SDK\ODBC\130\Tools\Binn\;C:\Galaktika\ATL6\Libs\;C:\Galaktika\ATL6\Libs\x64;C:\Program Files (x86)\Microsoft SQL Server\160\DTS\Binn\;C:\Program Files\Git\cmd;C:\Program Files\GitExtensions\;C:\Users\─ьшЄЁшщ\AppData\Local\Programs\Python\Python311\Scripts\;C:\Users\─ьшЄЁшщ\AppData\Local\Programs\Python\Python311\;C:\Users\─ьшЄЁшщ\AppData\Local\Microsoft\WindowsApps;C:\Program Files\Azure Data Studio\bin;C:\Users\─ьшЄЁшщ\.dotnet\tools;C:\SRCFlutter\flutter\bin;;C:\Users\─ьшЄЁшщ\AppData\Local\Programs\Microsoft VS Code\bin;C:\Users\─ьшЄЁшщ\AppData\Local\JetBrains\PyCharm Community Edition 2022.3.2\bin;
 PATHEXT=.COM;.EXE;.BAT;.CMD;.VBS;.VBE;.JS;.JSE;.WSF;.WSH;.MSC
 PROCESSOR_ARCHITECTURE=AMD64
 PROCESSOR_IDENTIFIER=AMD64 Family 25 Model 80 Stepping 0, AuthenticAMD
 PROCESSOR_LEVEL=25
 PROCESSOR_REVISION=5000
 ProgramData=C:\ProgramData
 ProgramFiles=C:\Program Files
 ProgramFiles(x86)=C:\Program Files (x86)
 ProgramW6432=C:\Program Files
 PROMPT=$P$G
 PSModulePath=C:\Program Files\WindowsPowerShell\Modules;C:\WINDOWS\system32\WindowsPowerShell\v1.0\Modules;C:\Program Files (x86)\Microsoft SQL Server\150\Tools\PowerShell\Modules\
 PUBLIC=C:\Users\Public
 PyCharm Community Edition=C:\Users\─ьшЄЁшщ\AppData\Local\JetBrains\PyCharm Community Edition 2022.3.2\bin;
 SESSIONNAME=Console
 SystemDrive=C:
 SystemRoot=C:\WINDOWS
 TEMP=C:\Users\AACE~1\AppData\Local\Temp
 TMP=C:\Users\AACE~1\AppData\Local\Temp
 USERDOMAIN=LAPUS-VICTUS
 USERDOMAIN_ROAMINGPROFILE=LAPUS-VICTUS
 USERNAME=─ьшЄЁшщ
 USERPROFILE=C:\Users\─ьшЄЁшщ
 windir=C:\WINDOWS
 __PSLockDownPolicy=0
Список загруженных модулей
 vip64x.exe           0000000100000000 00000000005A0000 65535/65535 19/сен/2025 10:45:13 C:\Galaktika\AVAZ\chumachenko\6.0.09.0\exe\vip64x.exe *6.0.9.0
 ntdll.dll            00007FFE66C20000 0000000000269000 65535/65535 30/авг/2025 07:55:58 C:\WINDOWS\SYSTEM32\ntdll.dll *10.0.26100.5074
 KERNEL32.DLL         00007FFE659E0000 00000000000C9000 65535/65535 30/авг/2025 07:55:55 C:\WINDOWS\System32\KERNEL32.DLL *10.0.26100.5074
 KERNELBASE.dll       00007FFE64230000 00000000003F3000 65535/65535 30/авг/2025 07:55:55 C:\WINDOWS\System32\KERNELBASE.dll *10.0.26100.5074
 ole32.dll            00007FFE65AB0000 0000000000198000     1/1     30/авг/2025 07:55:50 C:\WINDOWS\System32\ole32.dll *10.0.26100.5074
 msvcp_win.dll        00007FFE64810000 00000000000A3000     3/3     30/авг/2025 07:56:06 C:\WINDOWS\System32\msvcp_win.dll *10.0.26100.5074
 atlantis64x.rtl      0000000102400000 0000000000184000    14/14    19/сен/2025 10:45:13 C:\Galaktika\AVAZ\chumachenko\6.0.09.0\exe\atlantis64x.rtl *6.0.9.0
 ucrtbase.dll         00007FFE64630000 000000000014B000     9/9     30/авг/2025 07:56:06 C:\WINDOWS\System32\ucrtbase.dll *10.0.26100.5074
 ADVAPI32.dll         00007FFE66630000 00000000000B4000     3/3     30/авг/2025 07:55:47 C:\WINDOWS\System32\ADVAPI32.dll *10.0.26100.5074
 msvcrt.dll           00007FFE64C80000 00000000000A9000     5/5     30/авг/2025 07:55:57 C:\WINDOWS\System32\msvcrt.dll *7.0.26100.5074/10.0.26100.5074
 GDI32.dll            00007FFE658B0000 000000000002B000     7/7     30/авг/2025 07:55:53 C:\WINDOWS\System32\GDI32.dll *10.0.26100.5074
 sechost.dll          00007FFE65D70000 00000000000A6000     1/1     30/авг/2025 07:56:00 C:\WINDOWS\System32\sechost.dll *10.0.26100.5074
 win32u.dll           00007FFE64090000 0000000000027000     1/1     30/авг/2025 07:56:08 C:\WINDOWS\System32\win32u.dll *10.0.26100.5074
 gdi32full.dll        00007FFE648C0000 000000000012D000     7/7     30/авг/2025 07:55:53 C:\WINDOWS\System32\gdi32full.dll *10.0.26100.5074
 RPCRT4.dll           00007FFE65C50000 0000000000118000     6/6     30/авг/2025 07:55:59 C:\WINDOWS\System32\RPCRT4.dll *10.0.26100.5074
 USER32.dll           00007FFE65F90000 00000000001C4000     7/7     30/авг/2025 07:56:06 C:\WINDOWS\System32\USER32.dll *10.0.26100.5074
 OLEAUT32.dll         00007FFE657D0000 00000000000D7000     3/3     30/авг/2025 07:55:58 C:\WINDOWS\System32\OLEAUT32.dll *10.0.26100.5074
 combase.dll          00007FFE66160000 000000000037B000     4/4     30/авг/2025 07:55:50 C:\WINDOWS\System32\combase.dll *10.0.26100.5074
 atllib_64x.dll       0000000110000000 0000000000047000    13/13    19/сен/2025 10:45:13 C:\Galaktika\AVAZ\chumachenko\6.0.09.0\exe\atllib_64x.dll *6.0.9.0
 _cfg64x.dll          0000000062580000 000000000003A000     1/1     19/сен/2025 10:45:13 C:\Galaktika\AVAZ\chumachenko\6.0.09.0\exe\_cfg64x.dll *6.0.9.0
 winspool.drv         00007FFE4B330000 00000000000B2000     1/1     30/авг/2025 07:55:59 C:\WINDOWS\SYSTEM32\winspool.drv *10.0.26100.5074
 libxml264x.dll       0000000065100000 0000000000442000     2/2     19/сен/2025 10:45:13 C:\Galaktika\AVAZ\chumachenko\6.0.09.0\exe\libxml264x.dll *2.9.7.0
 WS2_32.dll           00007FFE65750000 0000000000074000     2/2     30/авг/2025 07:56:08 C:\WINDOWS\System32\WS2_32.dll *10.0.26100.5074
 shcore.dll           00007FFE658E0000 00000000000F0000     1/1     30/авг/2025 07:56:02 C:\WINDOWS\System32\shcore.dll *10.0.26100.5074
 cfgmgr32.dll         00007FFE63A60000 0000000000057000     1/1     29/авг/2025 18:53:21 C:\WINDOWS\SYSTEM32\cfgmgr32.dll *10.0.26100.4202
 WSOCK32.dll          00007FFE35230000 000000000000A000     2/2     01/апр/2024 10:22:14 C:\WINDOWS\SYSTEM32\WSOCK32.dll *10.0.26100.1
 base64x.dll          0000000000DB0000 000000000009A000     4/4     19/сен/2025 10:45:13 C:\Galaktika\AVAZ\chumachenko\6.0.09.0\exe\base64x.dll *6.0.9.0
 streams_64x.dll      0000000000E50000 000000000015D000    12/12    19/сен/2025 10:45:13 C:\Galaktika\AVAZ\chumachenko\6.0.09.0\exe\streams_64x.dll *6.0.9.0
 ecc_64x.dll          0000000000FB0000 000000000003D000     4/4     19/сен/2025 10:45:13 C:\Galaktika\AVAZ\chumachenko\6.0.09.0\exe\ecc_64x.dll *6.0.9.0
 forms_64x.dll        0000000000FF0000 00000000000D1000     2/2     30/сен/2025 20:24:00 C:\Galaktika\AVAZ\chumachenko\6.0.09.0\exe\forms_64x.dll *6.0.9.0
 editor_64x.dll       00000000010D0000 0000000000033000     1/1     19/сен/2025 10:45:13 C:\Galaktika\AVAZ\chumachenko\6.0.09.0\exe\editor_64x.dll *6.0.9.0
 protect_64x.dll      0000000001110000 0000000000017000     4/4     29/сен/2025 16:58:29 C:\Galaktika\AVAZ\chumachenko\6.0.09.0\exe\protect_64x.dll *6.0.9.0
 lotdll_64x.dll       0000000001130000 0000000000048000     1/1     19/сен/2025 10:45:13 C:\Galaktika\AVAZ\chumachenko\6.0.09.0\exe\lotdll_64x.dll *6.0.9.0
 atvipobj64x.dll      0000000001180000 0000000000021000     1/1     19/сен/2025 10:45:13 C:\Galaktika\AVAZ\chumachenko\6.0.09.0\exe\atvipobj64x.dll *6.0.9.0
 jitvip64x.dll        00000000011B0000 0000000000027000     1/1     19/сен/2025 10:45:13 C:\Galaktika\AVAZ\chumachenko\6.0.09.0\exe\jitvip64x.dll *6.0.9.0
 ifcobjs_64x.dll      00000000011E0000 0000000000014000     1/1     19/сен/2025 10:45:13 C:\Galaktika\AVAZ\chumachenko\6.0.09.0\exe\ifcobjs_64x.dll *6.0.9.0
 atlpop64x.dll        0000000001200000 000000000008B000     1/1     19/сен/2025 10:45:13 C:\Galaktika\AVAZ\chumachenko\6.0.09.0\exe\atlpop64x.dll *6.0.9.0
 nation_64x.dll       0000000001290000 000000000000B000     1/1     19/сен/2025 10:45:13 C:\Galaktika\AVAZ\chumachenko\6.0.09.0\exe\nation_64x.dll *6.0.9.0
 IMM32.DLL            00007FFE64E30000 000000000002F000     1/1     29/авг/2025 18:53:19 C:\WINDOWS\System32\IMM32.DLL *10.0.26100.4484
 SspiCli.dll          00007FFE62F10000 0000000000049000     4/4     29/авг/2025 18:53:33 C:\WINDOWS\SYSTEM32\SspiCli.dll *10.0.26100.4484
 libeay32.dll         00007FFDF1C70000 0000000000207000     2/2     23/сен/2025 16:27:09 C:\Galaktika\AVAZ\chumachenko\6.0.09.0\exe\SSL64\libeay32.dll *1.0.2.14
 VCRUNTIME140.dll     00007FFE35240000 000000000001E000 65535/65535 03/июн/2025 06:00:00 C:\WINDOWS\SYSTEM32\VCRUNTIME140.dll *14.42.34438.0
 ssleay32.dll         00007FFE5B920000 000000000005B000     1/1     23/сен/2025 16:27:09 C:\Galaktika\AVAZ\chumachenko\6.0.09.0\exe\SSL64\ssleay32.dll *1.0.2.14
 CRYPTSP.dll          00007FFE635A0000 000000000001B000     1/1     30/авг/2025 07:55:50 C:\WINDOWS\SYSTEM32\CRYPTSP.dll *10.0.26100.5074
 rsaenh.dll           00007FFE62BD0000 000000000003B000     2/2     30/авг/2025 07:55:59 C:\WINDOWS\system32\rsaenh.dll *10.0.26100.5074
 CRYPTBASE.dll        00007FFE63400000 000000000000C000     2/2     30/авг/2025 07:55:50 C:\WINDOWS\SYSTEM32\CRYPTBASE.dll *10.0.26100.5074
 bcryptPrimitives.dll 00007FFE63FF0000 0000000000099000 65535/65535 30/авг/2025 07:55:49 C:\WINDOWS\System32\bcryptPrimitives.dll *10.0.26100.5074
 asmuser64x.dll       0000000003770000 0000000000023000     1/1     19/сен/2025 10:45:13 C:\Galaktika\AVAZ\chumachenko\6.0.09.0\exe\asmuser64x.dll *6.0.9.0
 mpr.dll              00007FFE5B220000 0000000000021000     1/1     29/авг/2025 18:53:19 C:\WINDOWS\SYSTEM32\mpr.dll *10.0.26100.1882
 vision_w64x.dll      000000006A880000 0000000000332000     1/1     19/сен/2025 10:45:13 C:\Galaktika\AVAZ\chumachenko\6.0.09.0\exe\vision_w64x.dll *6.0.9.0
 SHELL32.dll          00007FFE65000000 000000000074D000     3/3     30/авг/2025 07:56:03 C:\WINDOWS\System32\SHELL32.dll *10.0.26100.5074
 gdesk64x.dll         000000006DB40000 0000000000042000     1/1     19/сен/2025 10:45:13 C:\Galaktika\AVAZ\chumachenko\6.0.09.0\exe\gdesk64x.dll *6.0.9.0
 wintypes.dll         00007FFE640C0000 000000000016C000     1/1     30/авг/2025 07:55:50 C:\WINDOWS\System32\wintypes.dll *10.0.26100.5074
 uxtheme.dll          00007FFE60FC0000 00000000000A8000     3/3     30/авг/2025 07:56:07 C:\WINDOWS\SYSTEM32\uxtheme.dll *10.0.26100.5074
 dwmapi.dll           00007FFE612B0000 000000000002B000     1/1     30/авг/2025 07:55:51 C:\WINDOWS\SYSTEM32\dwmapi.dll *10.0.26100.5074
 MSCTF.dll            00007FFE65E30000 0000000000158000     1/1     30/авг/2025 07:56:05 C:\WINDOWS\System32\MSCTF.dll *10.0.26100.5074
 zprint_w64x.dll      000000006C700000 0000000000048000     2/2     19/сен/2025 10:45:13 C:\Galaktika\AVAZ\chumachenko\6.0.09.0\exe\zprint_w64x.dll *6.0.9.0
 pg90drv64x.dll       0000000053FA0000 0000000000224000     1/1     02/окт/2025 14:51:31 C:\Galaktika\AVAZ\chumachenko\6.0.09.0\exe\pg90drv64x.dll *6.0.9.0
 ODBC32.dll           00007FFE56CD0000 00000000000C4000     2/2     30/авг/2025 07:55:57 C:\WINDOWS\SYSTEM32\ODBC32.dll *10.0.26100.5074
 CRYPT32.dll          00007FFE63E70000 0000000000177000 65535/65535 30/авг/2025 07:55:50 C:\WINDOWS\System32\CRYPT32.dll *10.0.26100.5074
 DPAPI.DLL            00007FFE63AE0000 000000000000A000     1/1     01/апр/2024 10:22:15 C:\WINDOWS\SYSTEM32\DPAPI.DLL *10.0.26100.1
 bcrypt.dll           00007FFE63CA0000 0000000000026000 65535/65535 30/авг/2025 07:55:49 C:\WINDOWS\SYSTEM32\bcrypt.dll *10.0.26100.5074
 podbc35w.dll         00007FFDF5F00000 00000000000ED000     1/1     11/июн/2025 16:40:38 C:\WINDOWS\system32\podbc35w.dll *17.0.0.6
 VCRUNTIME140_1.dll   00007FFE3AC30000 000000000000C000     2/2     27/апр/2024 23:20:22 C:\WINDOWS\system32\VCRUNTIME140_1.dll *14.40.33810.0
 libpq.dll            00007FFDFCCB0000 000000000005A000     1/1     10/июн/2025 12:34:12 C:\WINDOWS\system32\libpq.dll *17.0.5.0
 WINMM.dll            00007FFE5A390000 0000000000035000     1/1     30/авг/2025 07:55:48 C:\WINDOWS\system32\WINMM.dll *10.0.26100.5074
 MSVCP140.dll         00007FFE31070000 000000000008D000     1/1     03/июн/2025 06:00:00 C:\WINDOWS\system32\MSVCP140.dll *14.42.34438.0
 WLDAP32.dll          00007FFE64F30000 0000000000075000     1/1     30/авг/2025 07:55:55 C:\WINDOWS\System32\WLDAP32.dll *10.0.26100.5074
 Secur32.dll          00007FFE60EB0000 000000000000D000     1/1     01/апр/2024 10:22:11 C:\WINDOWS\system32\Secur32.dll *10.0.26100.1
 libcrypto-3-x64.dll  00007FFDD4850000 0000000000625000 65535/65535 11/фев/2025 16:05:16 C:\WINDOWS\system32\libcrypto-3-x64.dll *3.3.3.0
 libssl-3-x64.dll     00007FFDD4710000 0000000000136000     1/1     11/фев/2025 16:05:16 C:\WINDOWS\system32\libssl-3-x64.dll *3.3.3.0
 odbccp32.dll         00007FFE46580000 0000000000025000     1/1     30/авг/2025 07:55:56 C:\WINDOWS\SYSTEM32\odbccp32.dll *10.0.26100.5074
 VERSION.dll          00007FFE5C880000 000000000000B000     1/1     29/авг/2025 18:53:19 C:\WINDOWS\SYSTEM32\VERSION.dll *10.0.26100.1150
 mswsock.dll          00007FFE631D0000 000000000006B000     6/6     30/авг/2025 07:56:08 C:\WINDOWS\system32\mswsock.dll *10.0.26100.5074
 DNSAPI.dll           00007FFE62670000 0000000000126000 65535/65535 30/авг/2025 07:55:52 C:\WINDOWS\SYSTEM32\DNSAPI.dll *10.0.26100.5074
 IPHLPAPI.DLL         00007FFE625E0000 0000000000034000 65535/65535 30/авг/2025 07:56:05 C:\WINDOWS\SYSTEM32\IPHLPAPI.DLL *10.0.26100.5074
 NSI.dll              00007FFE65E20000 000000000000A000 65535/65535 30/авг/2025 07:56:07 C:\WINDOWS\System32\NSI.dll *10.0.26100.5074
 rasadhlp.dll         00007FFE5B9E0000 000000000000B000     1/1     29/авг/2025 18:53:34 C:\Windows\System32\rasadhlp.dll *10.0.26100.1150
 fwpuclnt.dll         00007FFE5AC80000 0000000000086000     1/1     30/авг/2025 07:55:57 C:\WINDOWS\System32\fwpuclnt.dll *10.0.26100.5074
 dhcpcsvc.DLL         00007FFE5C000000 0000000000023000     1/1     30/авг/2025 07:55:51 C:\WINDOWS\SYSTEM32\dhcpcsvc.DLL *10.0.26100.5074
 atlsock64x.dll       000000006DC80000 000000000002C000     2/2     19/сен/2025 10:45:13 C:\Galaktika\AVAZ\chumachenko\6.0.09.0\exe\atlsock64x.dll *6.0.9.0
 NETAPI32.DLL         00007FFE57F90000 000000000001A000     1/1     29/авг/2025 18:53:17 C:\WINDOWS\SYSTEM32\NETAPI32.DLL *10.0.26100.1150
 SRVCLI.DLL           00007FFE5B1D0000 0000000000029000     1/1     29/авг/2025 18:53:22 C:\WINDOWS\SYSTEM32\SRVCLI.DLL *10.0.26100.1150
 NETUTILS.DLL         00007FFE625A0000 000000000000D000     1/1     29/авг/2025 18:53:22 C:\WINDOWS\SYSTEM32\NETUTILS.DLL *10.0.26100.1882
 SAMCLI.DLL           00007FFE62580000 000000000001B000     1/1     29/авг/2025 18:53:22 C:\WINDOWS\SYSTEM32\SAMCLI.DLL *10.0.26100.4768
 napinsp.dll          00007FFDFB8B0000 0000000000018000     1/1     29/авг/2025 18:53:18 C:\WINDOWS\system32\napinsp.dll *10.0.26100.1150
 winrnr.dll           00007FFDFB240000 0000000000012000     1/1     29/авг/2025 18:53:21 C:\WINDOWS\System32\winrnr.dll *10.0.26100.1882
 nlansp_c.dll         00007FFDFEB60000 0000000000028000     1/1     30/авг/2025 07:55:58 C:\WINDOWS\system32\nlansp_c.dll *10.0.26100.5074
 wshbth.dll           00007FFE5BFC0000 0000000000016000     1/1     30/авг/2025 07:55:47 C:\WINDOWS\system32\wshbth.dll *10.0.26100.5074
 mt_drv64x.dll        0000000012C10000 0000000000111000     1/1     19/сен/2025 10:45:13 C:\Galaktika\AVAZ\chumachenko\6.0.09.0\exe\mt_drv64x.dll *6.0.9.0

▓▓▓▓▓▓▓▓▓▓▓▓▓▓▓▓▓▓▓▓▓▓▓▓▓▓▓▓▓▓▓▓▓▓▓▓▓▓▓▓▓▓▓▓▓▓▓▓▓▓▓▓▓▓▓▓▓▓▓▓▓▓▓▓▓▓▓▓▓▓▓▓▓▓▓▓▓▓▓



▓▓▓▓▓▓▓▓▓▓▓▓▓▓▓▓▓▓▓▓▓▓▓▓▓▓▓▓▓▓▓▓▓▓▓▓▓▓▓▓▓▓▓▓▓▓▓▓▓▓▓▓▓▓▓▓▓▓▓▓▓▓▓▓▓▓▓▓▓▓▓▓▓▓▓▓▓▓▓
▓▓▓▓▓ Запишите следующую информацию об ошибке и отошлите ее разработчикам ▓▓▓▓▓
▓ вместе с описанием ситуации, названием, версией и датой EXE-файла программы ▓
▓▓▓▓▓▓▓▓▓▓▓▓▓▓▓▓▓▓▓▓▓▓▓▓▓▓▓▓▓▓▓▓▓▓▓▓▓▓▓▓▓▓▓▓▓▓▓▓▓▓▓▓▓▓▓▓▓▓▓▓▓▓▓▓▓▓▓▓▓▓▓▓▓▓▓▓▓▓▓


▓ Программа: "vip64x.exe"  Время запуска: 10:47:51 08/11/2025
▓ Исполняемый модуль: "C:\Galaktika\AVAZ\chumachenko\6.0.09.0\exe\vip64x.exe"
▓ Система: Windows NT  Логин: "Дмитрий"  Станция: "LAPUS-VICTUS"

Необработанная исключительная ситуация
Код исключения: C0000005 (Общее нарушение защиты доступа к памяти)
Параметры исключения (2): 0000000000000000 000000000000000A
Адрес исключения: 000000005401F966 pg90drv64x.dll.1:0007E966
Содержимое регистров процессора
 RAX = 0000000000000000
 RBX = 000000000000000F
 RCX = 0000000000000002
 RDX = 0000000000000001
 RSI = 00000000032F0904
 RDI = 0000000014ABF830
 RBP = 0000000054136060 pg90drv64x.dll.2:00003060
 RSP = 0000000014ABF810
 RIP = 000000005401F966 pg90drv64x.dll.1:0007E966
 R8  = 7FFFFFFFFFFFFFFC
 R9  = 00000000143CBA64
 R10 = 0000000000110000
 R11 = 0000000000000246
 R12 = 0000000002C74C9C
 R13 = 0000000053FA0000
 R14 = 0000000002C92E38
 R15 = 0000000053FA0000
Содержимое стека
 0000000014ABF830: 0000000054171160 pg90drv64x.dll.3:0003A160
 0000000014ABF868: 000000005401F76D pg90drv64x.dll.1:0007E76D
 0000000014ABF898: 0000000053FFAC43 pg90drv64x.dll.1:00059C43
 0000000014ABF8D8: 0000000053FDDCD8 pg90drv64x.dll.1:0003CCD8
 0000000014ABF8F8: 0000000053FDDCA0 pg90drv64x.dll.1:0003CCA0
 0000000014ABF900: 0000000053FDDCA0 pg90drv64x.dll.1:0003CCA0
 0000000014ABF908: 00000001024D1312 atlantis64x.rtl.1:000D0312
 0000000014ABF928: 0000000053FDDCA0 pg90drv64x.dll.1:0003CCA0
 0000000014ABF970: 0000000053FDDCA0 pg90drv64x.dll.1:0003CCA0
 0000000014ABF9D8: 0000000053FDDCA0 pg90drv64x.dll.1:0003CCA0
Текущее время
 08-11-2025 10:47:56.9559134
Параметры программы
 "C:\Galaktika\AVAZ\chumachenko\6.0.09.0\exe\vip64x.exe  chumachenko.prj /r:chumachenko.res /c:vip.cfg /u:SUPERVISOR /#user:SUPERVISOR /def:Atl60"
Переменные окружения
 =::=::\
 =C:=C:\Galaktika\_git\Izhevsk\chumachenko
 ALLUSERSPROFILE=C:\ProgramData
 APPDATA=C:\Users\─ьшЄЁшщ\AppData\Roaming
 CommonProgramFiles=C:\Program Files\Common Files
 CommonProgramFiles(x86)=C:\Program Files (x86)\Common Files
 CommonProgramW6432=C:\Program Files\Common Files
 COMPUTERNAME=LAPUS-VICTUS
 ComSpec=C:\WINDOWS\system32\cmd.exe
 DD=20251108
 DriverData=C:\Windows\System32\Drivers\DriverData
 EFC_8588_1592913036=1
 exedir=C:\Galaktika\AVAZ\chumachenko\6.0.09.0\exe
 HOMEDRIVE=C:
 HOMEPATH=\Users\─ьшЄЁшщ
 LOCALAPPDATA=C:\Users\─ьшЄЁшщ\AppData\Local
 LOGONSERVER=\\LAPUS-VICTUS
 NUMBER_OF_PROCESSORS=16
 OneDrive=C:\Users\─ьшЄЁшщ\OneDrive
 OPENSSL_CONF=C:\Program Files\PostgreSQL\psqlODBC\etc\openssl.cnf
 OS=Windows_NT
 Path=C:\Program Files (x86)\Common Files\Oracle\Java\javapath;C:\Program Files\Microsoft\jdk-11.0.16.101-hotspot\bin;C:\Program Files (x86)\NVIDIA Corporation\PhysX\Common;C:\Windows\system32;C:\Windows;C:\Windows\System32\Wbem;C:\Windows\System32\WindowsPowerShell\v1.0\;C:\Windows\System32\OpenSSH\;C:\Program Files\Microsoft SQL Server\Client SDK\ODBC\170\Tools\Binn\;C:\Program Files (x86)\Microsoft SQL Server\150\Tools\Binn\;C:\Program Files\Microsoft SQL Server\150\Tools\Binn\;C:\Program Files\Microsoft SQL Server\150\DTS\Binn\;C:\Program Files (x86)\Microsoft SQL Server\150\DTS\Binn\;C:\WINDOWS\system32;C:\WINDOWS;C:\WINDOWS\System32\Wbem;C:\WINDOWS\System32\WindowsPowerShell\v1.0\;C:\WINDOWS\System32\OpenSSH\;C:\Program Files\dotnet\;C:\Program Files (x86)\dotnet\;C:\Program Files\PuTTY\;C:\WINDOWS\system32;C:\WINDOWS;C:\WINDOWS\System32\Wbem;C:\WINDOWS\System32\WindowsPowerShell\v1.0\;C:\WINDOWS\System32\OpenSSH\;C:\Program Files\Microsoft SQL Server\Client SDK\ODBC\130\Tools\Binn\;C:\Galaktika\ATL6\Libs\;C:\Galaktika\ATL6\Libs\x64;C:\Program Files (x86)\Microsoft SQL Server\160\DTS\Binn\;C:\Program Files\Git\cmd;C:\Program Files\GitExtensions\;C:\Users\─ьшЄЁшщ\AppData\Local\Programs\Python\Python311\Scripts\;C:\Users\─ьшЄЁшщ\AppData\Local\Programs\Python\Python311\;C:\Users\─ьшЄЁшщ\AppData\Local\Microsoft\WindowsApps;C:\Program Files\Azure Data Studio\bin;C:\Users\─ьшЄЁшщ\.dotnet\tools;C:\SRCFlutter\flutter\bin;;C:\Users\─ьшЄЁшщ\AppData\Local\Programs\Microsoft VS Code\bin;C:\Users\─ьшЄЁшщ\AppData\Local\JetBrains\PyCharm Community Edition 2022.3.2\bin;
 PATHEXT=.COM;.EXE;.BAT;.CMD;.VBS;.VBE;.JS;.JSE;.WSF;.WSH;.MSC
 PROCESSOR_ARCHITECTURE=AMD64
 PROCESSOR_IDENTIFIER=AMD64 Family 25 Model 80 Stepping 0, AuthenticAMD
 PROCESSOR_LEVEL=25
 PROCESSOR_REVISION=5000
 ProgramData=C:\ProgramData
 ProgramFiles=C:\Program Files
 ProgramFiles(x86)=C:\Program Files (x86)
 ProgramW6432=C:\Program Files
 PROMPT=$P$G
 PSModulePath=C:\Program Files\WindowsPowerShell\Modules;C:\WINDOWS\system32\WindowsPowerShell\v1.0\Modules;C:\Program Files (x86)\Microsoft SQL Server\150\Tools\PowerShell\Modules\
 PUBLIC=C:\Users\Public
 PyCharm Community Edition=C:\Users\─ьшЄЁшщ\AppData\Local\JetBrains\PyCharm Community Edition 2022.3.2\bin;
 SESSIONNAME=Console
 SystemDrive=C:
 SystemRoot=C:\WINDOWS
 TEMP=C:\Users\AACE~1\AppData\Local\Temp
 TMP=C:\Users\AACE~1\AppData\Local\Temp
 USERDOMAIN=LAPUS-VICTUS
 USERDOMAIN_ROAMINGPROFILE=LAPUS-VICTUS
 USERNAME=─ьшЄЁшщ
 USERPROFILE=C:\Users\─ьшЄЁшщ
 windir=C:\WINDOWS
 __PSLockDownPolicy=0
Список загруженных модулей
 vip64x.exe           0000000100000000 00000000005A0000 65535/65535 19/сен/2025 10:45:13 C:\Galaktika\AVAZ\chumachenko\6.0.09.0\exe\vip64x.exe *6.0.9.0
 ntdll.dll            00007FFE66C20000 0000000000269000 65535/65535 30/авг/2025 07:55:58 C:\WINDOWS\SYSTEM32\ntdll.dll *10.0.26100.5074
 KERNEL32.DLL         00007FFE659E0000 00000000000C9000 65535/65535 30/авг/2025 07:55:55 C:\WINDOWS\System32\KERNEL32.DLL *10.0.26100.5074
 KERNELBASE.dll       00007FFE64230000 00000000003F3000 65535/65535 30/авг/2025 07:55:55 C:\WINDOWS\System32\KERNELBASE.dll *10.0.26100.5074
 ole32.dll            00007FFE65AB0000 0000000000198000     1/1     30/авг/2025 07:55:50 C:\WINDOWS\System32\ole32.dll *10.0.26100.5074
 msvcp_win.dll        00007FFE64810000 00000000000A3000     3/3     30/авг/2025 07:56:06 C:\WINDOWS\System32\msvcp_win.dll *10.0.26100.5074
 atlantis64x.rtl      0000000102400000 0000000000184000    14/14    19/сен/2025 10:45:13 C:\Galaktika\AVAZ\chumachenko\6.0.09.0\exe\atlantis64x.rtl *6.0.9.0
 ucrtbase.dll         00007FFE64630000 000000000014B000     9/9     30/авг/2025 07:56:06 C:\WINDOWS\System32\ucrtbase.dll *10.0.26100.5074
 ADVAPI32.dll         00007FFE66630000 00000000000B4000     3/3     30/авг/2025 07:55:47 C:\WINDOWS\System32\ADVAPI32.dll *10.0.26100.5074
 GDI32.dll            00007FFE658B0000 000000000002B000     7/7     30/авг/2025 07:55:53 C:\WINDOWS\System32\GDI32.dll *10.0.26100.5074
 msvcrt.dll           00007FFE64C80000 00000000000A9000     5/5     30/авг/2025 07:55:57 C:\WINDOWS\System32\msvcrt.dll *7.0.26100.5074/10.0.26100.5074
 win32u.dll           00007FFE64090000 0000000000027000     1/1     30/авг/2025 07:56:08 C:\WINDOWS\System32\win32u.dll *10.0.26100.5074
 sechost.dll          00007FFE65D70000 00000000000A6000     1/1     30/авг/2025 07:56:00 C:\WINDOWS\System32\sechost.dll *10.0.26100.5074
 gdi32full.dll        00007FFE648C0000 000000000012D000     7/7     30/авг/2025 07:55:53 C:\WINDOWS\System32\gdi32full.dll *10.0.26100.5074
 RPCRT4.dll           00007FFE65C50000 0000000000118000     6/6     30/авг/2025 07:55:59 C:\WINDOWS\System32\RPCRT4.dll *10.0.26100.5074
 USER32.dll           00007FFE65F90000 00000000001C4000     7/7     30/авг/2025 07:56:06 C:\WINDOWS\System32\USER32.dll *10.0.26100.5074
 OLEAUT32.dll         00007FFE657D0000 00000000000D7000     3/3     30/авг/2025 07:55:58 C:\WINDOWS\System32\OLEAUT32.dll *10.0.26100.5074
 combase.dll          00007FFE66160000 000000000037B000     4/4     30/авг/2025 07:55:50 C:\WINDOWS\System32\combase.dll *10.0.26100.5074
 atllib_64x.dll       0000000110000000 0000000000047000    13/13    19/сен/2025 10:45:13 C:\Galaktika\AVAZ\chumachenko\6.0.09.0\exe\atllib_64x.dll *6.0.9.0
 _cfg64x.dll          0000000062580000 000000000003A000     1/1     19/сен/2025 10:45:13 C:\Galaktika\AVAZ\chumachenko\6.0.09.0\exe\_cfg64x.dll *6.0.9.0
 libxml264x.dll       0000000065100000 0000000000442000     2/2     19/сен/2025 10:45:13 C:\Galaktika\AVAZ\chumachenko\6.0.09.0\exe\libxml264x.dll *2.9.7.0
 winspool.drv         00007FFE4B330000 00000000000B2000     1/1     30/авг/2025 07:55:59 C:\WINDOWS\SYSTEM32\winspool.drv *10.0.26100.5074
 WS2_32.dll           00007FFE65750000 0000000000074000     2/2     30/авг/2025 07:56:08 C:\WINDOWS\System32\WS2_32.dll *10.0.26100.5074
 shcore.dll           00007FFE658E0000 00000000000F0000     1/1     30/авг/2025 07:56:02 C:\WINDOWS\System32\shcore.dll *10.0.26100.5074
 cfgmgr32.dll         00007FFE63A60000 0000000000057000     1/1     29/авг/2025 18:53:21 C:\WINDOWS\SYSTEM32\cfgmgr32.dll *10.0.26100.4202
 WSOCK32.dll          00007FFE35230000 000000000000A000     2/2     01/апр/2024 10:22:14 C:\WINDOWS\SYSTEM32\WSOCK32.dll *10.0.26100.1
 base64x.dll          00000000006E0000 000000000009A000     4/4     19/сен/2025 10:45:13 C:\Galaktika\AVAZ\chumachenko\6.0.09.0\exe\base64x.dll *6.0.9.0
 editor_64x.dll       0000000000EA0000 0000000000033000     1/1     19/сен/2025 10:45:13 C:\Galaktika\AVAZ\chumachenko\6.0.09.0\exe\editor_64x.dll *6.0.9.0
 forms_64x.dll        0000000000EE0000 00000000000D1000     2/2     30/сен/2025 20:24:00 C:\Galaktika\AVAZ\chumachenko\6.0.09.0\exe\forms_64x.dll *6.0.9.0
 streams_64x.dll      0000000000FC0000 000000000015D000    12/12    19/сен/2025 10:45:13 C:\Galaktika\AVAZ\chumachenko\6.0.09.0\exe\streams_64x.dll *6.0.9.0
 ecc_64x.dll          0000000001120000 000000000003D000     4/4     19/сен/2025 10:45:13 C:\Galaktika\AVAZ\chumachenko\6.0.09.0\exe\ecc_64x.dll *6.0.9.0
 lotdll_64x.dll       0000000001160000 0000000000048000     1/1     19/сен/2025 10:45:13 C:\Galaktika\AVAZ\chumachenko\6.0.09.0\exe\lotdll_64x.dll *6.0.9.0
 protect_64x.dll      00000000001D0000 0000000000017000     4/4     29/сен/2025 16:58:29 C:\Galaktika\AVAZ\chumachenko\6.0.09.0\exe\protect_64x.dll *6.0.9.0
 atvipobj64x.dll      00000000011B0000 0000000000021000     1/1     19/сен/2025 10:45:13 C:\Galaktika\AVAZ\chumachenko\6.0.09.0\exe\atvipobj64x.dll *6.0.9.0
 ifcobjs_64x.dll      0000000000780000 0000000000014000     1/1     19/сен/2025 10:45:13 C:\Galaktika\AVAZ\chumachenko\6.0.09.0\exe\ifcobjs_64x.dll *6.0.9.0
 jitvip64x.dll        00000000011E0000 0000000000027000     1/1     19/сен/2025 10:45:13 C:\Galaktika\AVAZ\chumachenko\6.0.09.0\exe\jitvip64x.dll *6.0.9.0
 atlpop64x.dll        0000000001210000 000000000008B000     1/1     19/сен/2025 10:45:13 C:\Galaktika\AVAZ\chumachenko\6.0.09.0\exe\atlpop64x.dll *6.0.9.0
 nation_64x.dll       00000000001F0000 000000000000B000     1/1     19/сен/2025 10:45:13 C:\Galaktika\AVAZ\chumachenko\6.0.09.0\exe\nation_64x.dll *6.0.9.0
 IMM32.DLL            00007FFE64E30000 000000000002F000     1/1     29/авг/2025 18:53:19 C:\WINDOWS\System32\IMM32.DLL *10.0.26100.4484
 SspiCli.dll          00007FFE62F10000 0000000000049000     4/4     29/авг/2025 18:53:33 C:\WINDOWS\SYSTEM32\SspiCli.dll *10.0.26100.4484
 libeay32.dll         00007FFDF1C70000 0000000000207000     2/2     23/сен/2025 16:27:09 C:\Galaktika\AVAZ\chumachenko\6.0.09.0\exe\SSL64\libeay32.dll *1.0.2.14
 VCRUNTIME140.dll     00007FFE35240000 000000000001E000 65535/65535 03/июн/2025 06:00:00 C:\WINDOWS\SYSTEM32\VCRUNTIME140.dll *14.42.34438.0
 ssleay32.dll         00007FFE5B920000 000000000005B000     1/1     23/сен/2025 16:27:09 C:\Galaktika\AVAZ\chumachenko\6.0.09.0\exe\SSL64\ssleay32.dll *1.0.2.14
 CRYPTSP.dll          00007FFE635A0000 000000000001B000     1/1     30/авг/2025 07:55:50 C:\WINDOWS\SYSTEM32\CRYPTSP.dll *10.0.26100.5074
 rsaenh.dll           00007FFE62BD0000 000000000003B000     2/2     30/авг/2025 07:55:59 C:\WINDOWS\system32\rsaenh.dll *10.0.26100.5074
 CRYPTBASE.dll        00007FFE63400000 000000000000C000     2/2     30/авг/2025 07:55:50 C:\WINDOWS\SYSTEM32\CRYPTBASE.dll *10.0.26100.5074
 bcryptPrimitives.dll 00007FFE63FF0000 0000000000099000 65535/65535 30/авг/2025 07:55:49 C:\WINDOWS\System32\bcryptPrimitives.dll *10.0.26100.5074
 asmuser64x.dll       0000000001670000 0000000000023000     1/1     19/сен/2025 10:45:13 C:\Galaktika\AVAZ\chumachenko\6.0.09.0\exe\asmuser64x.dll *6.0.9.0
 mpr.dll              00007FFE5B220000 0000000000021000     1/1     29/авг/2025 18:53:19 C:\WINDOWS\SYSTEM32\mpr.dll *10.0.26100.1882
 vision_w64x.dll      000000006A880000 0000000000332000     1/1     19/сен/2025 10:45:13 C:\Galaktika\AVAZ\chumachenko\6.0.09.0\exe\vision_w64x.dll *6.0.9.0
 SHELL32.dll          00007FFE65000000 000000000074D000     3/3     30/авг/2025 07:56:03 C:\WINDOWS\System32\SHELL32.dll *10.0.26100.5074
 gdesk64x.dll         000000006DB40000 0000000000042000     1/1     19/сен/2025 10:45:13 C:\Galaktika\AVAZ\chumachenko\6.0.09.0\exe\gdesk64x.dll *6.0.9.0
 wintypes.dll         00007FFE640C0000 000000000016C000     1/1     30/авг/2025 07:55:50 C:\WINDOWS\System32\wintypes.dll *10.0.26100.5074
 uxtheme.dll          00007FFE60FC0000 00000000000A8000     3/3     30/авг/2025 07:56:07 C:\WINDOWS\SYSTEM32\uxtheme.dll *10.0.26100.5074
 dwmapi.dll           00007FFE612B0000 000000000002B000     1/1     30/авг/2025 07:55:51 C:\WINDOWS\SYSTEM32\dwmapi.dll *10.0.26100.5074
 MSCTF.dll            00007FFE65E30000 0000000000158000     1/1     30/авг/2025 07:56:05 C:\WINDOWS\System32\MSCTF.dll *10.0.26100.5074
 zprint_w64x.dll      000000006C700000 0000000000048000     2/2     19/сен/2025 10:45:13 C:\Galaktika\AVAZ\chumachenko\6.0.09.0\exe\zprint_w64x.dll *6.0.9.0
 pg90drv64x.dll       0000000053FA0000 0000000000224000     1/1     02/окт/2025 14:51:31 C:\Galaktika\AVAZ\chumachenko\6.0.09.0\exe\pg90drv64x.dll *6.0.9.0
 ODBC32.dll           00007FFE56CD0000 00000000000C4000     2/2     30/авг/2025 07:55:57 C:\WINDOWS\SYSTEM32\ODBC32.dll *10.0.26100.5074
 CRYPT32.dll          00007FFE63E70000 0000000000177000 65535/65535 30/авг/2025 07:55:50 C:\WINDOWS\System32\CRYPT32.dll *10.0.26100.5074
 DPAPI.DLL            00007FFE63AE0000 000000000000A000     1/1     01/апр/2024 10:22:15 C:\WINDOWS\SYSTEM32\DPAPI.DLL *10.0.26100.1
 bcrypt.dll           00007FFE63CA0000 0000000000026000 65535/65535 30/авг/2025 07:55:49 C:\WINDOWS\SYSTEM32\bcrypt.dll *10.0.26100.5074
 podbc35w.dll         00007FFDF5F00000 00000000000ED000     1/1     11/июн/2025 16:40:38 C:\WINDOWS\system32\podbc35w.dll *17.0.0.6
 libpq.dll            00007FFDFCCB0000 000000000005A000     1/1     10/июн/2025 12:34:12 C:\WINDOWS\system32\libpq.dll *17.0.5.0
 VCRUNTIME140_1.dll   00007FFE3AC30000 000000000000C000     2/2     27/апр/2024 23:20:22 C:\WINDOWS\system32\VCRUNTIME140_1.dll *14.40.33810.0
 MSVCP140.dll         00007FFE31070000 000000000008D000     1/1     03/июн/2025 06:00:00 C:\WINDOWS\system32\MSVCP140.dll *14.42.34438.0
 WINMM.dll            00007FFE5A390000 0000000000035000     1/1     30/авг/2025 07:55:48 C:\WINDOWS\system32\WINMM.dll *10.0.26100.5074
 WLDAP32.dll          00007FFE64F30000 0000000000075000     1/1     30/авг/2025 07:55:55 C:\WINDOWS\System32\WLDAP32.dll *10.0.26100.5074
 Secur32.dll          00007FFE60EB0000 000000000000D000     1/1     01/апр/2024 10:22:11 C:\WINDOWS\system32\Secur32.dll *10.0.26100.1
 libcrypto-3-x64.dll  00007FFDD4850000 0000000000625000 65535/65535 11/фев/2025 16:05:16 C:\WINDOWS\system32\libcrypto-3-x64.dll *3.3.3.0
 libssl-3-x64.dll     00007FFDD4710000 0000000000136000     1/1     11/фев/2025 16:05:16 C:\WINDOWS\system32\libssl-3-x64.dll *3.3.3.0
 odbccp32.dll         00007FFE46580000 0000000000025000     1/1     30/авг/2025 07:55:56 C:\WINDOWS\SYSTEM32\odbccp32.dll *10.0.26100.5074
 VERSION.dll          00007FFE5C880000 000000000000B000     1/1     29/авг/2025 18:53:19 C:\WINDOWS\SYSTEM32\VERSION.dll *10.0.26100.1150
 mswsock.dll          00007FFE631D0000 000000000006B000     6/6     30/авг/2025 07:56:08 C:\WINDOWS\system32\mswsock.dll *10.0.26100.5074
 DNSAPI.dll           00007FFE62670000 0000000000126000 65535/65535 30/авг/2025 07:55:52 C:\WINDOWS\SYSTEM32\DNSAPI.dll *10.0.26100.5074
 IPHLPAPI.DLL         00007FFE625E0000 0000000000034000 65535/65535 30/авг/2025 07:56:05 C:\WINDOWS\SYSTEM32\IPHLPAPI.DLL *10.0.26100.5074
 NSI.dll              00007FFE65E20000 000000000000A000 65535/65535 30/авг/2025 07:56:07 C:\WINDOWS\System32\NSI.dll *10.0.26100.5074
 rasadhlp.dll         00007FFE5B9E0000 000000000000B000     1/1     29/авг/2025 18:53:34 C:\Windows\System32\rasadhlp.dll *10.0.26100.1150
 fwpuclnt.dll         00007FFE5AC80000 0000000000086000     1/1     30/авг/2025 07:55:57 C:\WINDOWS\System32\fwpuclnt.dll *10.0.26100.5074
 dhcpcsvc.DLL         00007FFE5C000000 0000000000023000     1/1     30/авг/2025 07:55:51 C:\WINDOWS\SYSTEM32\dhcpcsvc.DLL *10.0.26100.5074
 atlsock64x.dll       000000006DC80000 000000000002C000     2/2     19/сен/2025 10:45:13 C:\Galaktika\AVAZ\chumachenko\6.0.09.0\exe\atlsock64x.dll *6.0.9.0
 NETAPI32.DLL         00007FFE57F90000 000000000001A000     1/1     29/авг/2025 18:53:17 C:\WINDOWS\SYSTEM32\NETAPI32.DLL *10.0.26100.1150
 SRVCLI.DLL           00007FFE5B1D0000 0000000000029000     1/1     29/авг/2025 18:53:22 C:\WINDOWS\SYSTEM32\SRVCLI.DLL *10.0.26100.1150
 NETUTILS.DLL         00007FFE625A0000 000000000000D000     1/1     29/авг/2025 18:53:22 C:\WINDOWS\SYSTEM32\NETUTILS.DLL *10.0.26100.1882
 SAMCLI.DLL           00007FFE62580000 000000000001B000     1/1     29/авг/2025 18:53:22 C:\WINDOWS\SYSTEM32\SAMCLI.DLL *10.0.26100.4768
 napinsp.dll          00007FFDFB8B0000 0000000000018000     1/1     29/авг/2025 18:53:18 C:\WINDOWS\system32\napinsp.dll *10.0.26100.1150
 winrnr.dll           00007FFDFB240000 0000000000012000     1/1     29/авг/2025 18:53:21 C:\WINDOWS\System32\winrnr.dll *10.0.26100.1882
 nlansp_c.dll         00007FFDFEB60000 0000000000028000     1/1     30/авг/2025 07:55:58 C:\WINDOWS\system32\nlansp_c.dll *10.0.26100.5074
 wshbth.dll           00007FFE5BFC0000 0000000000016000     1/1     30/авг/2025 07:55:47 C:\WINDOWS\system32\wshbth.dll *10.0.26100.5074
 mt_drv64x.dll        0000000012BA0000 0000000000111000     1/1     19/сен/2025 10:45:13 C:\Galaktika\AVAZ\chumachenko\6.0.09.0\exe\mt_drv64x.dll *6.0.9.0

▓▓▓▓▓▓▓▓▓▓▓▓▓▓▓▓▓▓▓▓▓▓▓▓▓▓▓▓▓▓▓▓▓▓▓▓▓▓▓▓▓▓▓▓▓▓▓▓▓▓▓▓▓▓▓▓▓▓▓▓▓▓▓▓▓▓▓▓▓▓▓▓▓▓▓▓▓▓▓



▓▓▓▓▓▓▓▓▓▓▓▓▓▓▓▓▓▓▓▓▓▓▓▓▓▓▓▓▓▓▓▓▓▓▓▓▓▓▓▓▓▓▓▓▓▓▓▓▓▓▓▓▓▓▓▓▓▓▓▓▓▓▓▓▓▓▓▓▓▓▓▓▓▓▓▓▓▓▓
▓▓▓▓▓ Запишите следующую информацию об ошибке и отошлите ее разработчикам ▓▓▓▓▓
▓ вместе с описанием ситуации, названием, версией и датой EXE-файла программы ▓
▓▓▓▓▓▓▓▓▓▓▓▓▓▓▓▓▓▓▓▓▓▓▓▓▓▓▓▓▓▓▓▓▓▓▓▓▓▓▓▓▓▓▓▓▓▓▓▓▓▓▓▓▓▓▓▓▓▓▓▓▓▓▓▓▓▓▓▓▓▓▓▓▓▓▓▓▓▓▓


▓ Программа: "vip64x.exe"  Время запуска: 10:54:36 08/11/2025
▓ Исполняемый модуль: "C:\Galaktika\AVAZ\chumachenko\6.0.09.0\exe\vip64x.exe"
▓ Система: Windows NT  Логин: "Дмитрий"  Станция: "LAPUS-VICTUS"

Необработанная исключительная ситуация
Код исключения: C0000005 (Общее нарушение защиты доступа к памяти)
Параметры исключения (2): 0000000000000000 000000000000000A
Адрес исключения: 000000005401F966 pg90drv64x.dll.1:0007E966
Содержимое регистров процессора
 RAX = 0000000000000000
 RBX = 000000000000000F
 RCX = 0000000000000002
 RDX = 0000000000000001
 RSI = 0000000003270904
 RDI = 0000000014A9F830
 RBP = 0000000054136060 pg90drv64x.dll.2:00003060
 RSP = 0000000014A9F810
 RIP = 000000005401F966 pg90drv64x.dll.1:0007E966
 R8  = 7FFFFFFFFFFFFFFC
 R9  = 00000000143B3CC4
 R10 = 0000000000610000
 R11 = 0000000000000246
 R12 = 0000000002BF4C9C
 R13 = 0000000053FA0000
 R14 = 0000000002C12E38
 R15 = 0000000053FA0000
Содержимое стека
 0000000014A9F830: 0000000054171160 pg90drv64x.dll.3:0003A160
 0000000014A9F868: 000000005401F76D pg90drv64x.dll.1:0007E76D
 0000000014A9F898: 0000000053FFAC43 pg90drv64x.dll.1:00059C43
 0000000014A9F8D8: 0000000053FDDCD8 pg90drv64x.dll.1:0003CCD8
 0000000014A9F8F8: 0000000053FDDCA0 pg90drv64x.dll.1:0003CCA0
 0000000014A9F900: 0000000053FDDCA0 pg90drv64x.dll.1:0003CCA0
 0000000014A9F908: 00000001024D1312 atlantis64x.rtl.1:000D0312
 0000000014A9F928: 0000000053FDDCA0 pg90drv64x.dll.1:0003CCA0
 0000000014A9F970: 0000000053FDDCA0 pg90drv64x.dll.1:0003CCA0
 0000000014A9F9D8: 0000000053FDDCA0 pg90drv64x.dll.1:0003CCA0
Текущее время
 08-11-2025 10:54:45.6335542
Параметры программы
 "C:\Galaktika\AVAZ\chumachenko\6.0.09.0\exe\vip64x.exe  chumachenko.prj /r:chumachenko.res /c:vip.cfg /u:SUPERVISOR /#user:SUPERVISOR /def:Atl60"
Переменные окружения
 =::=::\
 =C:=C:\Galaktika\_git\Izhevsk\chumachenko
 ALLUSERSPROFILE=C:\ProgramData
 APPDATA=C:\Users\─ьшЄЁшщ\AppData\Roaming
 CommonProgramFiles=C:\Program Files\Common Files
 CommonProgramFiles(x86)=C:\Program Files (x86)\Common Files
 CommonProgramW6432=C:\Program Files\Common Files
 COMPUTERNAME=LAPUS-VICTUS
 ComSpec=C:\WINDOWS\system32\cmd.exe
 DD=20251108
 DriverData=C:\Windows\System32\Drivers\DriverData
 EFC_8588_1592913036=1
 exedir=C:\Galaktika\AVAZ\chumachenko\6.0.09.0\exe
 HOMEDRIVE=C:
 HOMEPATH=\Users\─ьшЄЁшщ
 LOCALAPPDATA=C:\Users\─ьшЄЁшщ\AppData\Local
 LOGONSERVER=\\LAPUS-VICTUS
 NUMBER_OF_PROCESSORS=16
 OneDrive=C:\Users\─ьшЄЁшщ\OneDrive
 OPENSSL_CONF=C:\Program Files\PostgreSQL\psqlODBC\etc\openssl.cnf
 OS=Windows_NT
 Path=C:\Program Files (x86)\Common Files\Oracle\Java\javapath;C:\Program Files\Microsoft\jdk-11.0.16.101-hotspot\bin;C:\Program Files (x86)\NVIDIA Corporation\PhysX\Common;C:\Windows\system32;C:\Windows;C:\Windows\System32\Wbem;C:\Windows\System32\WindowsPowerShell\v1.0\;C:\Windows\System32\OpenSSH\;C:\Program Files\Microsoft SQL Server\Client SDK\ODBC\170\Tools\Binn\;C:\Program Files (x86)\Microsoft SQL Server\150\Tools\Binn\;C:\Program Files\Microsoft SQL Server\150\Tools\Binn\;C:\Program Files\Microsoft SQL Server\150\DTS\Binn\;C:\Program Files (x86)\Microsoft SQL Server\150\DTS\Binn\;C:\WINDOWS\system32;C:\WINDOWS;C:\WINDOWS\System32\Wbem;C:\WINDOWS\System32\WindowsPowerShell\v1.0\;C:\WINDOWS\System32\OpenSSH\;C:\Program Files\dotnet\;C:\Program Files (x86)\dotnet\;C:\Program Files\PuTTY\;C:\WINDOWS\system32;C:\WINDOWS;C:\WINDOWS\System32\Wbem;C:\WINDOWS\System32\WindowsPowerShell\v1.0\;C:\WINDOWS\System32\OpenSSH\;C:\Program Files\Microsoft SQL Server\Client SDK\ODBC\130\Tools\Binn\;C:\Galaktika\ATL6\Libs\;C:\Galaktika\ATL6\Libs\x64;C:\Program Files (x86)\Microsoft SQL Server\160\DTS\Binn\;C:\Program Files\Git\cmd;C:\Program Files\GitExtensions\;C:\Users\─ьшЄЁшщ\AppData\Local\Programs\Python\Python311\Scripts\;C:\Users\─ьшЄЁшщ\AppData\Local\Programs\Python\Python311\;C:\Users\─ьшЄЁшщ\AppData\Local\Microsoft\WindowsApps;C:\Program Files\Azure Data Studio\bin;C:\Users\─ьшЄЁшщ\.dotnet\tools;C:\SRCFlutter\flutter\bin;;C:\Users\─ьшЄЁшщ\AppData\Local\Programs\Microsoft VS Code\bin;C:\Users\─ьшЄЁшщ\AppData\Local\JetBrains\PyCharm Community Edition 2022.3.2\bin;
 PATHEXT=.COM;.EXE;.BAT;.CMD;.VBS;.VBE;.JS;.JSE;.WSF;.WSH;.MSC
 PROCESSOR_ARCHITECTURE=AMD64
 PROCESSOR_IDENTIFIER=AMD64 Family 25 Model 80 Stepping 0, AuthenticAMD
 PROCESSOR_LEVEL=25
 PROCESSOR_REVISION=5000
 ProgramData=C:\ProgramData
 ProgramFiles=C:\Program Files
 ProgramFiles(x86)=C:\Program Files (x86)
 ProgramW6432=C:\Program Files
 PROMPT=$P$G
 PSModulePath=C:\Program Files\WindowsPowerShell\Modules;C:\WINDOWS\system32\WindowsPowerShell\v1.0\Modules;C:\Program Files (x86)\Microsoft SQL Server\150\Tools\PowerShell\Modules\
 PUBLIC=C:\Users\Public
 PyCharm Community Edition=C:\Users\─ьшЄЁшщ\AppData\Local\JetBrains\PyCharm Community Edition 2022.3.2\bin;
 SESSIONNAME=Console
 SystemDrive=C:
 SystemRoot=C:\WINDOWS
 TEMP=C:\Users\AACE~1\AppData\Local\Temp
 TMP=C:\Users\AACE~1\AppData\Local\Temp
 USERDOMAIN=LAPUS-VICTUS
 USERDOMAIN_ROAMINGPROFILE=LAPUS-VICTUS
 USERNAME=─ьшЄЁшщ
 USERPROFILE=C:\Users\─ьшЄЁшщ
 windir=C:\WINDOWS
 __PSLockDownPolicy=0
Список загруженных модулей
 vip64x.exe           0000000100000000 00000000005A0000 65535/65535 19/сен/2025 10:45:13 C:\Galaktika\AVAZ\chumachenko\6.0.09.0\exe\vip64x.exe *6.0.9.0
 ntdll.dll            00007FFE66C20000 0000000000269000 65535/65535 30/авг/2025 07:55:58 C:\WINDOWS\SYSTEM32\ntdll.dll *10.0.26100.5074
 KERNEL32.DLL         00007FFE659E0000 00000000000C9000 65535/65535 30/авг/2025 07:55:55 C:\WINDOWS\System32\KERNEL32.DLL *10.0.26100.5074
 KERNELBASE.dll       00007FFE64230000 00000000003F3000 65535/65535 30/авг/2025 07:55:55 C:\WINDOWS\System32\KERNELBASE.dll *10.0.26100.5074
 ole32.dll            00007FFE65AB0000 0000000000198000     1/1     30/авг/2025 07:55:50 C:\WINDOWS\System32\ole32.dll *10.0.26100.5074
 msvcp_win.dll        00007FFE64810000 00000000000A3000     3/3     30/авг/2025 07:56:06 C:\WINDOWS\System32\msvcp_win.dll *10.0.26100.5074
 atlantis64x.rtl      0000000102400000 0000000000184000    14/14    19/сен/2025 10:45:13 C:\Galaktika\AVAZ\chumachenko\6.0.09.0\exe\atlantis64x.rtl *6.0.9.0
 ucrtbase.dll         00007FFE64630000 000000000014B000     9/9     30/авг/2025 07:56:06 C:\WINDOWS\System32\ucrtbase.dll *10.0.26100.5074
 ADVAPI32.dll         00007FFE66630000 00000000000B4000     3/3     30/авг/2025 07:55:47 C:\WINDOWS\System32\ADVAPI32.dll *10.0.26100.5074
 GDI32.dll            00007FFE658B0000 000000000002B000     7/7     30/авг/2025 07:55:53 C:\WINDOWS\System32\GDI32.dll *10.0.26100.5074
 msvcrt.dll           00007FFE64C80000 00000000000A9000     5/5     30/авг/2025 07:55:57 C:\WINDOWS\System32\msvcrt.dll *7.0.26100.5074/10.0.26100.5074
 win32u.dll           00007FFE64090000 0000000000027000     1/1     30/авг/2025 07:56:08 C:\WINDOWS\System32\win32u.dll *10.0.26100.5074
 sechost.dll          00007FFE65D70000 00000000000A6000     1/1     30/авг/2025 07:56:00 C:\WINDOWS\System32\sechost.dll *10.0.26100.5074
 gdi32full.dll        00007FFE648C0000 000000000012D000     7/7     30/авг/2025 07:55:53 C:\WINDOWS\System32\gdi32full.dll *10.0.26100.5074
 RPCRT4.dll           00007FFE65C50000 0000000000118000     6/6     30/авг/2025 07:55:59 C:\WINDOWS\System32\RPCRT4.dll *10.0.26100.5074
 USER32.dll           00007FFE65F90000 00000000001C4000     7/7     30/авг/2025 07:56:06 C:\WINDOWS\System32\USER32.dll *10.0.26100.5074
 OLEAUT32.dll         00007FFE657D0000 00000000000D7000     3/3     30/авг/2025 07:55:58 C:\WINDOWS\System32\OLEAUT32.dll *10.0.26100.5074
 combase.dll          00007FFE66160000 000000000037B000     4/4     30/авг/2025 07:55:50 C:\WINDOWS\System32\combase.dll *10.0.26100.5074
 base64x.dll          0000000110000000 000000000009A000     4/4     19/сен/2025 10:45:13 C:\Galaktika\AVAZ\chumachenko\6.0.09.0\exe\base64x.dll *6.0.9.0
 _cfg64x.dll          0000000062580000 000000000003A000     1/1     19/сен/2025 10:45:13 C:\Galaktika\AVAZ\chumachenko\6.0.09.0\exe\_cfg64x.dll *6.0.9.0
 libxml264x.dll       0000000065100000 0000000000442000     2/2     19/сен/2025 10:45:13 C:\Galaktika\AVAZ\chumachenko\6.0.09.0\exe\libxml264x.dll *2.9.7.0
 winspool.drv         00007FFE4B330000 00000000000B2000     1/1     30/авг/2025 07:55:59 C:\WINDOWS\SYSTEM32\winspool.drv *10.0.26100.5074
 WS2_32.dll           00007FFE65750000 0000000000074000     2/2     30/авг/2025 07:56:08 C:\WINDOWS\System32\WS2_32.dll *10.0.26100.5074
 shcore.dll           00007FFE658E0000 00000000000F0000     1/1     30/авг/2025 07:56:02 C:\WINDOWS\System32\shcore.dll *10.0.26100.5074
 cfgmgr32.dll         00007FFE63A60000 0000000000057000     1/1     29/авг/2025 18:53:21 C:\WINDOWS\SYSTEM32\cfgmgr32.dll *10.0.26100.4202
 WSOCK32.dll          00007FFE35230000 000000000000A000     2/2     01/апр/2024 10:22:14 C:\WINDOWS\SYSTEM32\WSOCK32.dll *10.0.26100.1
 atllib_64x.dll       0000000000DB0000 0000000000047000    13/13    19/сен/2025 10:45:13 C:\Galaktika\AVAZ\chumachenko\6.0.09.0\exe\atllib_64x.dll *6.0.9.0
 streams_64x.dll      0000000000E00000 000000000015D000    12/12    19/сен/2025 10:45:13 C:\Galaktika\AVAZ\chumachenko\6.0.09.0\exe\streams_64x.dll *6.0.9.0
 ecc_64x.dll          0000000000F60000 000000000003D000     4/4     19/сен/2025 10:45:13 C:\Galaktika\AVAZ\chumachenko\6.0.09.0\exe\ecc_64x.dll *6.0.9.0
 forms_64x.dll        0000000000FA0000 00000000000D1000     2/2     30/сен/2025 20:24:00 C:\Galaktika\AVAZ\chumachenko\6.0.09.0\exe\forms_64x.dll *6.0.9.0
 lotdll_64x.dll       0000000001080000 0000000000048000     1/1     19/сен/2025 10:45:13 C:\Galaktika\AVAZ\chumachenko\6.0.09.0\exe\lotdll_64x.dll *6.0.9.0
 editor_64x.dll       00000000010D0000 0000000000033000     1/1     19/сен/2025 10:45:13 C:\Galaktika\AVAZ\chumachenko\6.0.09.0\exe\editor_64x.dll *6.0.9.0
 protect_64x.dll      0000000001110000 0000000000017000     4/4     29/сен/2025 16:58:29 C:\Galaktika\AVAZ\chumachenko\6.0.09.0\exe\protect_64x.dll *6.0.9.0
 ifcobjs_64x.dll      0000000001160000 0000000000014000     1/1     19/сен/2025 10:45:13 C:\Galaktika\AVAZ\chumachenko\6.0.09.0\exe\ifcobjs_64x.dll *6.0.9.0
 atvipobj64x.dll      0000000001130000 0000000000021000     1/1     19/сен/2025 10:45:13 C:\Galaktika\AVAZ\chumachenko\6.0.09.0\exe\atvipobj64x.dll *6.0.9.0
 jitvip64x.dll        0000000001180000 0000000000027000     1/1     19/сен/2025 10:45:13 C:\Galaktika\AVAZ\chumachenko\6.0.09.0\exe\jitvip64x.dll *6.0.9.0
 atlpop64x.dll        00000000011B0000 000000000008B000     1/1     19/сен/2025 10:45:13 C:\Galaktika\AVAZ\chumachenko\6.0.09.0\exe\atlpop64x.dll *6.0.9.0
 nation_64x.dll       0000000001240000 000000000000B000     1/1     19/сен/2025 10:45:13 C:\Galaktika\AVAZ\chumachenko\6.0.09.0\exe\nation_64x.dll *6.0.9.0
 IMM32.DLL            00007FFE64E30000 000000000002F000     1/1     29/авг/2025 18:53:19 C:\WINDOWS\System32\IMM32.DLL *10.0.26100.4484
 SspiCli.dll          00007FFE62F10000 0000000000049000     4/4     29/авг/2025 18:53:33 C:\WINDOWS\SYSTEM32\SspiCli.dll *10.0.26100.4484
 libeay32.dll         00007FFDF1C70000 0000000000207000     2/2     23/сен/2025 16:27:09 C:\Galaktika\AVAZ\chumachenko\6.0.09.0\exe\SSL64\libeay32.dll *1.0.2.14
 VCRUNTIME140.dll     00007FFE35240000 000000000001E000 65535/65535 03/июн/2025 06:00:00 C:\WINDOWS\SYSTEM32\VCRUNTIME140.dll *14.42.34438.0
 ssleay32.dll         00007FFE5B920000 000000000005B000     1/1     23/сен/2025 16:27:09 C:\Galaktika\AVAZ\chumachenko\6.0.09.0\exe\SSL64\ssleay32.dll *1.0.2.14
 CRYPTSP.dll          00007FFE635A0000 000000000001B000     1/1     30/авг/2025 07:55:50 C:\WINDOWS\SYSTEM32\CRYPTSP.dll *10.0.26100.5074
 rsaenh.dll           00007FFE62BD0000 000000000003B000     2/2     30/авг/2025 07:55:59 C:\WINDOWS\system32\rsaenh.dll *10.0.26100.5074
 CRYPTBASE.dll        00007FFE63400000 000000000000C000     2/2     30/авг/2025 07:55:50 C:\WINDOWS\SYSTEM32\CRYPTBASE.dll *10.0.26100.5074
 bcryptPrimitives.dll 00007FFE63FF0000 0000000000099000 65535/65535 30/авг/2025 07:55:49 C:\WINDOWS\System32\bcryptPrimitives.dll *10.0.26100.5074
 asmuser64x.dll       0000000001310000 0000000000023000     1/1     19/сен/2025 10:45:13 C:\Galaktika\AVAZ\chumachenko\6.0.09.0\exe\asmuser64x.dll *6.0.9.0
 mpr.dll              00007FFE5B220000 0000000000021000     1/1     29/авг/2025 18:53:19 C:\WINDOWS\SYSTEM32\mpr.dll *10.0.26100.1882
 vision_w64x.dll      000000006A880000 0000000000332000     1/1     19/сен/2025 10:45:13 C:\Galaktika\AVAZ\chumachenko\6.0.09.0\exe\vision_w64x.dll *6.0.9.0
 SHELL32.dll          00007FFE65000000 000000000074D000     3/3     30/авг/2025 07:56:03 C:\WINDOWS\System32\SHELL32.dll *10.0.26100.5074
 gdesk64x.dll         000000006DB40000 0000000000042000     1/1     19/сен/2025 10:45:13 C:\Galaktika\AVAZ\chumachenko\6.0.09.0\exe\gdesk64x.dll *6.0.9.0
 wintypes.dll         00007FFE640C0000 000000000016C000     1/1     30/авг/2025 07:55:50 C:\WINDOWS\System32\wintypes.dll *10.0.26100.5074
 uxtheme.dll          00007FFE60FC0000 00000000000A8000     3/3     30/авг/2025 07:56:07 C:\WINDOWS\SYSTEM32\uxtheme.dll *10.0.26100.5074
 dwmapi.dll           00007FFE612B0000 000000000002B000     1/1     30/авг/2025 07:55:51 C:\WINDOWS\SYSTEM32\dwmapi.dll *10.0.26100.5074
 MSCTF.dll            00007FFE65E30000 0000000000158000     1/1     30/авг/2025 07:56:05 C:\WINDOWS\System32\MSCTF.dll *10.0.26100.5074
 zprint_w64x.dll      000000006C700000 0000000000048000     2/2     19/сен/2025 10:45:13 C:\Galaktika\AVAZ\chumachenko\6.0.09.0\exe\zprint_w64x.dll *6.0.9.0
 pg90drv64x.dll       0000000053FA0000 0000000000224000     1/1     02/окт/2025 14:51:31 C:\Galaktika\AVAZ\chumachenko\6.0.09.0\exe\pg90drv64x.dll *6.0.9.0
 ODBC32.dll           00007FFE56CD0000 00000000000C4000     2/2     30/авг/2025 07:55:57 C:\WINDOWS\SYSTEM32\ODBC32.dll *10.0.26100.5074
 CRYPT32.dll          00007FFE63E70000 0000000000177000 65535/65535 30/авг/2025 07:55:50 C:\WINDOWS\System32\CRYPT32.dll *10.0.26100.5074
 DPAPI.DLL            00007FFE63AE0000 000000000000A000     1/1     01/апр/2024 10:22:15 C:\WINDOWS\SYSTEM32\DPAPI.DLL *10.0.26100.1
 bcrypt.dll           00007FFE63CA0000 0000000000026000 65535/65535 30/авг/2025 07:55:49 C:\WINDOWS\SYSTEM32\bcrypt.dll *10.0.26100.5074
 podbc35w.dll         00007FFDF5F00000 00000000000ED000     1/1     11/июн/2025 16:40:38 C:\WINDOWS\system32\podbc35w.dll *17.0.0.6
 VCRUNTIME140_1.dll   00007FFE3AC30000 000000000000C000     2/2     27/апр/2024 23:20:22 C:\WINDOWS\system32\VCRUNTIME140_1.dll *14.40.33810.0
 WINMM.dll            00007FFE5A390000 0000000000035000     1/1     30/авг/2025 07:55:48 C:\WINDOWS\system32\WINMM.dll *10.0.26100.5074
 libpq.dll            00007FFDFCCB0000 000000000005A000     1/1     10/июн/2025 12:34:12 C:\WINDOWS\system32\libpq.dll *17.0.5.0
 MSVCP140.dll         00007FFE31070000 000000000008D000     1/1     03/июн/2025 06:00:00 C:\WINDOWS\system32\MSVCP140.dll *14.42.34438.0
 WLDAP32.dll          00007FFE64F30000 0000000000075000     1/1     30/авг/2025 07:55:55 C:\WINDOWS\System32\WLDAP32.dll *10.0.26100.5074
 Secur32.dll          00007FFE60EB0000 000000000000D000     1/1     01/апр/2024 10:22:11 C:\WINDOWS\system32\Secur32.dll *10.0.26100.1
 libcrypto-3-x64.dll  00007FFDD4850000 0000000000625000 65535/65535 11/фев/2025 16:05:16 C:\WINDOWS\system32\libcrypto-3-x64.dll *3.3.3.0
 libssl-3-x64.dll     00007FFDD4710000 0000000000136000     1/1     11/фев/2025 16:05:16 C:\WINDOWS\system32\libssl-3-x64.dll *3.3.3.0
 odbccp32.dll         00007FFE46580000 0000000000025000     1/1     30/авг/2025 07:55:56 C:\WINDOWS\SYSTEM32\odbccp32.dll *10.0.26100.5074
 VERSION.dll          00007FFE5C880000 000000000000B000     1/1     29/авг/2025 18:53:19 C:\WINDOWS\SYSTEM32\VERSION.dll *10.0.26100.1150
 mswsock.dll          00007FFE631D0000 000000000006B000     6/6     30/авг/2025 07:56:08 C:\WINDOWS\system32\mswsock.dll *10.0.26100.5074
 DNSAPI.dll           00007FFE62670000 0000000000126000 65535/65535 30/авг/2025 07:55:52 C:\WINDOWS\SYSTEM32\DNSAPI.dll *10.0.26100.5074
 IPHLPAPI.DLL         00007FFE625E0000 0000000000034000 65535/65535 30/авг/2025 07:56:05 C:\WINDOWS\SYSTEM32\IPHLPAPI.DLL *10.0.26100.5074
 NSI.dll              00007FFE65E20000 000000000000A000 65535/65535 30/авг/2025 07:56:07 C:\WINDOWS\System32\NSI.dll *10.0.26100.5074
 rasadhlp.dll         00007FFE5B9E0000 000000000000B000     1/1     29/авг/2025 18:53:34 C:\Windows\System32\rasadhlp.dll *10.0.26100.1150
 fwpuclnt.dll         00007FFE5AC80000 0000000000086000     1/1     30/авг/2025 07:55:57 C:\WINDOWS\System32\fwpuclnt.dll *10.0.26100.5074
 dhcpcsvc.DLL         00007FFE5C000000 0000000000023000     1/1     30/авг/2025 07:55:51 C:\WINDOWS\SYSTEM32\dhcpcsvc.DLL *10.0.26100.5074
 atlsock64x.dll       000000006DC80000 000000000002C000     2/2     19/сен/2025 10:45:13 C:\Galaktika\AVAZ\chumachenko\6.0.09.0\exe\atlsock64x.dll *6.0.9.0
 NETAPI32.DLL         00007FFE57F90000 000000000001A000     1/1     29/авг/2025 18:53:17 C:\WINDOWS\SYSTEM32\NETAPI32.DLL *10.0.26100.1150
 SRVCLI.DLL           00007FFE5B1D0000 0000000000029000     1/1     29/авг/2025 18:53:22 C:\WINDOWS\SYSTEM32\SRVCLI.DLL *10.0.26100.1150
 NETUTILS.DLL         00007FFE625A0000 000000000000D000     1/1     29/авг/2025 18:53:22 C:\WINDOWS\SYSTEM32\NETUTILS.DLL *10.0.26100.1882
 SAMCLI.DLL           00007FFE62580000 000000000001B000     1/1     29/авг/2025 18:53:22 C:\WINDOWS\SYSTEM32\SAMCLI.DLL *10.0.26100.4768
 napinsp.dll          00007FFDFB8B0000 0000000000018000     1/1     29/авг/2025 18:53:18 C:\WINDOWS\system32\napinsp.dll *10.0.26100.1150
 winrnr.dll           00007FFDFB240000 0000000000012000     1/1     29/авг/2025 18:53:21 C:\WINDOWS\System32\winrnr.dll *10.0.26100.1882
 nlansp_c.dll         00007FFDFEB60000 0000000000028000     1/1     30/авг/2025 07:55:58 C:\WINDOWS\system32\nlansp_c.dll *10.0.26100.5074
 wshbth.dll           00007FFE5BFC0000 0000000000016000     1/1     30/авг/2025 07:55:47 C:\WINDOWS\system32\wshbth.dll *10.0.26100.5074
 mt_drv64x.dll        0000000012B80000 0000000000111000     1/1     19/сен/2025 10:45:13 C:\Galaktika\AVAZ\chumachenko\6.0.09.0\exe\mt_drv64x.dll *6.0.9.0

▓▓▓▓▓▓▓▓▓▓▓▓▓▓▓▓▓▓▓▓▓▓▓▓▓▓▓▓▓▓▓▓▓▓▓▓▓▓▓▓▓▓▓▓▓▓▓▓▓▓▓▓▓▓▓▓▓▓▓▓▓▓▓▓▓▓▓▓▓▓▓▓▓▓▓▓▓▓▓



▓▓▓▓▓▓▓▓▓▓▓▓▓▓▓▓▓▓▓▓▓▓▓▓▓▓▓▓▓▓▓▓▓▓▓▓▓▓▓▓▓▓▓▓▓▓▓▓▓▓▓▓▓▓▓▓▓▓▓▓▓▓▓▓▓▓▓▓▓▓▓▓▓▓▓▓▓▓▓
▓▓▓▓▓ Запишите следующую информацию об ошибке и отошлите ее разработчикам ▓▓▓▓▓
▓ вместе с описанием ситуации, названием, версией и датой EXE-файла программы ▓
▓▓▓▓▓▓▓▓▓▓▓▓▓▓▓▓▓▓▓▓▓▓▓▓▓▓▓▓▓▓▓▓▓▓▓▓▓▓▓▓▓▓▓▓▓▓▓▓▓▓▓▓▓▓▓▓▓▓▓▓▓▓▓▓▓▓▓▓▓▓▓▓▓▓▓▓▓▓▓


▓ Программа: "vip64x.exe"  Время запуска: 10:56:02 08/11/2025
▓ Исполняемый модуль: "C:\Galaktika\AVAZ\chumachenko\6.0.09.0\exe\vip64x.exe"
▓ Система: Windows NT  Логин: "Дмитрий"  Станция: "LAPUS-VICTUS"

Необработанная исключительная ситуация
Код исключения: C0000005 (Общее нарушение защиты доступа к памяти)
Параметры исключения (2): 0000000000000000 000000000000000A
Адрес исключения: 000000005401F966 pg90drv64x.dll.1:0007E966
Содержимое регистров процессора
 RAX = 0000000000000000
 RBX = 000000000000000F
 RCX = 0000000000000002
 RDX = 0000000000000001
 RSI = 0000000003200904
 RDI = 0000000014A6F830
 RBP = 0000000054136060 pg90drv64x.dll.2:00003060
 RSP = 0000000014A6F810
 RIP = 000000005401F966 pg90drv64x.dll.1:0007E966
 R8  = 7FFFFFFFFFFFFFFC
 R9  = 000000001437A558
 R10 = 0000000000110CC0
 R11 = 0000000003475F70
 R12 = 0000000002B84C9C
 R13 = 0000000053FA0000
 R14 = 0000000002BA2E38
 R15 = 0000000053FA0000
Содержимое стека
 0000000014A6F830: 0000000054171160 pg90drv64x.dll.3:0003A160
 0000000014A6F868: 000000005401F76D pg90drv64x.dll.1:0007E76D
 0000000014A6F898: 0000000053FFAC43 pg90drv64x.dll.1:00059C43
 0000000014A6F8D8: 0000000053FDDCD8 pg90drv64x.dll.1:0003CCD8
 0000000014A6F8F8: 0000000053FDDCA0 pg90drv64x.dll.1:0003CCA0
 0000000014A6F900: 0000000053FDDCA0 pg90drv64x.dll.1:0003CCA0
 0000000014A6F908: 00000001024D1312 atlantis64x.rtl.1:000D0312
 0000000014A6F928: 0000000053FDDCA0 pg90drv64x.dll.1:0003CCA0
 0000000014A6F970: 0000000053FDDCA0 pg90drv64x.dll.1:0003CCA0
 0000000014A6F9D8: 0000000053FDDCA0 pg90drv64x.dll.1:0003CCA0
Текущее время
 08-11-2025 10:56:11.3483023
Параметры программы
 "C:\Galaktika\AVAZ\chumachenko\6.0.09.0\exe\vip64x.exe  chumachenko.prj /r:chumachenko.res /c:vip.cfg /u:SUPERVISOR /#user:SUPERVISOR /def:Atl60"
Переменные окружения
 =::=::\
 =C:=C:\Galaktika\_git\Izhevsk\chumachenko
 ALLUSERSPROFILE=C:\ProgramData
 APPDATA=C:\Users\─ьшЄЁшщ\AppData\Roaming
 CommonProgramFiles=C:\Program Files\Common Files
 CommonProgramFiles(x86)=C:\Program Files (x86)\Common Files
 CommonProgramW6432=C:\Program Files\Common Files
 COMPUTERNAME=LAPUS-VICTUS
 ComSpec=C:\WINDOWS\system32\cmd.exe
 DD=20251108
 DriverData=C:\Windows\System32\Drivers\DriverData
 EFC_8588_1592913036=1
 exedir=C:\Galaktika\AVAZ\chumachenko\6.0.09.0\exe
 HOMEDRIVE=C:
 HOMEPATH=\Users\─ьшЄЁшщ
 LOCALAPPDATA=C:\Users\─ьшЄЁшщ\AppData\Local
 LOGONSERVER=\\LAPUS-VICTUS
 NUMBER_OF_PROCESSORS=16
 OneDrive=C:\Users\─ьшЄЁшщ\OneDrive
 OPENSSL_CONF=C:\Program Files\PostgreSQL\psqlODBC\etc\openssl.cnf
 OS=Windows_NT
 Path=C:\Program Files (x86)\Common Files\Oracle\Java\javapath;C:\Program Files\Microsoft\jdk-11.0.16.101-hotspot\bin;C:\Program Files (x86)\NVIDIA Corporation\PhysX\Common;C:\Windows\system32;C:\Windows;C:\Windows\System32\Wbem;C:\Windows\System32\WindowsPowerShell\v1.0\;C:\Windows\System32\OpenSSH\;C:\Program Files\Microsoft SQL Server\Client SDK\ODBC\170\Tools\Binn\;C:\Program Files (x86)\Microsoft SQL Server\150\Tools\Binn\;C:\Program Files\Microsoft SQL Server\150\Tools\Binn\;C:\Program Files\Microsoft SQL Server\150\DTS\Binn\;C:\Program Files (x86)\Microsoft SQL Server\150\DTS\Binn\;C:\WINDOWS\system32;C:\WINDOWS;C:\WINDOWS\System32\Wbem;C:\WINDOWS\System32\WindowsPowerShell\v1.0\;C:\WINDOWS\System32\OpenSSH\;C:\Program Files\dotnet\;C:\Program Files (x86)\dotnet\;C:\Program Files\PuTTY\;C:\WINDOWS\system32;C:\WINDOWS;C:\WINDOWS\System32\Wbem;C:\WINDOWS\System32\WindowsPowerShell\v1.0\;C:\WINDOWS\System32\OpenSSH\;C:\Program Files\Microsoft SQL Server\Client SDK\ODBC\130\Tools\Binn\;C:\Galaktika\ATL6\Libs\;C:\Galaktika\ATL6\Libs\x64;C:\Program Files (x86)\Microsoft SQL Server\160\DTS\Binn\;C:\Program Files\Git\cmd;C:\Program Files\GitExtensions\;C:\Users\─ьшЄЁшщ\AppData\Local\Programs\Python\Python311\Scripts\;C:\Users\─ьшЄЁшщ\AppData\Local\Programs\Python\Python311\;C:\Users\─ьшЄЁшщ\AppData\Local\Microsoft\WindowsApps;C:\Program Files\Azure Data Studio\bin;C:\Users\─ьшЄЁшщ\.dotnet\tools;C:\SRCFlutter\flutter\bin;;C:\Users\─ьшЄЁшщ\AppData\Local\Programs\Microsoft VS Code\bin;C:\Users\─ьшЄЁшщ\AppData\Local\JetBrains\PyCharm Community Edition 2022.3.2\bin;
 PATHEXT=.COM;.EXE;.BAT;.CMD;.VBS;.VBE;.JS;.JSE;.WSF;.WSH;.MSC
 PROCESSOR_ARCHITECTURE=AMD64
 PROCESSOR_IDENTIFIER=AMD64 Family 25 Model 80 Stepping 0, AuthenticAMD
 PROCESSOR_LEVEL=25
 PROCESSOR_REVISION=5000
 ProgramData=C:\ProgramData
 ProgramFiles=C:\Program Files
 ProgramFiles(x86)=C:\Program Files (x86)
 ProgramW6432=C:\Program Files
 PROMPT=$P$G
 PSModulePath=C:\Program Files\WindowsPowerShell\Modules;C:\WINDOWS\system32\WindowsPowerShell\v1.0\Modules;C:\Program Files (x86)\Microsoft SQL Server\150\Tools\PowerShell\Modules\
 PUBLIC=C:\Users\Public
 PyCharm Community Edition=C:\Users\─ьшЄЁшщ\AppData\Local\JetBrains\PyCharm Community Edition 2022.3.2\bin;
 SESSIONNAME=Console
 SystemDrive=C:
 SystemRoot=C:\WINDOWS
 TEMP=C:\Users\AACE~1\AppData\Local\Temp
 TMP=C:\Users\AACE~1\AppData\Local\Temp
 USERDOMAIN=LAPUS-VICTUS
 USERDOMAIN_ROAMINGPROFILE=LAPUS-VICTUS
 USERNAME=─ьшЄЁшщ
 USERPROFILE=C:\Users\─ьшЄЁшщ
 windir=C:\WINDOWS
 __PSLockDownPolicy=0
Список загруженных модулей
 vip64x.exe           0000000100000000 00000000005A0000 65535/65535 19/сен/2025 10:45:13 C:\Galaktika\AVAZ\chumachenko\6.0.09.0\exe\vip64x.exe *6.0.9.0
 ntdll.dll            00007FFE66C20000 0000000000269000 65535/65535 30/авг/2025 07:55:58 C:\WINDOWS\SYSTEM32\ntdll.dll *10.0.26100.5074
 KERNEL32.DLL         00007FFE659E0000 00000000000C9000 65535/65535 30/авг/2025 07:55:55 C:\WINDOWS\System32\KERNEL32.DLL *10.0.26100.5074
 KERNELBASE.dll       00007FFE64230000 00000000003F3000 65535/65535 30/авг/2025 07:55:55 C:\WINDOWS\System32\KERNELBASE.dll *10.0.26100.5074
 ole32.dll            00007FFE65AB0000 0000000000198000     1/1     30/авг/2025 07:55:50 C:\WINDOWS\System32\ole32.dll *10.0.26100.5074
 msvcp_win.dll        00007FFE64810000 00000000000A3000     3/3     30/авг/2025 07:56:06 C:\WINDOWS\System32\msvcp_win.dll *10.0.26100.5074
 atlantis64x.rtl      0000000102400000 0000000000184000    14/14    19/сен/2025 10:45:13 C:\Galaktika\AVAZ\chumachenko\6.0.09.0\exe\atlantis64x.rtl *6.0.9.0
 ucrtbase.dll         00007FFE64630000 000000000014B000     9/9     30/авг/2025 07:56:06 C:\WINDOWS\System32\ucrtbase.dll *10.0.26100.5074
 ADVAPI32.dll         00007FFE66630000 00000000000B4000     3/3     30/авг/2025 07:55:47 C:\WINDOWS\System32\ADVAPI32.dll *10.0.26100.5074
 msvcrt.dll           00007FFE64C80000 00000000000A9000     5/5     30/авг/2025 07:55:57 C:\WINDOWS\System32\msvcrt.dll *7.0.26100.5074/10.0.26100.5074
 GDI32.dll            00007FFE658B0000 000000000002B000     7/7     30/авг/2025 07:55:53 C:\WINDOWS\System32\GDI32.dll *10.0.26100.5074
 sechost.dll          00007FFE65D70000 00000000000A6000     1/1     30/авг/2025 07:56:00 C:\WINDOWS\System32\sechost.dll *10.0.26100.5074
 win32u.dll           00007FFE64090000 0000000000027000     1/1     30/авг/2025 07:56:08 C:\WINDOWS\System32\win32u.dll *10.0.26100.5074
 gdi32full.dll        00007FFE648C0000 000000000012D000     7/7     30/авг/2025 07:55:53 C:\WINDOWS\System32\gdi32full.dll *10.0.26100.5074
 RPCRT4.dll           00007FFE65C50000 0000000000118000     6/6     30/авг/2025 07:55:59 C:\WINDOWS\System32\RPCRT4.dll *10.0.26100.5074
 USER32.dll           00007FFE65F90000 00000000001C4000     7/7     30/авг/2025 07:56:06 C:\WINDOWS\System32\USER32.dll *10.0.26100.5074
 OLEAUT32.dll         00007FFE657D0000 00000000000D7000     3/3     30/авг/2025 07:55:58 C:\WINDOWS\System32\OLEAUT32.dll *10.0.26100.5074
 combase.dll          00007FFE66160000 000000000037B000     4/4     30/авг/2025 07:55:50 C:\WINDOWS\System32\combase.dll *10.0.26100.5074
 atllib_64x.dll       0000000110000000 0000000000047000    13/13    19/сен/2025 10:45:13 C:\Galaktika\AVAZ\chumachenko\6.0.09.0\exe\atllib_64x.dll *6.0.9.0
 _cfg64x.dll          0000000062580000 000000000003A000     1/1     19/сен/2025 10:45:13 C:\Galaktika\AVAZ\chumachenko\6.0.09.0\exe\_cfg64x.dll *6.0.9.0
 winspool.drv         00007FFE4B330000 00000000000B2000     1/1     30/авг/2025 07:55:59 C:\WINDOWS\SYSTEM32\winspool.drv *10.0.26100.5074
 libxml264x.dll       0000000065100000 0000000000442000     2/2     19/сен/2025 10:45:13 C:\Galaktika\AVAZ\chumachenko\6.0.09.0\exe\libxml264x.dll *2.9.7.0
 WS2_32.dll           00007FFE65750000 0000000000074000     2/2     30/авг/2025 07:56:08 C:\WINDOWS\System32\WS2_32.dll *10.0.26100.5074
 shcore.dll           00007FFE658E0000 00000000000F0000     1/1     30/авг/2025 07:56:02 C:\WINDOWS\System32\shcore.dll *10.0.26100.5074
 cfgmgr32.dll         00007FFE63A60000 0000000000057000     1/1     29/авг/2025 18:53:21 C:\WINDOWS\SYSTEM32\cfgmgr32.dll *10.0.26100.4202
 WSOCK32.dll          00007FFE35230000 000000000000A000     2/2     01/апр/2024 10:22:14 C:\WINDOWS\SYSTEM32\WSOCK32.dll *10.0.26100.1
 base64x.dll          0000000000E20000 000000000009A000     4/4     19/сен/2025 10:45:13 C:\Galaktika\AVAZ\chumachenko\6.0.09.0\exe\base64x.dll *6.0.9.0
 streams_64x.dll      0000000000EC0000 000000000015D000    12/12    19/сен/2025 10:45:13 C:\Galaktika\AVAZ\chumachenko\6.0.09.0\exe\streams_64x.dll *6.0.9.0
 forms_64x.dll        0000000001020000 00000000000D1000     2/2     30/сен/2025 20:24:00 C:\Galaktika\AVAZ\chumachenko\6.0.09.0\exe\forms_64x.dll *6.0.9.0
 ecc_64x.dll          00000000006E0000 000000000003D000     4/4     19/сен/2025 10:45:13 C:\Galaktika\AVAZ\chumachenko\6.0.09.0\exe\ecc_64x.dll *6.0.9.0
 editor_64x.dll       0000000001100000 0000000000033000     1/1     19/сен/2025 10:45:13 C:\Galaktika\AVAZ\chumachenko\6.0.09.0\exe\editor_64x.dll *6.0.9.0
 lotdll_64x.dll       0000000001140000 0000000000048000     1/1     19/сен/2025 10:45:13 C:\Galaktika\AVAZ\chumachenko\6.0.09.0\exe\lotdll_64x.dll *6.0.9.0
 protect_64x.dll      00000000001D0000 0000000000017000     4/4     29/сен/2025 16:58:29 C:\Galaktika\AVAZ\chumachenko\6.0.09.0\exe\protect_64x.dll *6.0.9.0
 ifcobjs_64x.dll      0000000001190000 0000000000014000     1/1     19/сен/2025 10:45:13 C:\Galaktika\AVAZ\chumachenko\6.0.09.0\exe\ifcobjs_64x.dll *6.0.9.0
 atvipobj64x.dll      00000000011B0000 0000000000021000     1/1     19/сен/2025 10:45:13 C:\Galaktika\AVAZ\chumachenko\6.0.09.0\exe\atvipobj64x.dll *6.0.9.0
 jitvip64x.dll        00000000011E0000 0000000000027000     1/1     19/сен/2025 10:45:13 C:\Galaktika\AVAZ\chumachenko\6.0.09.0\exe\jitvip64x.dll *6.0.9.0
 atlpop64x.dll        0000000001210000 000000000008B000     1/1     19/сен/2025 10:45:13 C:\Galaktika\AVAZ\chumachenko\6.0.09.0\exe\atlpop64x.dll *6.0.9.0
 nation_64x.dll       00000000001F0000 000000000000B000     1/1     19/сен/2025 10:45:13 C:\Galaktika\AVAZ\chumachenko\6.0.09.0\exe\nation_64x.dll *6.0.9.0
 IMM32.DLL            00007FFE64E30000 000000000002F000     1/1     29/авг/2025 18:53:19 C:\WINDOWS\System32\IMM32.DLL *10.0.26100.4484
 SspiCli.dll          00007FFE62F10000 0000000000049000     4/4     29/авг/2025 18:53:33 C:\WINDOWS\SYSTEM32\SspiCli.dll *10.0.26100.4484
 libeay32.dll         00007FFDF1C70000 0000000000207000     2/2     23/сен/2025 16:27:09 C:\Galaktika\AVAZ\chumachenko\6.0.09.0\exe\SSL64\libeay32.dll *1.0.2.14
 VCRUNTIME140.dll     00007FFE35240000 000000000001E000 65535/65535 03/июн/2025 06:00:00 C:\WINDOWS\SYSTEM32\VCRUNTIME140.dll *14.42.34438.0
 ssleay32.dll         00007FFE5B920000 000000000005B000     1/1     23/сен/2025 16:27:09 C:\Galaktika\AVAZ\chumachenko\6.0.09.0\exe\SSL64\ssleay32.dll *1.0.2.14
 CRYPTSP.dll          00007FFE635A0000 000000000001B000     1/1     30/авг/2025 07:55:50 C:\WINDOWS\SYSTEM32\CRYPTSP.dll *10.0.26100.5074
 rsaenh.dll           00007FFE62BD0000 000000000003B000     2/2     30/авг/2025 07:55:59 C:\WINDOWS\system32\rsaenh.dll *10.0.26100.5074
 CRYPTBASE.dll        00007FFE63400000 000000000000C000     2/2     30/авг/2025 07:55:50 C:\WINDOWS\SYSTEM32\CRYPTBASE.dll *10.0.26100.5074
 bcryptPrimitives.dll 00007FFE63FF0000 0000000000099000 65535/65535 30/авг/2025 07:55:49 C:\WINDOWS\System32\bcryptPrimitives.dll *10.0.26100.5074
 asmuser64x.dll       0000000001580000 0000000000023000     1/1     19/сен/2025 10:45:13 C:\Galaktika\AVAZ\chumachenko\6.0.09.0\exe\asmuser64x.dll *6.0.9.0
 mpr.dll              00007FFE5B220000 0000000000021000     1/1     29/авг/2025 18:53:19 C:\WINDOWS\SYSTEM32\mpr.dll *10.0.26100.1882
 vision_w64x.dll      000000006A880000 0000000000332000     1/1     19/сен/2025 10:45:13 C:\Galaktika\AVAZ\chumachenko\6.0.09.0\exe\vision_w64x.dll *6.0.9.0
 SHELL32.dll          00007FFE65000000 000000000074D000     3/3     30/авг/2025 07:56:03 C:\WINDOWS\System32\SHELL32.dll *10.0.26100.5074
 gdesk64x.dll         000000006DB40000 0000000000042000     1/1     19/сен/2025 10:45:13 C:\Galaktika\AVAZ\chumachenko\6.0.09.0\exe\gdesk64x.dll *6.0.9.0
 wintypes.dll         00007FFE640C0000 000000000016C000     1/1     30/авг/2025 07:55:50 C:\WINDOWS\System32\wintypes.dll *10.0.26100.5074
 uxtheme.dll          00007FFE60FC0000 00000000000A8000     3/3     30/авг/2025 07:56:07 C:\WINDOWS\SYSTEM32\uxtheme.dll *10.0.26100.5074
 dwmapi.dll           00007FFE612B0000 000000000002B000     1/1     30/авг/2025 07:55:51 C:\WINDOWS\SYSTEM32\dwmapi.dll *10.0.26100.5074
 MSCTF.dll            00007FFE65E30000 0000000000158000     1/1     30/авг/2025 07:56:05 C:\WINDOWS\System32\MSCTF.dll *10.0.26100.5074
 zprint_w64x.dll      000000006C700000 0000000000048000     2/2     19/сен/2025 10:45:13 C:\Galaktika\AVAZ\chumachenko\6.0.09.0\exe\zprint_w64x.dll *6.0.9.0
 pg90drv64x.dll       0000000053FA0000 0000000000224000     1/1     02/окт/2025 14:51:31 C:\Galaktika\AVAZ\chumachenko\6.0.09.0\exe\pg90drv64x.dll *6.0.9.0
 ODBC32.dll           00007FFE56CD0000 00000000000C4000     2/2     30/авг/2025 07:55:57 C:\WINDOWS\SYSTEM32\ODBC32.dll *10.0.26100.5074
 CRYPT32.dll          00007FFE63E70000 0000000000177000 65535/65535 30/авг/2025 07:55:50 C:\WINDOWS\System32\CRYPT32.dll *10.0.26100.5074
 DPAPI.DLL            00007FFE63AE0000 000000000000A000     1/1     01/апр/2024 10:22:15 C:\WINDOWS\SYSTEM32\DPAPI.DLL *10.0.26100.1
 bcrypt.dll           00007FFE63CA0000 0000000000026000 65535/65535 30/авг/2025 07:55:49 C:\WINDOWS\SYSTEM32\bcrypt.dll *10.0.26100.5074
 podbc35w.dll         00007FFDF5F00000 00000000000ED000     1/1     11/июн/2025 16:40:38 C:\WINDOWS\system32\podbc35w.dll *17.0.0.6
 MSVCP140.dll         00007FFE31070000 000000000008D000     1/1     03/июн/2025 06:00:00 C:\WINDOWS\system32\MSVCP140.dll *14.42.34438.0
 WINMM.dll            00007FFE5A390000 0000000000035000     1/1     30/авг/2025 07:55:48 C:\WINDOWS\system32\WINMM.dll *10.0.26100.5074
 libpq.dll            00007FFDFCCB0000 000000000005A000     1/1     10/июн/2025 12:34:12 C:\WINDOWS\system32\libpq.dll *17.0.5.0
 VCRUNTIME140_1.dll   00007FFE3AC30000 000000000000C000     2/2     27/апр/2024 23:20:22 C:\WINDOWS\system32\VCRUNTIME140_1.dll *14.40.33810.0
 WLDAP32.dll          00007FFE64F30000 0000000000075000     1/1     30/авг/2025 07:55:55 C:\WINDOWS\System32\WLDAP32.dll *10.0.26100.5074
 Secur32.dll          00007FFE60EB0000 000000000000D000     1/1     01/апр/2024 10:22:11 C:\WINDOWS\system32\Secur32.dll *10.0.26100.1
 libssl-3-x64.dll     00007FFDD4710000 0000000000136000     1/1     11/фев/2025 16:05:16 C:\WINDOWS\system32\libssl-3-x64.dll *3.3.3.0
 libcrypto-3-x64.dll  00007FFDD4850000 0000000000625000 65535/65535 11/фев/2025 16:05:16 C:\WINDOWS\system32\libcrypto-3-x64.dll *3.3.3.0
 odbccp32.dll         00007FFE46580000 0000000000025000     1/1     30/авг/2025 07:55:56 C:\WINDOWS\SYSTEM32\odbccp32.dll *10.0.26100.5074
 VERSION.dll          00007FFE5C880000 000000000000B000     1/1     29/авг/2025 18:53:19 C:\WINDOWS\SYSTEM32\VERSION.dll *10.0.26100.1150
 mswsock.dll          00007FFE631D0000 000000000006B000     6/6     30/авг/2025 07:56:08 C:\WINDOWS\system32\mswsock.dll *10.0.26100.5074
 DNSAPI.dll           00007FFE62670000 0000000000126000 65535/65535 30/авг/2025 07:55:52 C:\WINDOWS\SYSTEM32\DNSAPI.dll *10.0.26100.5074
 IPHLPAPI.DLL         00007FFE625E0000 0000000000034000 65535/65535 30/авг/2025 07:56:05 C:\WINDOWS\SYSTEM32\IPHLPAPI.DLL *10.0.26100.5074
 NSI.dll              00007FFE65E20000 000000000000A000 65535/65535 30/авг/2025 07:56:07 C:\WINDOWS\System32\NSI.dll *10.0.26100.5074
 rasadhlp.dll         00007FFE5B9E0000 000000000000B000     1/1     29/авг/2025 18:53:34 C:\Windows\System32\rasadhlp.dll *10.0.26100.1150
 fwpuclnt.dll         00007FFE5AC80000 0000000000086000     1/1     30/авг/2025 07:55:57 C:\WINDOWS\System32\fwpuclnt.dll *10.0.26100.5074
 dhcpcsvc.DLL         00007FFE5C000000 0000000000023000     1/1     30/авг/2025 07:55:51 C:\WINDOWS\SYSTEM32\dhcpcsvc.DLL *10.0.26100.5074
 atlsock64x.dll       000000006DC80000 000000000002C000     2/2     19/сен/2025 10:45:13 C:\Galaktika\AVAZ\chumachenko\6.0.09.0\exe\atlsock64x.dll *6.0.9.0
 NETAPI32.DLL         00007FFE57F90000 000000000001A000     1/1     29/авг/2025 18:53:17 C:\WINDOWS\SYSTEM32\NETAPI32.DLL *10.0.26100.1150
 SRVCLI.DLL           00007FFE5B1D0000 0000000000029000     1/1     29/авг/2025 18:53:22 C:\WINDOWS\SYSTEM32\SRVCLI.DLL *10.0.26100.1150
 NETUTILS.DLL         00007FFE625A0000 000000000000D000     1/1     29/авг/2025 18:53:22 C:\WINDOWS\SYSTEM32\NETUTILS.DLL *10.0.26100.1882
 SAMCLI.DLL           00007FFE62580000 000000000001B000     1/1     29/авг/2025 18:53:22 C:\WINDOWS\SYSTEM32\SAMCLI.DLL *10.0.26100.4768
 napinsp.dll          00007FFDFB8B0000 0000000000018000     1/1     29/авг/2025 18:53:18 C:\WINDOWS\system32\napinsp.dll *10.0.26100.1150
 winrnr.dll           00007FFDFB240000 0000000000012000     1/1     29/авг/2025 18:53:21 C:\WINDOWS\System32\winrnr.dll *10.0.26100.1882
 nlansp_c.dll         00007FFDFEB60000 0000000000028000     1/1     30/авг/2025 07:55:58 C:\WINDOWS\system32\nlansp_c.dll *10.0.26100.5074
 wshbth.dll           00007FFE5BFC0000 0000000000016000     1/1     30/авг/2025 07:55:47 C:\WINDOWS\system32\wshbth.dll *10.0.26100.5074
 mt_drv64x.dll        0000000012B50000 0000000000111000     1/1     19/сен/2025 10:45:13 C:\Galaktika\AVAZ\chumachenko\6.0.09.0\exe\mt_drv64x.dll *6.0.9.0

▓▓▓▓▓▓▓▓▓▓▓▓▓▓▓▓▓▓▓▓▓▓▓▓▓▓▓▓▓▓▓▓▓▓▓▓▓▓▓▓▓▓▓▓▓▓▓▓▓▓▓▓▓▓▓▓▓▓▓▓▓▓▓▓▓▓▓▓▓▓▓▓▓▓▓▓▓▓▓



▓▓▓▓▓▓▓▓▓▓▓▓▓▓▓▓▓▓▓▓▓▓▓▓▓▓▓▓▓▓▓▓▓▓▓▓▓▓▓▓▓▓▓▓▓▓▓▓▓▓▓▓▓▓▓▓▓▓▓▓▓▓▓▓▓▓▓▓▓▓▓▓▓▓▓▓▓▓▓
▓▓▓▓▓ Запишите следующую информацию об ошибке и отошлите ее разработчикам ▓▓▓▓▓
▓ вместе с описанием ситуации, названием, версией и датой EXE-файла программы ▓
▓▓▓▓▓▓▓▓▓▓▓▓▓▓▓▓▓▓▓▓▓▓▓▓▓▓▓▓▓▓▓▓▓▓▓▓▓▓▓▓▓▓▓▓▓▓▓▓▓▓▓▓▓▓▓▓▓▓▓▓▓▓▓▓▓▓▓▓▓▓▓▓▓▓▓▓▓▓▓


▓ Программа: "vip64x.exe"  Время запуска: 10:56:18 08/11/2025
▓ Исполняемый модуль: "C:\Galaktika\AVAZ\chumachenko\6.0.09.0\exe\vip64x.exe"
▓ Система: Windows NT  Логин: "Дмитрий"  Станция: "LAPUS-VICTUS"

Необработанная исключительная ситуация
Код исключения: C0000005 (Общее нарушение защиты доступа к памяти)
Параметры исключения (2): 0000000000000000 000000000000000A
Адрес исключения: 000000005401F966 pg90drv64x.dll.1:0007E966
Содержимое регистров процессора
 RAX = 0000000000000000
 RBX = 000000000000000F
 RCX = 0000000000000002
 RDX = 0000000000000001
 RSI = 0000000003280904
 RDI = 0000000014A7F830
 RBP = 0000000054136060 pg90drv64x.dll.2:00003060
 RSP = 0000000014A7F810
 RIP = 000000005401F966 pg90drv64x.dll.1:0007E966
 R8  = 7FFFFFFFFFFFFFFC
 R9  = 00000000030005C0
 R10 = 0000000000610000
 R11 = 0000000000000246
 R12 = 0000000002C04C9C
 R13 = 0000000053FA0000
 R14 = 0000000002C22E38
 R15 = 0000000053FA0000
Содержимое стека
 0000000014A7F830: 0000000054171160 pg90drv64x.dll.3:0003A160
 0000000014A7F868: 000000005401F76D pg90drv64x.dll.1:0007E76D
 0000000014A7F898: 0000000053FFAC43 pg90drv64x.dll.1:00059C43
 0000000014A7F8D8: 0000000053FDDCD8 pg90drv64x.dll.1:0003CCD8
 0000000014A7F8F8: 0000000053FDDCA0 pg90drv64x.dll.1:0003CCA0
 0000000014A7F900: 0000000053FDDCA0 pg90drv64x.dll.1:0003CCA0
 0000000014A7F908: 00000001024D1312 atlantis64x.rtl.1:000D0312
 0000000014A7F928: 0000000053FDDCA0 pg90drv64x.dll.1:0003CCA0
 0000000014A7F970: 0000000053FDDCA0 pg90drv64x.dll.1:0003CCA0
 0000000014A7F9D8: 0000000053FDDCA0 pg90drv64x.dll.1:0003CCA0
Текущее время
 08-11-2025 10:56:34.3127051
Параметры программы
 "C:\Galaktika\AVAZ\chumachenko\6.0.09.0\exe\vip64x.exe  chumachenko.prj /r:chumachenko.res /c:vip.cfg /u:SUPERVISOR /#user:SUPERVISOR /def:Atl60"
Переменные окружения
 =::=::\
 =C:=C:\Galaktika\_git\Izhevsk\chumachenko
 ALLUSERSPROFILE=C:\ProgramData
 APPDATA=C:\Users\─ьшЄЁшщ\AppData\Roaming
 CommonProgramFiles=C:\Program Files\Common Files
 CommonProgramFiles(x86)=C:\Program Files (x86)\Common Files
 CommonProgramW6432=C:\Program Files\Common Files
 COMPUTERNAME=LAPUS-VICTUS
 ComSpec=C:\WINDOWS\system32\cmd.exe
 DD=20251108
 DriverData=C:\Windows\System32\Drivers\DriverData
 EFC_8588_1592913036=1
 exedir=C:\Galaktika\AVAZ\chumachenko\6.0.09.0\exe
 HOMEDRIVE=C:
 HOMEPATH=\Users\─ьшЄЁшщ
 LOCALAPPDATA=C:\Users\─ьшЄЁшщ\AppData\Local
 LOGONSERVER=\\LAPUS-VICTUS
 NUMBER_OF_PROCESSORS=16
 OneDrive=C:\Users\─ьшЄЁшщ\OneDrive
 OPENSSL_CONF=C:\Program Files\PostgreSQL\psqlODBC\etc\openssl.cnf
 OS=Windows_NT
 Path=C:\Program Files (x86)\Common Files\Oracle\Java\javapath;C:\Program Files\Microsoft\jdk-11.0.16.101-hotspot\bin;C:\Program Files (x86)\NVIDIA Corporation\PhysX\Common;C:\Windows\system32;C:\Windows;C:\Windows\System32\Wbem;C:\Windows\System32\WindowsPowerShell\v1.0\;C:\Windows\System32\OpenSSH\;C:\Program Files\Microsoft SQL Server\Client SDK\ODBC\170\Tools\Binn\;C:\Program Files (x86)\Microsoft SQL Server\150\Tools\Binn\;C:\Program Files\Microsoft SQL Server\150\Tools\Binn\;C:\Program Files\Microsoft SQL Server\150\DTS\Binn\;C:\Program Files (x86)\Microsoft SQL Server\150\DTS\Binn\;C:\WINDOWS\system32;C:\WINDOWS;C:\WINDOWS\System32\Wbem;C:\WINDOWS\System32\WindowsPowerShell\v1.0\;C:\WINDOWS\System32\OpenSSH\;C:\Program Files\dotnet\;C:\Program Files (x86)\dotnet\;C:\Program Files\PuTTY\;C:\WINDOWS\system32;C:\WINDOWS;C:\WINDOWS\System32\Wbem;C:\WINDOWS\System32\WindowsPowerShell\v1.0\;C:\WINDOWS\System32\OpenSSH\;C:\Program Files\Microsoft SQL Server\Client SDK\ODBC\130\Tools\Binn\;C:\Galaktika\ATL6\Libs\;C:\Galaktika\ATL6\Libs\x64;C:\Program Files (x86)\Microsoft SQL Server\160\DTS\Binn\;C:\Program Files\Git\cmd;C:\Program Files\GitExtensions\;C:\Users\─ьшЄЁшщ\AppData\Local\Programs\Python\Python311\Scripts\;C:\Users\─ьшЄЁшщ\AppData\Local\Programs\Python\Python311\;C:\Users\─ьшЄЁшщ\AppData\Local\Microsoft\WindowsApps;C:\Program Files\Azure Data Studio\bin;C:\Users\─ьшЄЁшщ\.dotnet\tools;C:\SRCFlutter\flutter\bin;;C:\Users\─ьшЄЁшщ\AppData\Local\Programs\Microsoft VS Code\bin;C:\Users\─ьшЄЁшщ\AppData\Local\JetBrains\PyCharm Community Edition 2022.3.2\bin;
 PATHEXT=.COM;.EXE;.BAT;.CMD;.VBS;.VBE;.JS;.JSE;.WSF;.WSH;.MSC
 PROCESSOR_ARCHITECTURE=AMD64
 PROCESSOR_IDENTIFIER=AMD64 Family 25 Model 80 Stepping 0, AuthenticAMD
 PROCESSOR_LEVEL=25
 PROCESSOR_REVISION=5000
 ProgramData=C:\ProgramData
 ProgramFiles=C:\Program Files
 ProgramFiles(x86)=C:\Program Files (x86)
 ProgramW6432=C:\Program Files
 PROMPT=$P$G
 PSModulePath=C:\Program Files\WindowsPowerShell\Modules;C:\WINDOWS\system32\WindowsPowerShell\v1.0\Modules;C:\Program Files (x86)\Microsoft SQL Server\150\Tools\PowerShell\Modules\
 PUBLIC=C:\Users\Public
 PyCharm Community Edition=C:\Users\─ьшЄЁшщ\AppData\Local\JetBrains\PyCharm Community Edition 2022.3.2\bin;
 SESSIONNAME=Console
 SystemDrive=C:
 SystemRoot=C:\WINDOWS
 TEMP=C:\Users\AACE~1\AppData\Local\Temp
 TMP=C:\Users\AACE~1\AppData\Local\Temp
 USERDOMAIN=LAPUS-VICTUS
 USERDOMAIN_ROAMINGPROFILE=LAPUS-VICTUS
 USERNAME=─ьшЄЁшщ
 USERPROFILE=C:\Users\─ьшЄЁшщ
 windir=C:\WINDOWS
 __PSLockDownPolicy=0
Список загруженных модулей
 vip64x.exe           0000000100000000 00000000005A0000 65535/65535 19/сен/2025 10:45:13 C:\Galaktika\AVAZ\chumachenko\6.0.09.0\exe\vip64x.exe *6.0.9.0
 ntdll.dll            00007FFE66C20000 0000000000269000 65535/65535 30/авг/2025 07:55:58 C:\WINDOWS\SYSTEM32\ntdll.dll *10.0.26100.5074
 KERNEL32.DLL         00007FFE659E0000 00000000000C9000 65535/65535 30/авг/2025 07:55:55 C:\WINDOWS\System32\KERNEL32.DLL *10.0.26100.5074
 KERNELBASE.dll       00007FFE64230000 00000000003F3000 65535/65535 30/авг/2025 07:55:55 C:\WINDOWS\System32\KERNELBASE.dll *10.0.26100.5074
 ole32.dll            00007FFE65AB0000 0000000000198000     1/1     30/авг/2025 07:55:50 C:\WINDOWS\System32\ole32.dll *10.0.26100.5074
 msvcp_win.dll        00007FFE64810000 00000000000A3000     3/3     30/авг/2025 07:56:06 C:\WINDOWS\System32\msvcp_win.dll *10.0.26100.5074
 atlantis64x.rtl      0000000102400000 0000000000184000    14/14    19/сен/2025 10:45:13 C:\Galaktika\AVAZ\chumachenko\6.0.09.0\exe\atlantis64x.rtl *6.0.9.0
 ADVAPI32.dll         00007FFE66630000 00000000000B4000     3/3     30/авг/2025 07:55:47 C:\WINDOWS\System32\ADVAPI32.dll *10.0.26100.5074
 ucrtbase.dll         00007FFE64630000 000000000014B000     9/9     30/авг/2025 07:56:06 C:\WINDOWS\System32\ucrtbase.dll *10.0.26100.5074
 msvcrt.dll           00007FFE64C80000 00000000000A9000     5/5     30/авг/2025 07:55:57 C:\WINDOWS\System32\msvcrt.dll *7.0.26100.5074/10.0.26100.5074
 GDI32.dll            00007FFE658B0000 000000000002B000     7/7     30/авг/2025 07:55:53 C:\WINDOWS\System32\GDI32.dll *10.0.26100.5074
 sechost.dll          00007FFE65D70000 00000000000A6000     1/1     30/авг/2025 07:56:00 C:\WINDOWS\System32\sechost.dll *10.0.26100.5074
 win32u.dll           00007FFE64090000 0000000000027000     1/1     30/авг/2025 07:56:08 C:\WINDOWS\System32\win32u.dll *10.0.26100.5074
 RPCRT4.dll           00007FFE65C50000 0000000000118000     6/6     30/авг/2025 07:55:59 C:\WINDOWS\System32\RPCRT4.dll *10.0.26100.5074
 gdi32full.dll        00007FFE648C0000 000000000012D000     7/7     30/авг/2025 07:55:53 C:\WINDOWS\System32\gdi32full.dll *10.0.26100.5074
 OLEAUT32.dll         00007FFE657D0000 00000000000D7000     3/3     30/авг/2025 07:55:58 C:\WINDOWS\System32\OLEAUT32.dll *10.0.26100.5074
 USER32.dll           00007FFE65F90000 00000000001C4000     7/7     30/авг/2025 07:56:06 C:\WINDOWS\System32\USER32.dll *10.0.26100.5074
 combase.dll          00007FFE66160000 000000000037B000     4/4     30/авг/2025 07:55:50 C:\WINDOWS\System32\combase.dll *10.0.26100.5074
 atllib_64x.dll       0000000110000000 0000000000047000    13/13    19/сен/2025 10:45:13 C:\Galaktika\AVAZ\chumachenko\6.0.09.0\exe\atllib_64x.dll *6.0.9.0
 _cfg64x.dll          0000000062580000 000000000003A000     1/1     19/сен/2025 10:45:13 C:\Galaktika\AVAZ\chumachenko\6.0.09.0\exe\_cfg64x.dll *6.0.9.0
 libxml264x.dll       0000000065100000 0000000000442000     2/2     19/сен/2025 10:45:13 C:\Galaktika\AVAZ\chumachenko\6.0.09.0\exe\libxml264x.dll *2.9.7.0
 winspool.drv         00007FFE4B330000 00000000000B2000     1/1     30/авг/2025 07:55:59 C:\WINDOWS\SYSTEM32\winspool.drv *10.0.26100.5074
 WS2_32.dll           00007FFE65750000 0000000000074000     2/2     30/авг/2025 07:56:08 C:\WINDOWS\System32\WS2_32.dll *10.0.26100.5074
 shcore.dll           00007FFE658E0000 00000000000F0000     1/1     30/авг/2025 07:56:02 C:\WINDOWS\System32\shcore.dll *10.0.26100.5074
 cfgmgr32.dll         00007FFE63A60000 0000000000057000     1/1     29/авг/2025 18:53:21 C:\WINDOWS\SYSTEM32\cfgmgr32.dll *10.0.26100.4202
 WSOCK32.dll          00007FFE35230000 000000000000A000     2/2     01/апр/2024 10:22:14 C:\WINDOWS\SYSTEM32\WSOCK32.dll *10.0.26100.1
 base64x.dll          0000000000DB0000 000000000009A000     4/4     19/сен/2025 10:45:13 C:\Galaktika\AVAZ\chumachenko\6.0.09.0\exe\base64x.dll *6.0.9.0
 ecc_64x.dll          0000000000E50000 000000000003D000     4/4     19/сен/2025 10:45:13 C:\Galaktika\AVAZ\chumachenko\6.0.09.0\exe\ecc_64x.dll *6.0.9.0
 editor_64x.dll       0000000000E90000 0000000000033000     1/1     19/сен/2025 10:45:13 C:\Galaktika\AVAZ\chumachenko\6.0.09.0\exe\editor_64x.dll *6.0.9.0
 streams_64x.dll      0000000000ED0000 000000000015D000    12/12    19/сен/2025 10:45:13 C:\Galaktika\AVAZ\chumachenko\6.0.09.0\exe\streams_64x.dll *6.0.9.0
 lotdll_64x.dll       0000000001030000 0000000000048000     1/1     19/сен/2025 10:45:13 C:\Galaktika\AVAZ\chumachenko\6.0.09.0\exe\lotdll_64x.dll *6.0.9.0
 forms_64x.dll        0000000001080000 00000000000D1000     2/2     30/сен/2025 20:24:00 C:\Galaktika\AVAZ\chumachenko\6.0.09.0\exe\forms_64x.dll *6.0.9.0
 protect_64x.dll      0000000001160000 0000000000017000     4/4     29/сен/2025 16:58:29 C:\Galaktika\AVAZ\chumachenko\6.0.09.0\exe\protect_64x.dll *6.0.9.0
 atvipobj64x.dll      0000000001180000 0000000000021000     1/1     19/сен/2025 10:45:13 C:\Galaktika\AVAZ\chumachenko\6.0.09.0\exe\atvipobj64x.dll *6.0.9.0
 ifcobjs_64x.dll      00000000011B0000 0000000000014000     1/1     19/сен/2025 10:45:13 C:\Galaktika\AVAZ\chumachenko\6.0.09.0\exe\ifcobjs_64x.dll *6.0.9.0
 jitvip64x.dll        00000000011D0000 0000000000027000     1/1     19/сен/2025 10:45:13 C:\Galaktika\AVAZ\chumachenko\6.0.09.0\exe\jitvip64x.dll *6.0.9.0
 atlpop64x.dll        0000000001200000 000000000008B000     1/1     19/сен/2025 10:45:13 C:\Galaktika\AVAZ\chumachenko\6.0.09.0\exe\atlpop64x.dll *6.0.9.0
 nation_64x.dll       0000000001290000 000000000000B000     1/1     19/сен/2025 10:45:13 C:\Galaktika\AVAZ\chumachenko\6.0.09.0\exe\nation_64x.dll *6.0.9.0
 IMM32.DLL            00007FFE64E30000 000000000002F000     1/1     29/авг/2025 18:53:19 C:\WINDOWS\System32\IMM32.DLL *10.0.26100.4484
 SspiCli.dll          00007FFE62F10000 0000000000049000     4/4     29/авг/2025 18:53:33 C:\WINDOWS\SYSTEM32\SspiCli.dll *10.0.26100.4484
 libeay32.dll         00007FFDF1C70000 0000000000207000     2/2     23/сен/2025 16:27:09 C:\Galaktika\AVAZ\chumachenko\6.0.09.0\exe\SSL64\libeay32.dll *1.0.2.14
 VCRUNTIME140.dll     00007FFE35240000 000000000001E000 65535/65535 03/июн/2025 06:00:00 C:\WINDOWS\SYSTEM32\VCRUNTIME140.dll *14.42.34438.0
 ssleay32.dll         00007FFE5B920000 000000000005B000     1/1     23/сен/2025 16:27:09 C:\Galaktika\AVAZ\chumachenko\6.0.09.0\exe\SSL64\ssleay32.dll *1.0.2.14
 CRYPTSP.dll          00007FFE635A0000 000000000001B000     1/1     30/авг/2025 07:55:50 C:\WINDOWS\SYSTEM32\CRYPTSP.dll *10.0.26100.5074
 rsaenh.dll           00007FFE62BD0000 000000000003B000     2/2     30/авг/2025 07:55:59 C:\WINDOWS\system32\rsaenh.dll *10.0.26100.5074
 CRYPTBASE.dll        00007FFE63400000 000000000000C000     2/2     30/авг/2025 07:55:50 C:\WINDOWS\SYSTEM32\CRYPTBASE.dll *10.0.26100.5074
 bcryptPrimitives.dll 00007FFE63FF0000 0000000000099000 65535/65535 30/авг/2025 07:55:49 C:\WINDOWS\System32\bcryptPrimitives.dll *10.0.26100.5074
 asmuser64x.dll       0000000003760000 0000000000023000     1/1     19/сен/2025 10:45:13 C:\Galaktika\AVAZ\chumachenko\6.0.09.0\exe\asmuser64x.dll *6.0.9.0
 mpr.dll              00007FFE5B220000 0000000000021000     1/1     29/авг/2025 18:53:19 C:\WINDOWS\SYSTEM32\mpr.dll *10.0.26100.1882
 vision_w64x.dll      000000006A880000 0000000000332000     1/1     19/сен/2025 10:45:13 C:\Galaktika\AVAZ\chumachenko\6.0.09.0\exe\vision_w64x.dll *6.0.9.0
 SHELL32.dll          00007FFE65000000 000000000074D000     3/3     30/авг/2025 07:56:03 C:\WINDOWS\System32\SHELL32.dll *10.0.26100.5074
 gdesk64x.dll         000000006DB40000 0000000000042000     1/1     19/сен/2025 10:45:13 C:\Galaktika\AVAZ\chumachenko\6.0.09.0\exe\gdesk64x.dll *6.0.9.0
 wintypes.dll         00007FFE640C0000 000000000016C000     1/1     30/авг/2025 07:55:50 C:\WINDOWS\System32\wintypes.dll *10.0.26100.5074
 uxtheme.dll          00007FFE60FC0000 00000000000A8000     3/3     30/авг/2025 07:56:07 C:\WINDOWS\SYSTEM32\uxtheme.dll *10.0.26100.5074
 dwmapi.dll           00007FFE612B0000 000000000002B000     1/1     30/авг/2025 07:55:51 C:\WINDOWS\SYSTEM32\dwmapi.dll *10.0.26100.5074
 MSCTF.dll            00007FFE65E30000 0000000000158000     1/1     30/авг/2025 07:56:05 C:\WINDOWS\System32\MSCTF.dll *10.0.26100.5074
 zprint_w64x.dll      000000006C700000 0000000000048000     2/2     19/сен/2025 10:45:13 C:\Galaktika\AVAZ\chumachenko\6.0.09.0\exe\zprint_w64x.dll *6.0.9.0
 pg90drv64x.dll       0000000053FA0000 0000000000224000     1/1     02/окт/2025 14:51:31 C:\Galaktika\AVAZ\chumachenko\6.0.09.0\exe\pg90drv64x.dll *6.0.9.0
 ODBC32.dll           00007FFE56CD0000 00000000000C4000     2/2     30/авг/2025 07:55:57 C:\WINDOWS\SYSTEM32\ODBC32.dll *10.0.26100.5074
 CRYPT32.dll          00007FFE63E70000 0000000000177000 65535/65535 30/авг/2025 07:55:50 C:\WINDOWS\System32\CRYPT32.dll *10.0.26100.5074
 DPAPI.DLL            00007FFE63AE0000 000000000000A000     1/1     01/апр/2024 10:22:15 C:\WINDOWS\SYSTEM32\DPAPI.DLL *10.0.26100.1
 bcrypt.dll           00007FFE63CA0000 0000000000026000 65535/65535 30/авг/2025 07:55:49 C:\WINDOWS\SYSTEM32\bcrypt.dll *10.0.26100.5074
 podbc35w.dll         00007FFDF5F00000 00000000000ED000     1/1     11/июн/2025 16:40:38 C:\WINDOWS\system32\podbc35w.dll *17.0.0.6
 libpq.dll            00007FFDFCCB0000 000000000005A000     1/1     10/июн/2025 12:34:12 C:\WINDOWS\system32\libpq.dll *17.0.5.0
 MSVCP140.dll         00007FFE31070000 000000000008D000     1/1     03/июн/2025 06:00:00 C:\WINDOWS\system32\MSVCP140.dll *14.42.34438.0
 WINMM.dll            00007FFE5A390000 0000000000035000     1/1     30/авг/2025 07:55:48 C:\WINDOWS\system32\WINMM.dll *10.0.26100.5074
 VCRUNTIME140_1.dll   00007FFE3AC30000 000000000000C000     2/2     27/апр/2024 23:20:22 C:\WINDOWS\system32\VCRUNTIME140_1.dll *14.40.33810.0
 WLDAP32.dll          00007FFE64F30000 0000000000075000     1/1     30/авг/2025 07:55:55 C:\WINDOWS\System32\WLDAP32.dll *10.0.26100.5074
 Secur32.dll          00007FFE60EB0000 000000000000D000     1/1     01/апр/2024 10:22:11 C:\WINDOWS\system32\Secur32.dll *10.0.26100.1
 libssl-3-x64.dll     00007FFDD4710000 0000000000136000     1/1     11/фев/2025 16:05:16 C:\WINDOWS\system32\libssl-3-x64.dll *3.3.3.0
 libcrypto-3-x64.dll  00007FFDD4850000 0000000000625000 65535/65535 11/фев/2025 16:05:16 C:\WINDOWS\system32\libcrypto-3-x64.dll *3.3.3.0
 odbccp32.dll         00007FFE46580000 0000000000025000     1/1     30/авг/2025 07:55:56 C:\WINDOWS\SYSTEM32\odbccp32.dll *10.0.26100.5074
 VERSION.dll          00007FFE5C880000 000000000000B000     1/1     29/авг/2025 18:53:19 C:\WINDOWS\SYSTEM32\VERSION.dll *10.0.26100.1150
 mswsock.dll          00007FFE631D0000 000000000006B000     6/6     30/авг/2025 07:56:08 C:\WINDOWS\system32\mswsock.dll *10.0.26100.5074
 DNSAPI.dll           00007FFE62670000 0000000000126000 65535/65535 30/авг/2025 07:55:52 C:\WINDOWS\SYSTEM32\DNSAPI.dll *10.0.26100.5074
 IPHLPAPI.DLL         00007FFE625E0000 0000000000034000 65535/65535 30/авг/2025 07:56:05 C:\WINDOWS\SYSTEM32\IPHLPAPI.DLL *10.0.26100.5074
 NSI.dll              00007FFE65E20000 000000000000A000 65535/65535 30/авг/2025 07:56:07 C:\WINDOWS\System32\NSI.dll *10.0.26100.5074
 rasadhlp.dll         00007FFE5B9E0000 000000000000B000     1/1     29/авг/2025 18:53:34 C:\Windows\System32\rasadhlp.dll *10.0.26100.1150
 fwpuclnt.dll         00007FFE5AC80000 0000000000086000     1/1     30/авг/2025 07:55:57 C:\WINDOWS\System32\fwpuclnt.dll *10.0.26100.5074
 dhcpcsvc.DLL         00007FFE5C000000 0000000000023000     1/1     30/авг/2025 07:55:51 C:\WINDOWS\SYSTEM32\dhcpcsvc.DLL *10.0.26100.5074
 atlsock64x.dll       000000006DC80000 000000000002C000     2/2     19/сен/2025 10:45:13 C:\Galaktika\AVAZ\chumachenko\6.0.09.0\exe\atlsock64x.dll *6.0.9.0
 NETAPI32.DLL         00007FFE57F90000 000000000001A000     1/1     29/авг/2025 18:53:17 C:\WINDOWS\SYSTEM32\NETAPI32.DLL *10.0.26100.1150
 SRVCLI.DLL           00007FFE5B1D0000 0000000000029000     1/1     29/авг/2025 18:53:22 C:\WINDOWS\SYSTEM32\SRVCLI.DLL *10.0.26100.1150
 NETUTILS.DLL         00007FFE625A0000 000000000000D000     1/1     29/авг/2025 18:53:22 C:\WINDOWS\SYSTEM32\NETUTILS.DLL *10.0.26100.1882
 SAMCLI.DLL           00007FFE62580000 000000000001B000     1/1     29/авг/2025 18:53:22 C:\WINDOWS\SYSTEM32\SAMCLI.DLL *10.0.26100.4768
 napinsp.dll          00007FFDFB8B0000 0000000000018000     1/1     29/авг/2025 18:53:18 C:\WINDOWS\system32\napinsp.dll *10.0.26100.1150
 winrnr.dll           00007FFDFB240000 0000000000012000     1/1     29/авг/2025 18:53:21 C:\WINDOWS\System32\winrnr.dll *10.0.26100.1882
 nlansp_c.dll         00007FFDFEB60000 0000000000028000     1/1     30/авг/2025 07:55:58 C:\WINDOWS\system32\nlansp_c.dll *10.0.26100.5074
 wshbth.dll           00007FFE5BFC0000 0000000000016000     1/1     30/авг/2025 07:55:47 C:\WINDOWS\system32\wshbth.dll *10.0.26100.5074
 mt_drv64x.dll        0000000012B60000 0000000000111000     1/1     19/сен/2025 10:45:13 C:\Galaktika\AVAZ\chumachenko\6.0.09.0\exe\mt_drv64x.dll *6.0.9.0

▓▓▓▓▓▓▓▓▓▓▓▓▓▓▓▓▓▓▓▓▓▓▓▓▓▓▓▓▓▓▓▓▓▓▓▓▓▓▓▓▓▓▓▓▓▓▓▓▓▓▓▓▓▓▓▓▓▓▓▓▓▓▓▓▓▓▓▓▓▓▓▓▓▓▓▓▓▓▓



▓▓▓▓▓▓▓▓▓▓▓▓▓▓▓▓▓▓▓▓▓▓▓▓▓▓▓▓▓▓▓▓▓▓▓▓▓▓▓▓▓▓▓▓▓▓▓▓▓▓▓▓▓▓▓▓▓▓▓▓▓▓▓▓▓▓▓▓▓▓▓▓▓▓▓▓▓▓▓
▓▓▓▓▓ Запишите следующую информацию об ошибке и отошлите ее разработчикам ▓▓▓▓▓
▓ вместе с описанием ситуации, названием, версией и датой EXE-файла программы ▓
▓▓▓▓▓▓▓▓▓▓▓▓▓▓▓▓▓▓▓▓▓▓▓▓▓▓▓▓▓▓▓▓▓▓▓▓▓▓▓▓▓▓▓▓▓▓▓▓▓▓▓▓▓▓▓▓▓▓▓▓▓▓▓▓▓▓▓▓▓▓▓▓▓▓▓▓▓▓▓


▓ Программа: "vip64x.exe"  Время запуска: 10:57:58 08/11/2025
▓ Исполняемый модуль: "C:\Galaktika\AVAZ\chumachenko\6.0.09.0\exe\vip64x.exe"
▓ Система: Windows NT  Логин: "Дмитрий"  Станция: "LAPUS-VICTUS"

Необработанная исключительная ситуация
Код исключения: C0000005 (Общее нарушение защиты доступа к памяти)
Параметры исключения (2): 0000000000000000 000000000000000A
Адрес исключения: 000000005401F966 pg90drv64x.dll.1:0007E966
Содержимое регистров процессора
 RAX = 0000000000000000
 RBX = 000000000000000F
 RCX = 0000000000000002
 RDX = 0000000000000001
 RSI = 00000000031C0904
 RDI = 0000000014E4F830
 RBP = 0000000054136060 pg90drv64x.dll.2:00003060
 RSP = 0000000014E4F810
 RIP = 000000005401F966 pg90drv64x.dll.1:0007E966
 R8  = 7FFFFFFFFFFFFFFC
 R9  = 0000000014763CC4
 R10 = 0000000000110000
 R11 = 0000000000000246
 R12 = 0000000002B44C9C
 R13 = 0000000053FA0000
 R14 = 0000000002B62E38
 R15 = 0000000053FA0000
Содержимое стека
 0000000014E4F830: 0000000054171160 pg90drv64x.dll.3:0003A160
 0000000014E4F868: 000000005401F76D pg90drv64x.dll.1:0007E76D
 0000000014E4F898: 0000000053FFAC43 pg90drv64x.dll.1:00059C43
 0000000014E4F8D8: 0000000053FDDCD8 pg90drv64x.dll.1:0003CCD8
 0000000014E4F8F8: 0000000053FDDCA0 pg90drv64x.dll.1:0003CCA0
 0000000014E4F900: 0000000053FDDCA0 pg90drv64x.dll.1:0003CCA0
 0000000014E4F908: 00000001024D1312 atlantis64x.rtl.1:000D0312
 0000000014E4F928: 0000000053FDDCA0 pg90drv64x.dll.1:0003CCA0
 0000000014E4F970: 0000000053FDDCA0 pg90drv64x.dll.1:0003CCA0
 0000000014E4F9D8: 0000000053FDDCA0 pg90drv64x.dll.1:0003CCA0
Текущее время
 08-11-2025 10:58:09.3130834
Параметры программы
 "C:\Galaktika\AVAZ\chumachenko\6.0.09.0\exe\vip64x.exe  chumachenko.prj /r:chumachenko.res /c:vip.cfg /u:SUPERVISOR /#user:SUPERVISOR /def:Atl60"
Переменные окружения
 =::=::\
 =C:=C:\Galaktika\_git\Izhevsk\chumachenko
 ALLUSERSPROFILE=C:\ProgramData
 APPDATA=C:\Users\─ьшЄЁшщ\AppData\Roaming
 CommonProgramFiles=C:\Program Files\Common Files
 CommonProgramFiles(x86)=C:\Program Files (x86)\Common Files
 CommonProgramW6432=C:\Program Files\Common Files
 COMPUTERNAME=LAPUS-VICTUS
 ComSpec=C:\WINDOWS\system32\cmd.exe
 DD=20251108
 DriverData=C:\Windows\System32\Drivers\DriverData
 EFC_8588_1592913036=1
 exedir=C:\Galaktika\AVAZ\chumachenko\6.0.09.0\exe
 HOMEDRIVE=C:
 HOMEPATH=\Users\─ьшЄЁшщ
 LOCALAPPDATA=C:\Users\─ьшЄЁшщ\AppData\Local
 LOGONSERVER=\\LAPUS-VICTUS
 NUMBER_OF_PROCESSORS=16
 OneDrive=C:\Users\─ьшЄЁшщ\OneDrive
 OPENSSL_CONF=C:\Program Files\PostgreSQL\psqlODBC\etc\openssl.cnf
 OS=Windows_NT
 Path=C:\Program Files (x86)\Common Files\Oracle\Java\javapath;C:\Program Files\Microsoft\jdk-11.0.16.101-hotspot\bin;C:\Program Files (x86)\NVIDIA Corporation\PhysX\Common;C:\Windows\system32;C:\Windows;C:\Windows\System32\Wbem;C:\Windows\System32\WindowsPowerShell\v1.0\;C:\Windows\System32\OpenSSH\;C:\Program Files\Microsoft SQL Server\Client SDK\ODBC\170\Tools\Binn\;C:\Program Files (x86)\Microsoft SQL Server\150\Tools\Binn\;C:\Program Files\Microsoft SQL Server\150\Tools\Binn\;C:\Program Files\Microsoft SQL Server\150\DTS\Binn\;C:\Program Files (x86)\Microsoft SQL Server\150\DTS\Binn\;C:\WINDOWS\system32;C:\WINDOWS;C:\WINDOWS\System32\Wbem;C:\WINDOWS\System32\WindowsPowerShell\v1.0\;C:\WINDOWS\System32\OpenSSH\;C:\Program Files\dotnet\;C:\Program Files (x86)\dotnet\;C:\Program Files\PuTTY\;C:\WINDOWS\system32;C:\WINDOWS;C:\WINDOWS\System32\Wbem;C:\WINDOWS\System32\WindowsPowerShell\v1.0\;C:\WINDOWS\System32\OpenSSH\;C:\Program Files\Microsoft SQL Server\Client SDK\ODBC\130\Tools\Binn\;C:\Galaktika\ATL6\Libs\;C:\Galaktika\ATL6\Libs\x64;C:\Program Files (x86)\Microsoft SQL Server\160\DTS\Binn\;C:\Program Files\Git\cmd;C:\Program Files\GitExtensions\;C:\Users\─ьшЄЁшщ\AppData\Local\Programs\Python\Python311\Scripts\;C:\Users\─ьшЄЁшщ\AppData\Local\Programs\Python\Python311\;C:\Users\─ьшЄЁшщ\AppData\Local\Microsoft\WindowsApps;C:\Program Files\Azure Data Studio\bin;C:\Users\─ьшЄЁшщ\.dotnet\tools;C:\SRCFlutter\flutter\bin;;C:\Users\─ьшЄЁшщ\AppData\Local\Programs\Microsoft VS Code\bin;C:\Users\─ьшЄЁшщ\AppData\Local\JetBrains\PyCharm Community Edition 2022.3.2\bin;
 PATHEXT=.COM;.EXE;.BAT;.CMD;.VBS;.VBE;.JS;.JSE;.WSF;.WSH;.MSC
 PROCESSOR_ARCHITECTURE=AMD64
 PROCESSOR_IDENTIFIER=AMD64 Family 25 Model 80 Stepping 0, AuthenticAMD
 PROCESSOR_LEVEL=25
 PROCESSOR_REVISION=5000
 ProgramData=C:\ProgramData
 ProgramFiles=C:\Program Files
 ProgramFiles(x86)=C:\Program Files (x86)
 ProgramW6432=C:\Program Files
 PROMPT=$P$G
 PSModulePath=C:\Program Files\WindowsPowerShell\Modules;C:\WINDOWS\system32\WindowsPowerShell\v1.0\Modules;C:\Program Files (x86)\Microsoft SQL Server\150\Tools\PowerShell\Modules\
 PUBLIC=C:\Users\Public
 PyCharm Community Edition=C:\Users\─ьшЄЁшщ\AppData\Local\JetBrains\PyCharm Community Edition 2022.3.2\bin;
 SESSIONNAME=Console
 SystemDrive=C:
 SystemRoot=C:\WINDOWS
 TEMP=C:\Users\AACE~1\AppData\Local\Temp
 TMP=C:\Users\AACE~1\AppData\Local\Temp
 USERDOMAIN=LAPUS-VICTUS
 USERDOMAIN_ROAMINGPROFILE=LAPUS-VICTUS
 USERNAME=─ьшЄЁшщ
 USERPROFILE=C:\Users\─ьшЄЁшщ
 windir=C:\WINDOWS
 __PSLockDownPolicy=0
Список загруженных модулей
 vip64x.exe           0000000100000000 00000000005A0000 65535/65535 19/сен/2025 10:45:13 C:\Galaktika\AVAZ\chumachenko\6.0.09.0\exe\vip64x.exe *6.0.9.0
 ntdll.dll            00007FFE66C20000 0000000000269000 65535/65535 30/авг/2025 07:55:58 C:\WINDOWS\SYSTEM32\ntdll.dll *10.0.26100.5074
 KERNEL32.DLL         00007FFE659E0000 00000000000C9000 65535/65535 30/авг/2025 07:55:55 C:\WINDOWS\System32\KERNEL32.DLL *10.0.26100.5074
 KERNELBASE.dll       00007FFE64230000 00000000003F3000 65535/65535 30/авг/2025 07:55:55 C:\WINDOWS\System32\KERNELBASE.dll *10.0.26100.5074
 ole32.dll            00007FFE65AB0000 0000000000198000     1/1     30/авг/2025 07:55:50 C:\WINDOWS\System32\ole32.dll *10.0.26100.5074
 msvcp_win.dll        00007FFE64810000 00000000000A3000     3/3     30/авг/2025 07:56:06 C:\WINDOWS\System32\msvcp_win.dll *10.0.26100.5074
 atlantis64x.rtl      0000000102400000 0000000000184000    14/14    19/сен/2025 10:45:13 C:\Galaktika\AVAZ\chumachenko\6.0.09.0\exe\atlantis64x.rtl *6.0.9.0
 ucrtbase.dll         00007FFE64630000 000000000014B000     9/9     30/авг/2025 07:56:06 C:\WINDOWS\System32\ucrtbase.dll *10.0.26100.5074
 ADVAPI32.dll         00007FFE66630000 00000000000B4000     3/3     30/авг/2025 07:55:47 C:\WINDOWS\System32\ADVAPI32.dll *10.0.26100.5074
 msvcrt.dll           00007FFE64C80000 00000000000A9000     5/5     30/авг/2025 07:55:57 C:\WINDOWS\System32\msvcrt.dll *7.0.26100.5074/10.0.26100.5074
 GDI32.dll            00007FFE658B0000 000000000002B000     7/7     30/авг/2025 07:55:53 C:\WINDOWS\System32\GDI32.dll *10.0.26100.5074
 win32u.dll           00007FFE64090000 0000000000027000     1/1     30/авг/2025 07:56:08 C:\WINDOWS\System32\win32u.dll *10.0.26100.5074
 sechost.dll          00007FFE65D70000 00000000000A6000     1/1     30/авг/2025 07:56:00 C:\WINDOWS\System32\sechost.dll *10.0.26100.5074
 gdi32full.dll        00007FFE648C0000 000000000012D000     7/7     30/авг/2025 07:55:53 C:\WINDOWS\System32\gdi32full.dll *10.0.26100.5074
 RPCRT4.dll           00007FFE65C50000 0000000000118000     6/6     30/авг/2025 07:55:59 C:\WINDOWS\System32\RPCRT4.dll *10.0.26100.5074
 OLEAUT32.dll         00007FFE657D0000 00000000000D7000     3/3     30/авг/2025 07:55:58 C:\WINDOWS\System32\OLEAUT32.dll *10.0.26100.5074
 combase.dll          00007FFE66160000 000000000037B000     4/4     30/авг/2025 07:55:50 C:\WINDOWS\System32\combase.dll *10.0.26100.5074
 USER32.dll           00007FFE65F90000 00000000001C4000     7/7     30/авг/2025 07:56:06 C:\WINDOWS\System32\USER32.dll *10.0.26100.5074
 base64x.dll          0000000110000000 000000000009A000     4/4     19/сен/2025 10:45:13 C:\Galaktika\AVAZ\chumachenko\6.0.09.0\exe\base64x.dll *6.0.9.0
 _cfg64x.dll          0000000062580000 000000000003A000     1/1     19/сен/2025 10:45:13 C:\Galaktika\AVAZ\chumachenko\6.0.09.0\exe\_cfg64x.dll *6.0.9.0
 libxml264x.dll       0000000065100000 0000000000442000     2/2     19/сен/2025 10:45:13 C:\Galaktika\AVAZ\chumachenko\6.0.09.0\exe\libxml264x.dll *2.9.7.0
 winspool.drv         00007FFE4B330000 00000000000B2000     1/1     30/авг/2025 07:55:59 C:\WINDOWS\SYSTEM32\winspool.drv *10.0.26100.5074
 WS2_32.dll           00007FFE65750000 0000000000074000     2/2     30/авг/2025 07:56:08 C:\WINDOWS\System32\WS2_32.dll *10.0.26100.5074
 shcore.dll           00007FFE658E0000 00000000000F0000     1/1     30/авг/2025 07:56:02 C:\WINDOWS\System32\shcore.dll *10.0.26100.5074
 cfgmgr32.dll         00007FFE63A60000 0000000000057000     1/1     29/авг/2025 18:53:21 C:\WINDOWS\SYSTEM32\cfgmgr32.dll *10.0.26100.4202
 WSOCK32.dll          00007FFE35230000 000000000000A000     2/2     01/апр/2024 10:22:14 C:\WINDOWS\SYSTEM32\WSOCK32.dll *10.0.26100.1
 streams_64x.dll      0000000000E60000 000000000015D000    12/12    19/сен/2025 10:45:13 C:\Galaktika\AVAZ\chumachenko\6.0.09.0\exe\streams_64x.dll *6.0.9.0
 atllib_64x.dll       0000000000600000 0000000000047000    13/13    19/сен/2025 10:45:13 C:\Galaktika\AVAZ\chumachenko\6.0.09.0\exe\atllib_64x.dll *6.0.9.0
 editor_64x.dll       0000000000FC0000 0000000000033000     1/1     19/сен/2025 10:45:13 C:\Galaktika\AVAZ\chumachenko\6.0.09.0\exe\editor_64x.dll *6.0.9.0
 ecc_64x.dll          0000000001000000 000000000003D000     4/4     19/сен/2025 10:45:13 C:\Galaktika\AVAZ\chumachenko\6.0.09.0\exe\ecc_64x.dll *6.0.9.0
 lotdll_64x.dll       0000000001040000 0000000000048000     1/1     19/сен/2025 10:45:13 C:\Galaktika\AVAZ\chumachenko\6.0.09.0\exe\lotdll_64x.dll *6.0.9.0
 forms_64x.dll        0000000001090000 00000000000D1000     2/2     30/сен/2025 20:24:00 C:\Galaktika\AVAZ\chumachenko\6.0.09.0\exe\forms_64x.dll *6.0.9.0
 protect_64x.dll      00000000001D0000 0000000000017000     4/4     29/сен/2025 16:58:29 C:\Galaktika\AVAZ\chumachenko\6.0.09.0\exe\protect_64x.dll *6.0.9.0
 atvipobj64x.dll      0000000000650000 0000000000021000     1/1     19/сен/2025 10:45:13 C:\Galaktika\AVAZ\chumachenko\6.0.09.0\exe\atvipobj64x.dll *6.0.9.0
 ifcobjs_64x.dll      0000000001170000 0000000000014000     1/1     19/сен/2025 10:45:13 C:\Galaktika\AVAZ\chumachenko\6.0.09.0\exe\ifcobjs_64x.dll *6.0.9.0
 jitvip64x.dll        0000000001190000 0000000000027000     1/1     19/сен/2025 10:45:13 C:\Galaktika\AVAZ\chumachenko\6.0.09.0\exe\jitvip64x.dll *6.0.9.0
 atlpop64x.dll        00000000011C0000 000000000008B000     1/1     19/сен/2025 10:45:13 C:\Galaktika\AVAZ\chumachenko\6.0.09.0\exe\atlpop64x.dll *6.0.9.0
 nation_64x.dll       00000000001F0000 000000000000B000     1/1     19/сен/2025 10:45:13 C:\Galaktika\AVAZ\chumachenko\6.0.09.0\exe\nation_64x.dll *6.0.9.0
 IMM32.DLL            00007FFE64E30000 000000000002F000     1/1     29/авг/2025 18:53:19 C:\WINDOWS\System32\IMM32.DLL *10.0.26100.4484
 SspiCli.dll          00007FFE62F10000 0000000000049000     4/4     29/авг/2025 18:53:33 C:\WINDOWS\SYSTEM32\SspiCli.dll *10.0.26100.4484
 libeay32.dll         00007FFDF1C70000 0000000000207000     2/2     23/сен/2025 16:27:09 C:\Galaktika\AVAZ\chumachenko\6.0.09.0\exe\SSL64\libeay32.dll *1.0.2.14
 VCRUNTIME140.dll     00007FFE35240000 000000000001E000 65535/65535 03/июн/2025 06:00:00 C:\WINDOWS\SYSTEM32\VCRUNTIME140.dll *14.42.34438.0
 ssleay32.dll         00007FFDFE0B0000 000000000005B000     1/1     23/сен/2025 16:27:09 C:\Galaktika\AVAZ\chumachenko\6.0.09.0\exe\SSL64\ssleay32.dll *1.0.2.14
 CRYPTSP.dll          00007FFE635A0000 000000000001B000     1/1     30/авг/2025 07:55:50 C:\WINDOWS\SYSTEM32\CRYPTSP.dll *10.0.26100.5074
 rsaenh.dll           00007FFE62BD0000 000000000003B000     2/2     30/авг/2025 07:55:59 C:\WINDOWS\system32\rsaenh.dll *10.0.26100.5074
 CRYPTBASE.dll        00007FFE63400000 000000000000C000     2/2     30/авг/2025 07:55:50 C:\WINDOWS\SYSTEM32\CRYPTBASE.dll *10.0.26100.5074
 bcryptPrimitives.dll 00007FFE63FF0000 0000000000099000 65535/65535 30/авг/2025 07:55:49 C:\WINDOWS\System32\bcryptPrimitives.dll *10.0.26100.5074
 asmuser64x.dll       0000000001310000 0000000000023000     1/1     19/сен/2025 10:45:13 C:\Galaktika\AVAZ\chumachenko\6.0.09.0\exe\asmuser64x.dll *6.0.9.0
 mpr.dll              00007FFE5B220000 0000000000021000     1/1     29/авг/2025 18:53:19 C:\WINDOWS\SYSTEM32\mpr.dll *10.0.26100.1882
 vision_w64x.dll      000000006A880000 0000000000332000     1/1     19/сен/2025 10:45:13 C:\Galaktika\AVAZ\chumachenko\6.0.09.0\exe\vision_w64x.dll *6.0.9.0
 SHELL32.dll          00007FFE65000000 000000000074D000     3/3     30/авг/2025 07:56:03 C:\WINDOWS\System32\SHELL32.dll *10.0.26100.5074
 gdesk64x.dll         000000006DB40000 0000000000042000     1/1     19/сен/2025 10:45:13 C:\Galaktika\AVAZ\chumachenko\6.0.09.0\exe\gdesk64x.dll *6.0.9.0
 wintypes.dll         00007FFE640C0000 000000000016C000     1/1     30/авг/2025 07:55:50 C:\WINDOWS\System32\wintypes.dll *10.0.26100.5074
 uxtheme.dll          00007FFE60FC0000 00000000000A8000     3/3     30/авг/2025 07:56:07 C:\WINDOWS\SYSTEM32\uxtheme.dll *10.0.26100.5074
 dwmapi.dll           00007FFE612B0000 000000000002B000     1/1     30/авг/2025 07:55:51 C:\WINDOWS\SYSTEM32\dwmapi.dll *10.0.26100.5074
 MSCTF.dll            00007FFE65E30000 0000000000158000     1/1     30/авг/2025 07:56:05 C:\WINDOWS\System32\MSCTF.dll *10.0.26100.5074
 zprint_w64x.dll      000000006C700000 0000000000048000     2/2     19/сен/2025 10:45:13 C:\Galaktika\AVAZ\chumachenko\6.0.09.0\exe\zprint_w64x.dll *6.0.9.0
 pg90drv64x.dll       0000000053FA0000 0000000000224000     1/1     02/окт/2025 14:51:31 C:\Galaktika\AVAZ\chumachenko\6.0.09.0\exe\pg90drv64x.dll *6.0.9.0
 ODBC32.dll           00007FFE56CD0000 00000000000C4000     2/2     30/авг/2025 07:55:57 C:\WINDOWS\SYSTEM32\ODBC32.dll *10.0.26100.5074
 CRYPT32.dll          00007FFE63E70000 0000000000177000 65535/65535 30/авг/2025 07:55:50 C:\WINDOWS\System32\CRYPT32.dll *10.0.26100.5074
 DPAPI.DLL            00007FFE63AE0000 000000000000A000     1/1     01/апр/2024 10:22:15 C:\WINDOWS\SYSTEM32\DPAPI.DLL *10.0.26100.1
 bcrypt.dll           00007FFE63CA0000 0000000000026000 65535/65535 30/авг/2025 07:55:49 C:\WINDOWS\SYSTEM32\bcrypt.dll *10.0.26100.5074
 podbc35w.dll         00007FFDF5F00000 00000000000ED000     1/1     11/июн/2025 16:40:38 C:\WINDOWS\system32\podbc35w.dll *17.0.0.6
 MSVCP140.dll         00007FFE31070000 000000000008D000     1/1     03/июн/2025 06:00:00 C:\WINDOWS\system32\MSVCP140.dll *14.42.34438.0
 WINMM.dll            00007FFE5A390000 0000000000035000     1/1     30/авг/2025 07:55:48 C:\WINDOWS\system32\WINMM.dll *10.0.26100.5074
 libpq.dll            00007FFDFCCB0000 000000000005A000     1/1     10/июн/2025 12:34:12 C:\WINDOWS\system32\libpq.dll *17.0.5.0
 VCRUNTIME140_1.dll   00007FFE3AC30000 000000000000C000     2/2     27/апр/2024 23:20:22 C:\WINDOWS\system32\VCRUNTIME140_1.dll *14.40.33810.0
 WLDAP32.dll          00007FFE64F30000 0000000000075000     1/1     30/авг/2025 07:55:55 C:\WINDOWS\System32\WLDAP32.dll *10.0.26100.5074
 Secur32.dll          00007FFE60EB0000 000000000000D000     1/1     01/апр/2024 10:22:11 C:\WINDOWS\system32\Secur32.dll *10.0.26100.1
 libcrypto-3-x64.dll  00007FFDD4850000 0000000000625000 65535/65535 11/фев/2025 16:05:16 C:\WINDOWS\system32\libcrypto-3-x64.dll *3.3.3.0
 libssl-3-x64.dll     00007FFDD4710000 0000000000136000     1/1     11/фев/2025 16:05:16 C:\WINDOWS\system32\libssl-3-x64.dll *3.3.3.0
 odbccp32.dll         00007FFE46580000 0000000000025000     1/1     30/авг/2025 07:55:56 C:\WINDOWS\SYSTEM32\odbccp32.dll *10.0.26100.5074
 VERSION.dll          00007FFE5C880000 000000000000B000     1/1     29/авг/2025 18:53:19 C:\WINDOWS\SYSTEM32\VERSION.dll *10.0.26100.1150
 mswsock.dll          00007FFE631D0000 000000000006B000     6/6     30/авг/2025 07:56:08 C:\WINDOWS\system32\mswsock.dll *10.0.26100.5074
 DNSAPI.dll           00007FFE62670000 0000000000126000 65535/65535 30/авг/2025 07:55:52 C:\WINDOWS\SYSTEM32\DNSAPI.dll *10.0.26100.5074
 IPHLPAPI.DLL         00007FFE625E0000 0000000000034000 65535/65535 30/авг/2025 07:56:05 C:\WINDOWS\SYSTEM32\IPHLPAPI.DLL *10.0.26100.5074
 NSI.dll              00007FFE65E20000 000000000000A000 65535/65535 30/авг/2025 07:56:07 C:\WINDOWS\System32\NSI.dll *10.0.26100.5074
 rasadhlp.dll         00007FFE5B9E0000 000000000000B000     1/1     29/авг/2025 18:53:34 C:\Windows\System32\rasadhlp.dll *10.0.26100.1150
 fwpuclnt.dll         00007FFE5AC80000 0000000000086000     1/1     30/авг/2025 07:55:57 C:\WINDOWS\System32\fwpuclnt.dll *10.0.26100.5074
 dhcpcsvc.DLL         00007FFE5C000000 0000000000023000     1/1     30/авг/2025 07:55:51 C:\WINDOWS\SYSTEM32\dhcpcsvc.DLL *10.0.26100.5074
 atlsock64x.dll       000000006DC80000 000000000002C000     2/2     19/сен/2025 10:45:13 C:\Galaktika\AVAZ\chumachenko\6.0.09.0\exe\atlsock64x.dll *6.0.9.0
 NETAPI32.DLL         00007FFE57F90000 000000000001A000     1/1     29/авг/2025 18:53:17 C:\WINDOWS\SYSTEM32\NETAPI32.DLL *10.0.26100.1150
 SRVCLI.DLL           00007FFE5B1D0000 0000000000029000     1/1     29/авг/2025 18:53:22 C:\WINDOWS\SYSTEM32\SRVCLI.DLL *10.0.26100.1150
 NETUTILS.DLL         00007FFE625A0000 000000000000D000     1/1     29/авг/2025 18:53:22 C:\WINDOWS\SYSTEM32\NETUTILS.DLL *10.0.26100.1882
 SAMCLI.DLL           00007FFE62580000 000000000001B000     1/1     29/авг/2025 18:53:22 C:\WINDOWS\SYSTEM32\SAMCLI.DLL *10.0.26100.4768
 napinsp.dll          00007FFDFB8B0000 0000000000018000     1/1     29/авг/2025 18:53:18 C:\WINDOWS\system32\napinsp.dll *10.0.26100.1150
 winrnr.dll           00007FFDFB240000 0000000000012000     1/1     29/авг/2025 18:53:21 C:\WINDOWS\System32\winrnr.dll *10.0.26100.1882
 nlansp_c.dll         00007FFDFEB60000 0000000000028000     1/1     30/авг/2025 07:55:58 C:\WINDOWS\system32\nlansp_c.dll *10.0.26100.5074
 wshbth.dll           00007FFE5BFC0000 0000000000016000     1/1     30/авг/2025 07:55:47 C:\WINDOWS\system32\wshbth.dll *10.0.26100.5074
 mt_drv64x.dll        0000000012B30000 0000000000111000     1/1     19/сен/2025 10:45:13 C:\Galaktika\AVAZ\chumachenko\6.0.09.0\exe\mt_drv64x.dll *6.0.9.0

▓▓▓▓▓▓▓▓▓▓▓▓▓▓▓▓▓▓▓▓▓▓▓▓▓▓▓▓▓▓▓▓▓▓▓▓▓▓▓▓▓▓▓▓▓▓▓▓▓▓▓▓▓▓▓▓▓▓▓▓▓▓▓▓▓▓▓▓▓▓▓▓▓▓▓▓▓▓▓



▓▓▓▓▓▓▓▓▓▓▓▓▓▓▓▓▓▓▓▓▓▓▓▓▓▓▓▓▓▓▓▓▓▓▓▓▓▓▓▓▓▓▓▓▓▓▓▓▓▓▓▓▓▓▓▓▓▓▓▓▓▓▓▓▓▓▓▓▓▓▓▓▓▓▓▓▓▓▓
▓▓▓▓▓ Запишите следующую информацию об ошибке и отошлите ее разработчикам ▓▓▓▓▓
▓ вместе с описанием ситуации, названием, версией и датой EXE-файла программы ▓
▓▓▓▓▓▓▓▓▓▓▓▓▓▓▓▓▓▓▓▓▓▓▓▓▓▓▓▓▓▓▓▓▓▓▓▓▓▓▓▓▓▓▓▓▓▓▓▓▓▓▓▓▓▓▓▓▓▓▓▓▓▓▓▓▓▓▓▓▓▓▓▓▓▓▓▓▓▓▓


▓ Программа: "vip64x.exe"  Время запуска: 11:05:52 08/11/2025
▓ Исполняемый модуль: "C:\Galaktika\AVAZ\chumachenko\6.0.09.0\exe\vip64x.exe"
▓ Система: Windows NT  Логин: "Дмитрий"  Станция: "LAPUS-VICTUS"

Необработанная исключительная ситуация
Код исключения: C0000005 (Общее нарушение защиты доступа к памяти)
Параметры исключения (2): 0000000000000000 000000000000000A
Адрес исключения: 000000005401F966 pg90drv64x.dll.1:0007E966
Содержимое регистров процессора
 RAX = 0000000000000000
 RBX = 000000000000000F
 RCX = 0000000000000002
 RDX = 0000000000000001
 RSI = 0000000003200904
 RDI = 00000000009FF830
 RBP = 0000000054136060 pg90drv64x.dll.2:00003060
 RSP = 00000000009FF810
 RIP = 000000005401F966 pg90drv64x.dll.1:0007E966
 R8  = 7FFFFFFFFFFFFFFC
 R9  = 000000001439A558
 R10 = 0000000000110000
 R11 = 0000000000000246
 R12 = 0000000002B84C9C
 R13 = 0000000053FA0000
 R14 = 0000000002BA2E38
 R15 = 0000000053FA0000
Содержимое стека
 00000000009FF830: 0000000054171160 pg90drv64x.dll.3:0003A160
 00000000009FF868: 000000005401F76D pg90drv64x.dll.1:0007E76D
 00000000009FF898: 0000000053FFAC43 pg90drv64x.dll.1:00059C43
 00000000009FF8D8: 0000000053FDDCD8 pg90drv64x.dll.1:0003CCD8
 00000000009FF8F8: 0000000053FDDCA0 pg90drv64x.dll.1:0003CCA0
 00000000009FF900: 0000000053FDDCA0 pg90drv64x.dll.1:0003CCA0
 00000000009FF908: 00000001024D1312 atlantis64x.rtl.1:000D0312
 00000000009FF928: 0000000053FDDCA0 pg90drv64x.dll.1:0003CCA0
 00000000009FF970: 0000000053FDDCA0 pg90drv64x.dll.1:0003CCA0
 00000000009FF9D8: 0000000053FDDCA0 pg90drv64x.dll.1:0003CCA0
Текущее время
 08-11-2025 11:06:55.1692345
Параметры программы
 "C:\Galaktika\AVAZ\chumachenko\6.0.09.0\exe\vip64x.exe  chumachenko.prj /r:chumachenko.res /c:vip.cfg /u:SUPERVISOR /#user:SUPERVISOR /def:Atl60"
Переменные окружения
 =::=::\
 =C:=C:\Galaktika\_git\Izhevsk\chumachenko
 ALLUSERSPROFILE=C:\ProgramData
 APPDATA=C:\Users\─ьшЄЁшщ\AppData\Roaming
 CommonProgramFiles=C:\Program Files\Common Files
 CommonProgramFiles(x86)=C:\Program Files (x86)\Common Files
 CommonProgramW6432=C:\Program Files\Common Files
 COMPUTERNAME=LAPUS-VICTUS
 ComSpec=C:\WINDOWS\system32\cmd.exe
 DD=20251108
 DriverData=C:\Windows\System32\Drivers\DriverData
 EFC_8588_1592913036=1
 exedir=C:\Galaktika\AVAZ\chumachenko\6.0.09.0\exe
 HOMEDRIVE=C:
 HOMEPATH=\Users\─ьшЄЁшщ
 LOCALAPPDATA=C:\Users\─ьшЄЁшщ\AppData\Local
 LOGONSERVER=\\LAPUS-VICTUS
 NUMBER_OF_PROCESSORS=16
 OneDrive=C:\Users\─ьшЄЁшщ\OneDrive
 OPENSSL_CONF=C:\Program Files\PostgreSQL\psqlODBC\etc\openssl.cnf
 OS=Windows_NT
 Path=C:\Program Files (x86)\Common Files\Oracle\Java\javapath;C:\Program Files\Microsoft\jdk-11.0.16.101-hotspot\bin;C:\Program Files (x86)\NVIDIA Corporation\PhysX\Common;C:\Windows\system32;C:\Windows;C:\Windows\System32\Wbem;C:\Windows\System32\WindowsPowerShell\v1.0\;C:\Windows\System32\OpenSSH\;C:\Program Files\Microsoft SQL Server\Client SDK\ODBC\170\Tools\Binn\;C:\Program Files (x86)\Microsoft SQL Server\150\Tools\Binn\;C:\Program Files\Microsoft SQL Server\150\Tools\Binn\;C:\Program Files\Microsoft SQL Server\150\DTS\Binn\;C:\Program Files (x86)\Microsoft SQL Server\150\DTS\Binn\;C:\WINDOWS\system32;C:\WINDOWS;C:\WINDOWS\System32\Wbem;C:\WINDOWS\System32\WindowsPowerShell\v1.0\;C:\WINDOWS\System32\OpenSSH\;C:\Program Files\dotnet\;C:\Program Files (x86)\dotnet\;C:\Program Files\PuTTY\;C:\WINDOWS\system32;C:\WINDOWS;C:\WINDOWS\System32\Wbem;C:\WINDOWS\System32\WindowsPowerShell\v1.0\;C:\WINDOWS\System32\OpenSSH\;C:\Program Files\Microsoft SQL Server\Client SDK\ODBC\130\Tools\Binn\;C:\Galaktika\ATL6\Libs\;C:\Galaktika\ATL6\Libs\x64;C:\Program Files (x86)\Microsoft SQL Server\160\DTS\Binn\;C:\Program Files\Git\cmd;C:\Program Files\GitExtensions\;C:\Users\─ьшЄЁшщ\AppData\Local\Programs\Python\Python311\Scripts\;C:\Users\─ьшЄЁшщ\AppData\Local\Programs\Python\Python311\;C:\Users\─ьшЄЁшщ\AppData\Local\Microsoft\WindowsApps;C:\Program Files\Azure Data Studio\bin;C:\Users\─ьшЄЁшщ\.dotnet\tools;C:\SRCFlutter\flutter\bin;;C:\Users\─ьшЄЁшщ\AppData\Local\Programs\Microsoft VS Code\bin;C:\Users\─ьшЄЁшщ\AppData\Local\JetBrains\PyCharm Community Edition 2022.3.2\bin;
 PATHEXT=.COM;.EXE;.BAT;.CMD;.VBS;.VBE;.JS;.JSE;.WSF;.WSH;.MSC
 PROCESSOR_ARCHITECTURE=AMD64
 PROCESSOR_IDENTIFIER=AMD64 Family 25 Model 80 Stepping 0, AuthenticAMD
 PROCESSOR_LEVEL=25
 PROCESSOR_REVISION=5000
 ProgramData=C:\ProgramData
 ProgramFiles=C:\Program Files
 ProgramFiles(x86)=C:\Program Files (x86)
 ProgramW6432=C:\Program Files
 PROMPT=$P$G
 PSModulePath=C:\Program Files\WindowsPowerShell\Modules;C:\WINDOWS\system32\WindowsPowerShell\v1.0\Modules;C:\Program Files (x86)\Microsoft SQL Server\150\Tools\PowerShell\Modules\
 PUBLIC=C:\Users\Public
 PyCharm Community Edition=C:\Users\─ьшЄЁшщ\AppData\Local\JetBrains\PyCharm Community Edition 2022.3.2\bin;
 SESSIONNAME=Console
 SystemDrive=C:
 SystemRoot=C:\WINDOWS
 TEMP=C:\Users\AACE~1\AppData\Local\Temp
 TMP=C:\Users\AACE~1\AppData\Local\Temp
 USERDOMAIN=LAPUS-VICTUS
 USERDOMAIN_ROAMINGPROFILE=LAPUS-VICTUS
 USERNAME=─ьшЄЁшщ
 USERPROFILE=C:\Users\─ьшЄЁшщ
 windir=C:\WINDOWS
 __PSLockDownPolicy=0
Список загруженных модулей
 vip64x.exe           0000000100000000 00000000005A0000 65535/65535 19/сен/2025 10:45:13 C:\Galaktika\AVAZ\chumachenko\6.0.09.0\exe\vip64x.exe *6.0.9.0
 ntdll.dll            00007FFE66C20000 0000000000269000 65535/65535 30/авг/2025 07:55:58 C:\WINDOWS\SYSTEM32\ntdll.dll *10.0.26100.5074
 KERNEL32.DLL         00007FFE659E0000 00000000000C9000 65535/65535 30/авг/2025 07:55:55 C:\WINDOWS\System32\KERNEL32.DLL *10.0.26100.5074
 KERNELBASE.dll       00007FFE64230000 00000000003F3000 65535/65535 30/авг/2025 07:55:55 C:\WINDOWS\System32\KERNELBASE.dll *10.0.26100.5074
 ole32.dll            00007FFE65AB0000 0000000000198000     1/1     30/авг/2025 07:55:50 C:\WINDOWS\System32\ole32.dll *10.0.26100.5074
 msvcp_win.dll        00007FFE64810000 00000000000A3000     3/3     30/авг/2025 07:56:06 C:\WINDOWS\System32\msvcp_win.dll *10.0.26100.5074
 atlantis64x.rtl      0000000102400000 0000000000184000    14/14    19/сен/2025 10:45:13 C:\Galaktika\AVAZ\chumachenko\6.0.09.0\exe\atlantis64x.rtl *6.0.9.0
 ucrtbase.dll         00007FFE64630000 000000000014B000     9/9     30/авг/2025 07:56:06 C:\WINDOWS\System32\ucrtbase.dll *10.0.26100.5074
 ADVAPI32.dll         00007FFE66630000 00000000000B4000     3/3     30/авг/2025 07:55:47 C:\WINDOWS\System32\ADVAPI32.dll *10.0.26100.5074
 GDI32.dll            00007FFE658B0000 000000000002B000     7/7     30/авг/2025 07:55:53 C:\WINDOWS\System32\GDI32.dll *10.0.26100.5074
 msvcrt.dll           00007FFE64C80000 00000000000A9000     5/5     30/авг/2025 07:55:57 C:\WINDOWS\System32\msvcrt.dll *7.0.26100.5074/10.0.26100.5074
 win32u.dll           00007FFE64090000 0000000000027000     1/1     30/авг/2025 07:56:08 C:\WINDOWS\System32\win32u.dll *10.0.26100.5074
 sechost.dll          00007FFE65D70000 00000000000A6000     1/1     30/авг/2025 07:56:00 C:\WINDOWS\System32\sechost.dll *10.0.26100.5074
 gdi32full.dll        00007FFE648C0000 000000000012D000     7/7     30/авг/2025 07:55:53 C:\WINDOWS\System32\gdi32full.dll *10.0.26100.5074
 RPCRT4.dll           00007FFE65C50000 0000000000118000     6/6     30/авг/2025 07:55:59 C:\WINDOWS\System32\RPCRT4.dll *10.0.26100.5074
 USER32.dll           00007FFE65F90000 00000000001C4000     7/7     30/авг/2025 07:56:06 C:\WINDOWS\System32\USER32.dll *10.0.26100.5074
 OLEAUT32.dll         00007FFE657D0000 00000000000D7000     3/3     30/авг/2025 07:55:58 C:\WINDOWS\System32\OLEAUT32.dll *10.0.26100.5074
 combase.dll          00007FFE66160000 000000000037B000     4/4     30/авг/2025 07:55:50 C:\WINDOWS\System32\combase.dll *10.0.26100.5074
 atllib_64x.dll       0000000110000000 0000000000047000    13/13    19/сен/2025 10:45:13 C:\Galaktika\AVAZ\chumachenko\6.0.09.0\exe\atllib_64x.dll *6.0.9.0
 _cfg64x.dll          0000000062580000 000000000003A000     1/1     19/сен/2025 10:45:13 C:\Galaktika\AVAZ\chumachenko\6.0.09.0\exe\_cfg64x.dll *6.0.9.0
 winspool.drv         00007FFE4B330000 00000000000B2000     1/1     30/авг/2025 07:55:59 C:\WINDOWS\SYSTEM32\winspool.drv *10.0.26100.5074
 libxml264x.dll       0000000065100000 0000000000442000     2/2     19/сен/2025 10:45:13 C:\Galaktika\AVAZ\chumachenko\6.0.09.0\exe\libxml264x.dll *2.9.7.0
 WS2_32.dll           00007FFE65750000 0000000000074000     2/2     30/авг/2025 07:56:08 C:\WINDOWS\System32\WS2_32.dll *10.0.26100.5074
 shcore.dll           00007FFE658E0000 00000000000F0000     1/1     30/авг/2025 07:56:02 C:\WINDOWS\System32\shcore.dll *10.0.26100.5074
 cfgmgr32.dll         00007FFE63A60000 0000000000057000     1/1     29/авг/2025 18:53:21 C:\WINDOWS\SYSTEM32\cfgmgr32.dll *10.0.26100.4202
 WSOCK32.dll          00007FFE35230000 000000000000A000     2/2     01/апр/2024 10:22:14 C:\WINDOWS\SYSTEM32\WSOCK32.dll *10.0.26100.1
 streams_64x.dll      0000000000E00000 000000000015D000    12/12    19/сен/2025 10:45:13 C:\Galaktika\AVAZ\chumachenko\6.0.09.0\exe\streams_64x.dll *6.0.9.0
 ecc_64x.dll          0000000000F60000 000000000003D000     4/4     19/сен/2025 10:45:13 C:\Galaktika\AVAZ\chumachenko\6.0.09.0\exe\ecc_64x.dll *6.0.9.0
 base64x.dll          0000000000FA0000 000000000009A000     4/4     19/сен/2025 10:45:13 C:\Galaktika\AVAZ\chumachenko\6.0.09.0\exe\base64x.dll *6.0.9.0
 forms_64x.dll        0000000001040000 00000000000D1000     2/2     30/сен/2025 20:24:00 C:\Galaktika\AVAZ\chumachenko\6.0.09.0\exe\forms_64x.dll *6.0.9.0
 editor_64x.dll       0000000001120000 0000000000033000     1/1     19/сен/2025 10:45:13 C:\Galaktika\AVAZ\chumachenko\6.0.09.0\exe\editor_64x.dll *6.0.9.0
 lotdll_64x.dll       0000000001160000 0000000000048000     1/1     19/сен/2025 10:45:13 C:\Galaktika\AVAZ\chumachenko\6.0.09.0\exe\lotdll_64x.dll *6.0.9.0
 protect_64x.dll      00000000001D0000 0000000000017000     4/4     29/сен/2025 16:58:29 C:\Galaktika\AVAZ\chumachenko\6.0.09.0\exe\protect_64x.dll *6.0.9.0
 atvipobj64x.dll      00000000011B0000 0000000000021000     1/1     19/сен/2025 10:45:13 C:\Galaktika\AVAZ\chumachenko\6.0.09.0\exe\atvipobj64x.dll *6.0.9.0
 jitvip64x.dll        00000000011E0000 0000000000027000     1/1     19/сен/2025 10:45:13 C:\Galaktika\AVAZ\chumachenko\6.0.09.0\exe\jitvip64x.dll *6.0.9.0
 ifcobjs_64x.dll      00000000006E0000 0000000000014000     1/1     19/сен/2025 10:45:13 C:\Galaktika\AVAZ\chumachenko\6.0.09.0\exe\ifcobjs_64x.dll *6.0.9.0
 nation_64x.dll       00000000001F0000 000000000000B000     1/1     19/сен/2025 10:45:13 C:\Galaktika\AVAZ\chumachenko\6.0.09.0\exe\nation_64x.dll *6.0.9.0
 atlpop64x.dll        0000000001210000 000000000008B000     1/1     19/сен/2025 10:45:13 C:\Galaktika\AVAZ\chumachenko\6.0.09.0\exe\atlpop64x.dll *6.0.9.0
 IMM32.DLL            00007FFE64E30000 000000000002F000     1/1     29/авг/2025 18:53:19 C:\WINDOWS\System32\IMM32.DLL *10.0.26100.4484
 SspiCli.dll          00007FFE62F10000 0000000000049000     4/4     29/авг/2025 18:53:33 C:\WINDOWS\SYSTEM32\SspiCli.dll *10.0.26100.4484
 libeay32.dll         00007FFDE7C70000 0000000000207000     2/2     23/сен/2025 16:27:09 C:\Galaktika\AVAZ\chumachenko\6.0.09.0\exe\SSL64\libeay32.dll *1.0.2.14
 VCRUNTIME140.dll     00007FFE35240000 000000000001E000 65535/65535 03/июн/2025 06:00:00 C:\WINDOWS\SYSTEM32\VCRUNTIME140.dll *14.42.34438.0
 ssleay32.dll         00007FFDFE0B0000 000000000005B000     1/1     23/сен/2025 16:27:09 C:\Galaktika\AVAZ\chumachenko\6.0.09.0\exe\SSL64\ssleay32.dll *1.0.2.14
 CRYPTSP.dll          00007FFE635A0000 000000000001B000     1/1     30/авг/2025 07:55:50 C:\WINDOWS\SYSTEM32\CRYPTSP.dll *10.0.26100.5074
 rsaenh.dll           00007FFE62BD0000 000000000003B000     2/2     30/авг/2025 07:55:59 C:\WINDOWS\system32\rsaenh.dll *10.0.26100.5074
 CRYPTBASE.dll        00007FFE63400000 000000000000C000     2/2     30/авг/2025 07:55:50 C:\WINDOWS\SYSTEM32\CRYPTBASE.dll *10.0.26100.5074
 bcryptPrimitives.dll 00007FFE63FF0000 0000000000099000 65535/65535 30/авг/2025 07:55:49 C:\WINDOWS\System32\bcryptPrimitives.dll *10.0.26100.5074
 asmuser64x.dll       0000000001390000 0000000000023000     1/1     19/сен/2025 10:45:13 C:\Galaktika\AVAZ\chumachenko\6.0.09.0\exe\asmuser64x.dll *6.0.9.0
 mpr.dll              00007FFE5B220000 0000000000021000     1/1     29/авг/2025 18:53:19 C:\WINDOWS\SYSTEM32\mpr.dll *10.0.26100.1882
 vision_w64x.dll      000000006A880000 0000000000332000     1/1     19/сен/2025 10:45:13 C:\Galaktika\AVAZ\chumachenko\6.0.09.0\exe\vision_w64x.dll *6.0.9.0
 SHELL32.dll          00007FFE65000000 000000000074D000     3/3     30/авг/2025 07:56:03 C:\WINDOWS\System32\SHELL32.dll *10.0.26100.5074
 gdesk64x.dll         000000006DB40000 0000000000042000     1/1     19/сен/2025 10:45:13 C:\Galaktika\AVAZ\chumachenko\6.0.09.0\exe\gdesk64x.dll *6.0.9.0
 wintypes.dll         00007FFE640C0000 000000000016C000     1/1     30/авг/2025 07:55:50 C:\WINDOWS\System32\wintypes.dll *10.0.26100.5074
 uxtheme.dll          00007FFE60FC0000 00000000000A8000     3/3     30/авг/2025 07:56:07 C:\WINDOWS\SYSTEM32\uxtheme.dll *10.0.26100.5074
 dwmapi.dll           00007FFE612B0000 000000000002B000     1/1     30/авг/2025 07:55:51 C:\WINDOWS\SYSTEM32\dwmapi.dll *10.0.26100.5074
 MSCTF.dll            00007FFE65E30000 0000000000158000     1/1     30/авг/2025 07:56:05 C:\WINDOWS\System32\MSCTF.dll *10.0.26100.5074
 zprint_w64x.dll      000000006C700000 0000000000048000     2/2     19/сен/2025 10:45:13 C:\Galaktika\AVAZ\chumachenko\6.0.09.0\exe\zprint_w64x.dll *6.0.9.0
 pg90drv64x.dll       0000000053FA0000 0000000000224000     1/1     02/окт/2025 14:51:31 C:\Galaktika\AVAZ\chumachenko\6.0.09.0\exe\pg90drv64x.dll *6.0.9.0
 ODBC32.dll           00007FFE56CD0000 00000000000C4000     2/2     30/авг/2025 07:55:57 C:\WINDOWS\SYSTEM32\ODBC32.dll *10.0.26100.5074
 CRYPT32.dll          00007FFE63E70000 0000000000177000 65535/65535 30/авг/2025 07:55:50 C:\WINDOWS\System32\CRYPT32.dll *10.0.26100.5074
 DPAPI.DLL            00007FFE63AE0000 000000000000A000     1/1     01/апр/2024 10:22:15 C:\WINDOWS\SYSTEM32\DPAPI.DLL *10.0.26100.1
 bcrypt.dll           00007FFE63CA0000 0000000000026000 65535/65535 30/авг/2025 07:55:49 C:\WINDOWS\SYSTEM32\bcrypt.dll *10.0.26100.5074
 podbc35w.dll         00007FFDF5F00000 00000000000ED000     1/1     11/июн/2025 16:40:38 C:\WINDOWS\system32\podbc35w.dll *17.0.0.6
 libpq.dll            00007FFDFCCB0000 000000000005A000     1/1     10/июн/2025 12:34:12 C:\WINDOWS\system32\libpq.dll *17.0.5.0
 MSVCP140.dll         00007FFE31070000 000000000008D000     1/1     03/июн/2025 06:00:00 C:\WINDOWS\system32\MSVCP140.dll *14.42.34438.0
 VCRUNTIME140_1.dll   00007FFE3AC30000 000000000000C000     2/2     27/апр/2024 23:20:22 C:\WINDOWS\system32\VCRUNTIME140_1.dll *14.40.33810.0
 WINMM.dll            00007FFE5A390000 0000000000035000     1/1     30/авг/2025 07:55:48 C:\WINDOWS\system32\WINMM.dll *10.0.26100.5074
 WLDAP32.dll          00007FFE64F30000 0000000000075000     1/1     30/авг/2025 07:55:55 C:\WINDOWS\System32\WLDAP32.dll *10.0.26100.5074
 Secur32.dll          00007FFE60EB0000 000000000000D000     1/1     01/апр/2024 10:22:11 C:\WINDOWS\system32\Secur32.dll *10.0.26100.1
 libcrypto-3-x64.dll  00007FFDD4850000 0000000000625000 65535/65535 11/фев/2025 16:05:16 C:\WINDOWS\system32\libcrypto-3-x64.dll *3.3.3.0
 libssl-3-x64.dll     00007FFDD4710000 0000000000136000     1/1     11/фев/2025 16:05:16 C:\WINDOWS\system32\libssl-3-x64.dll *3.3.3.0
 odbccp32.dll         00007FFE46580000 0000000000025000     1/1     30/авг/2025 07:55:56 C:\WINDOWS\SYSTEM32\odbccp32.dll *10.0.26100.5074
 VERSION.dll          00007FFE5C880000 000000000000B000     1/1     29/авг/2025 18:53:19 C:\WINDOWS\SYSTEM32\VERSION.dll *10.0.26100.1150
 mswsock.dll          00007FFE631D0000 000000000006B000     6/6     30/авг/2025 07:56:08 C:\WINDOWS\system32\mswsock.dll *10.0.26100.5074
 DNSAPI.dll           00007FFE62670000 0000000000126000 65535/65535 30/авг/2025 07:55:52 C:\WINDOWS\SYSTEM32\DNSAPI.dll *10.0.26100.5074
 IPHLPAPI.DLL         00007FFE625E0000 0000000000034000 65535/65535 30/авг/2025 07:56:05 C:\WINDOWS\SYSTEM32\IPHLPAPI.DLL *10.0.26100.5074
 NSI.dll              00007FFE65E20000 000000000000A000 65535/65535 30/авг/2025 07:56:07 C:\WINDOWS\System32\NSI.dll *10.0.26100.5074
 rasadhlp.dll         00007FFE5B9E0000 000000000000B000     1/1     29/авг/2025 18:53:34 C:\Windows\System32\rasadhlp.dll *10.0.26100.1150
 fwpuclnt.dll         00007FFE5AC80000 0000000000086000     1/1     30/авг/2025 07:55:57 C:\WINDOWS\System32\fwpuclnt.dll *10.0.26100.5074
 dhcpcsvc.DLL         00007FFE5C000000 0000000000023000     1/1     30/авг/2025 07:55:51 C:\WINDOWS\SYSTEM32\dhcpcsvc.DLL *10.0.26100.5074
 atlsock64x.dll       000000006DC80000 000000000002C000     2/2     19/сен/2025 10:45:13 C:\Galaktika\AVAZ\chumachenko\6.0.09.0\exe\atlsock64x.dll *6.0.9.0
 NETAPI32.DLL         00007FFE57F90000 000000000001A000     1/1     29/авг/2025 18:53:17 C:\WINDOWS\SYSTEM32\NETAPI32.DLL *10.0.26100.1150
 SRVCLI.DLL           00007FFE5B1D0000 0000000000029000     1/1     29/авг/2025 18:53:22 C:\WINDOWS\SYSTEM32\SRVCLI.DLL *10.0.26100.1150
 NETUTILS.DLL         00007FFE625A0000 000000000000D000     1/1     29/авг/2025 18:53:22 C:\WINDOWS\SYSTEM32\NETUTILS.DLL *10.0.26100.1882
 SAMCLI.DLL           00007FFE62580000 000000000001B000     1/1     29/авг/2025 18:53:22 C:\WINDOWS\SYSTEM32\SAMCLI.DLL *10.0.26100.4768
 napinsp.dll          00007FFDFB8B0000 0000000000018000     1/1     29/авг/2025 18:53:18 C:\WINDOWS\system32\napinsp.dll *10.0.26100.1150
 winrnr.dll           00007FFDFB240000 0000000000012000     1/1     29/авг/2025 18:53:21 C:\WINDOWS\System32\winrnr.dll *10.0.26100.1882
 nlansp_c.dll         00007FFDFEB60000 0000000000028000     1/1     30/авг/2025 07:55:58 C:\WINDOWS\system32\nlansp_c.dll *10.0.26100.5074
 wshbth.dll           00007FFE5BFC0000 0000000000016000     1/1     30/авг/2025 07:55:47 C:\WINDOWS\system32\wshbth.dll *10.0.26100.5074
 mt_drv64x.dll        0000000012B70000 0000000000111000     1/1     19/сен/2025 10:45:13 C:\Galaktika\AVAZ\chumachenko\6.0.09.0\exe\mt_drv64x.dll *6.0.9.0

▓▓▓▓▓▓▓▓▓▓▓▓▓▓▓▓▓▓▓▓▓▓▓▓▓▓▓▓▓▓▓▓▓▓▓▓▓▓▓▓▓▓▓▓▓▓▓▓▓▓▓▓▓▓▓▓▓▓▓▓▓▓▓▓▓▓▓▓▓▓▓▓▓▓▓▓▓▓▓



▓▓▓▓▓▓▓▓▓▓▓▓▓▓▓▓▓▓▓▓▓▓▓▓▓▓▓▓▓▓▓▓▓▓▓▓▓▓▓▓▓▓▓▓▓▓▓▓▓▓▓▓▓▓▓▓▓▓▓▓▓▓▓▓▓▓▓▓▓▓▓▓▓▓▓▓▓▓▓
▓▓▓▓▓ Запишите следующую информацию об ошибке и отошлите ее разработчикам ▓▓▓▓▓
▓ вместе с описанием ситуации, названием, версией и датой EXE-файла программы ▓
▓▓▓▓▓▓▓▓▓▓▓▓▓▓▓▓▓▓▓▓▓▓▓▓▓▓▓▓▓▓▓▓▓▓▓▓▓▓▓▓▓▓▓▓▓▓▓▓▓▓▓▓▓▓▓▓▓▓▓▓▓▓▓▓▓▓▓▓▓▓▓▓▓▓▓▓▓▓▓


▓ Программа: "vip64x.exe"  Время запуска: 11:18:57 08/11/2025
▓ Исполняемый модуль: "C:\Galaktika\AVAZ\chumachenko\6.0.09.0\exe\vip64x.exe"
▓ Система: Windows NT  Логин: "Дмитрий"  Станция: "LAPUS-VICTUS"

Необработанная исключительная ситуация
Код исключения: C0000005 (Общее нарушение защиты доступа к памяти)
Параметры исключения (2): 0000000000000000 000000000000000A
Адрес исключения: 00000000541CF966 pg90drv64x.dll.1:0007E966
Содержимое регистров процессора
 RAX = 0000000000000000
 RBX = 000000000000000F
 RCX = 0000000000000002
 RDX = 0000000000000001
 RSI = 0000000003230904
 RDI = 00000000152DF830
 RBP = 00000000542E6060 pg90drv64x.dll.2:00003060
 RSP = 00000000152DF810
 RIP = 00000000541CF966 pg90drv64x.dll.1:0007E966
 R8  = 7FFFFFFFFFFFFFFC
 R9  = 00000000143EA558
 R10 = 0000000000110000
 R11 = 0000000000000246
 R12 = 0000000002BB4C9C
 R13 = 0000000054150000
 R14 = 0000000002BD2E38
 R15 = 0000000054150000
Содержимое стека
 00000000152DF830: 0000000054321160 pg90drv64x.dll.3:0003A160
 00000000152DF868: 00000000541CF76D pg90drv64x.dll.1:0007E76D
 00000000152DF898: 00000000541AAC43 pg90drv64x.dll.1:00059C43
 00000000152DF8D8: 000000005418DCD8 pg90drv64x.dll.1:0003CCD8
 00000000152DF8F8: 000000005418DCA0 pg90drv64x.dll.1:0003CCA0
 00000000152DF900: 000000005418DCA0 pg90drv64x.dll.1:0003CCA0
 00000000152DF908: 00000001024D1312 atlantis64x.rtl.1:000D0312
 00000000152DF928: 000000005418DCA0 pg90drv64x.dll.1:0003CCA0
 00000000152DF970: 000000005418DCA0 pg90drv64x.dll.1:0003CCA0
 00000000152DF9D8: 000000005418DCA0 pg90drv64x.dll.1:0003CCA0
Текущее время
 08-11-2025 11:19:31.4084840
Параметры программы
 "C:\Galaktika\AVAZ\chumachenko\6.0.09.0\exe\vip64x.exe  chumachenko.prj /r:chumachenko.res /c:vip.cfg /u:SUPERVISOR /#user:SUPERVISOR /def:Atl60"
Переменные окружения
 =::=::\
 =C:=C:\Galaktika\_git\Izhevsk\chumachenko
 ALLUSERSPROFILE=C:\ProgramData
 APPDATA=C:\Users\─ьшЄЁшщ\AppData\Roaming
 CommonProgramFiles=C:\Program Files\Common Files
 CommonProgramFiles(x86)=C:\Program Files (x86)\Common Files
 CommonProgramW6432=C:\Program Files\Common Files
 COMPUTERNAME=LAPUS-VICTUS
 ComSpec=C:\WINDOWS\system32\cmd.exe
 DD=20251108
 DriverData=C:\Windows\System32\Drivers\DriverData
 EFC_8588_1592913036=1
 exedir=C:\Galaktika\AVAZ\chumachenko\6.0.09.0\exe
 HOMEDRIVE=C:
 HOMEPATH=\Users\─ьшЄЁшщ
 LOCALAPPDATA=C:\Users\─ьшЄЁшщ\AppData\Local
 LOGONSERVER=\\LAPUS-VICTUS
 NUMBER_OF_PROCESSORS=16
 OneDrive=C:\Users\─ьшЄЁшщ\OneDrive
 OPENSSL_CONF=C:\Program Files\PostgreSQL\psqlODBC\etc\openssl.cnf
 OS=Windows_NT
 Path=C:\Program Files (x86)\Common Files\Oracle\Java\javapath;C:\Program Files\Microsoft\jdk-11.0.16.101-hotspot\bin;C:\Program Files (x86)\NVIDIA Corporation\PhysX\Common;C:\Windows\system32;C:\Windows;C:\Windows\System32\Wbem;C:\Windows\System32\WindowsPowerShell\v1.0\;C:\Windows\System32\OpenSSH\;C:\Program Files\Microsoft SQL Server\Client SDK\ODBC\170\Tools\Binn\;C:\Program Files (x86)\Microsoft SQL Server\150\Tools\Binn\;C:\Program Files\Microsoft SQL Server\150\Tools\Binn\;C:\Program Files\Microsoft SQL Server\150\DTS\Binn\;C:\Program Files (x86)\Microsoft SQL Server\150\DTS\Binn\;C:\WINDOWS\system32;C:\WINDOWS;C:\WINDOWS\System32\Wbem;C:\WINDOWS\System32\WindowsPowerShell\v1.0\;C:\WINDOWS\System32\OpenSSH\;C:\Program Files\dotnet\;C:\Program Files (x86)\dotnet\;C:\Program Files\PuTTY\;C:\WINDOWS\system32;C:\WINDOWS;C:\WINDOWS\System32\Wbem;C:\WINDOWS\System32\WindowsPowerShell\v1.0\;C:\WINDOWS\System32\OpenSSH\;C:\Program Files\Microsoft SQL Server\Client SDK\ODBC\130\Tools\Binn\;C:\Galaktika\ATL6\Libs\;C:\Galaktika\ATL6\Libs\x64;C:\Program Files (x86)\Microsoft SQL Server\160\DTS\Binn\;C:\Program Files\Git\cmd;C:\Program Files\GitExtensions\;C:\Users\─ьшЄЁшщ\AppData\Local\Programs\Python\Python311\Scripts\;C:\Users\─ьшЄЁшщ\AppData\Local\Programs\Python\Python311\;C:\Users\─ьшЄЁшщ\AppData\Local\Microsoft\WindowsApps;C:\Program Files\Azure Data Studio\bin;C:\Users\─ьшЄЁшщ\.dotnet\tools;C:\SRCFlutter\flutter\bin;;C:\Users\─ьшЄЁшщ\AppData\Local\Programs\Microsoft VS Code\bin;C:\Users\─ьшЄЁшщ\AppData\Local\JetBrains\PyCharm Community Edition 2022.3.2\bin;
 PATHEXT=.COM;.EXE;.BAT;.CMD;.VBS;.VBE;.JS;.JSE;.WSF;.WSH;.MSC
 PROCESSOR_ARCHITECTURE=AMD64
 PROCESSOR_IDENTIFIER=AMD64 Family 25 Model 80 Stepping 0, AuthenticAMD
 PROCESSOR_LEVEL=25
 PROCESSOR_REVISION=5000
 ProgramData=C:\ProgramData
 ProgramFiles=C:\Program Files
 ProgramFiles(x86)=C:\Program Files (x86)
 ProgramW6432=C:\Program Files
 PROMPT=$P$G
 PSModulePath=C:\Program Files\WindowsPowerShell\Modules;C:\WINDOWS\system32\WindowsPowerShell\v1.0\Modules;C:\Program Files (x86)\Microsoft SQL Server\150\Tools\PowerShell\Modules\
 PUBLIC=C:\Users\Public
 PyCharm Community Edition=C:\Users\─ьшЄЁшщ\AppData\Local\JetBrains\PyCharm Community Edition 2022.3.2\bin;
 SESSIONNAME=Console
 SystemDrive=C:
 SystemRoot=C:\WINDOWS
 TEMP=C:\Users\AACE~1\AppData\Local\Temp
 TMP=C:\Users\AACE~1\AppData\Local\Temp
 USERDOMAIN=LAPUS-VICTUS
 USERDOMAIN_ROAMINGPROFILE=LAPUS-VICTUS
 USERNAME=─ьшЄЁшщ
 USERPROFILE=C:\Users\─ьшЄЁшщ
 windir=C:\WINDOWS
 __PSLockDownPolicy=0
Список загруженных модулей
 vip64x.exe           0000000100000000 00000000005A0000 65535/65535 19/сен/2025 10:45:13 C:\Galaktika\AVAZ\chumachenko\6.0.09.0\exe\vip64x.exe *6.0.9.0
 ntdll.dll            00007FFE66C20000 0000000000269000 65535/65535 30/авг/2025 07:55:58 C:\WINDOWS\SYSTEM32\ntdll.dll *10.0.26100.5074
 KERNEL32.DLL         00007FFE659E0000 00000000000C9000 65535/65535 30/авг/2025 07:55:55 C:\WINDOWS\System32\KERNEL32.DLL *10.0.26100.5074
 KERNELBASE.dll       00007FFE64230000 00000000003F3000 65535/65535 30/авг/2025 07:55:55 C:\WINDOWS\System32\KERNELBASE.dll *10.0.26100.5074
 ole32.dll            00007FFE65AB0000 0000000000198000     1/1     30/авг/2025 07:55:50 C:\WINDOWS\System32\ole32.dll *10.0.26100.5074
 msvcp_win.dll        00007FFE64810000 00000000000A3000     3/3     30/авг/2025 07:56:06 C:\WINDOWS\System32\msvcp_win.dll *10.0.26100.5074
 atlantis64x.rtl      0000000102400000 0000000000184000    14/14    19/сен/2025 10:45:13 C:\Galaktika\AVAZ\chumachenko\6.0.09.0\exe\atlantis64x.rtl *6.0.9.0
 ucrtbase.dll         00007FFE64630000 000000000014B000     9/9     30/авг/2025 07:56:06 C:\WINDOWS\System32\ucrtbase.dll *10.0.26100.5074
 ADVAPI32.dll         00007FFE66630000 00000000000B4000     3/3     30/авг/2025 07:55:47 C:\WINDOWS\System32\ADVAPI32.dll *10.0.26100.5074
 msvcrt.dll           00007FFE64C80000 00000000000A9000     5/5     30/авг/2025 07:55:57 C:\WINDOWS\System32\msvcrt.dll *7.0.26100.5074/10.0.26100.5074
 GDI32.dll            00007FFE658B0000 000000000002B000     7/7     30/авг/2025 07:55:53 C:\WINDOWS\System32\GDI32.dll *10.0.26100.5074
 sechost.dll          00007FFE65D70000 00000000000A6000     1/1     30/авг/2025 07:56:00 C:\WINDOWS\System32\sechost.dll *10.0.26100.5074
 win32u.dll           00007FFE64090000 0000000000027000     1/1     30/авг/2025 07:56:08 C:\WINDOWS\System32\win32u.dll *10.0.26100.5074
 gdi32full.dll        00007FFE648C0000 000000000012D000     7/7     30/авг/2025 07:55:53 C:\WINDOWS\System32\gdi32full.dll *10.0.26100.5074
 RPCRT4.dll           00007FFE65C50000 0000000000118000     6/6     30/авг/2025 07:55:59 C:\WINDOWS\System32\RPCRT4.dll *10.0.26100.5074
 USER32.dll           00007FFE65F90000 00000000001C4000     7/7     30/авг/2025 07:56:06 C:\WINDOWS\System32\USER32.dll *10.0.26100.5074
 OLEAUT32.dll         00007FFE657D0000 00000000000D7000     3/3     30/авг/2025 07:55:58 C:\WINDOWS\System32\OLEAUT32.dll *10.0.26100.5074
 combase.dll          00007FFE66160000 000000000037B000     4/4     30/авг/2025 07:55:50 C:\WINDOWS\System32\combase.dll *10.0.26100.5074
 atllib_64x.dll       0000000110000000 0000000000047000    13/13    19/сен/2025 10:45:13 C:\Galaktika\AVAZ\chumachenko\6.0.09.0\exe\atllib_64x.dll *6.0.9.0
 _cfg64x.dll          0000000062580000 000000000003A000     1/1     19/сен/2025 10:45:13 C:\Galaktika\AVAZ\chumachenko\6.0.09.0\exe\_cfg64x.dll *6.0.9.0
 winspool.drv         00007FFE4B330000 00000000000B2000     1/1     30/авг/2025 07:55:59 C:\WINDOWS\SYSTEM32\winspool.drv *10.0.26100.5074
 libxml264x.dll       0000000065100000 0000000000442000     2/2     19/сен/2025 10:45:13 C:\Galaktika\AVAZ\chumachenko\6.0.09.0\exe\libxml264x.dll *2.9.7.0
 WS2_32.dll           00007FFE65750000 0000000000074000     2/2     30/авг/2025 07:56:08 C:\WINDOWS\System32\WS2_32.dll *10.0.26100.5074
 shcore.dll           00007FFE658E0000 00000000000F0000     1/1     30/авг/2025 07:56:02 C:\WINDOWS\System32\shcore.dll *10.0.26100.5074
 cfgmgr32.dll         00007FFE63A60000 0000000000057000     1/1     29/авг/2025 18:53:21 C:\WINDOWS\SYSTEM32\cfgmgr32.dll *10.0.26100.4202
 WSOCK32.dll          00007FFE35230000 000000000000A000     2/2     01/апр/2024 10:22:14 C:\WINDOWS\SYSTEM32\WSOCK32.dll *10.0.26100.1
 base64x.dll          0000000000E00000 000000000009A000     4/4     19/сен/2025 10:45:13 C:\Galaktika\AVAZ\chumachenko\6.0.09.0\exe\base64x.dll *6.0.9.0
 streams_64x.dll      0000000000EA0000 000000000015D000    12/12    19/сен/2025 10:45:13 C:\Galaktika\AVAZ\chumachenko\6.0.09.0\exe\streams_64x.dll *6.0.9.0
 ecc_64x.dll          0000000001000000 000000000003D000     4/4     19/сен/2025 10:45:13 C:\Galaktika\AVAZ\chumachenko\6.0.09.0\exe\ecc_64x.dll *6.0.9.0
 forms_64x.dll        0000000001040000 00000000000D1000     2/2     30/сен/2025 20:24:00 C:\Galaktika\AVAZ\chumachenko\6.0.09.0\exe\forms_64x.dll *6.0.9.0
 editor_64x.dll       0000000001120000 0000000000033000     1/1     19/сен/2025 10:45:13 C:\Galaktika\AVAZ\chumachenko\6.0.09.0\exe\editor_64x.dll *6.0.9.0
 lotdll_64x.dll       0000000001160000 0000000000048000     1/1     19/сен/2025 10:45:13 C:\Galaktika\AVAZ\chumachenko\6.0.09.0\exe\lotdll_64x.dll *6.0.9.0
 protect_64x.dll      00000000001D0000 0000000000017000     4/4     29/сен/2025 16:58:29 C:\Galaktika\AVAZ\chumachenko\6.0.09.0\exe\protect_64x.dll *6.0.9.0
 atvipobj64x.dll      00000000011B0000 0000000000021000     1/1     19/сен/2025 10:45:13 C:\Galaktika\AVAZ\chumachenko\6.0.09.0\exe\atvipobj64x.dll *6.0.9.0
 ifcobjs_64x.dll      00000000006E0000 0000000000014000     1/1     19/сен/2025 10:45:13 C:\Galaktika\AVAZ\chumachenko\6.0.09.0\exe\ifcobjs_64x.dll *6.0.9.0
 jitvip64x.dll        00000000011E0000 0000000000027000     1/1     19/сен/2025 10:45:13 C:\Galaktika\AVAZ\chumachenko\6.0.09.0\exe\jitvip64x.dll *6.0.9.0
 atlpop64x.dll        0000000001210000 000000000008B000     1/1     19/сен/2025 10:45:13 C:\Galaktika\AVAZ\chumachenko\6.0.09.0\exe\atlpop64x.dll *6.0.9.0
 nation_64x.dll       00000000001F0000 000000000000B000     1/1     19/сен/2025 10:45:13 C:\Galaktika\AVAZ\chumachenko\6.0.09.0\exe\nation_64x.dll *6.0.9.0
 IMM32.DLL            00007FFE64E30000 000000000002F000     1/1     29/авг/2025 18:53:19 C:\WINDOWS\System32\IMM32.DLL *10.0.26100.4484
 SspiCli.dll          00007FFE62F10000 0000000000049000     4/4     29/авг/2025 18:53:33 C:\WINDOWS\SYSTEM32\SspiCli.dll *10.0.26100.4484
 libeay32.dll         00007FFDF1E50000 0000000000207000     2/2     23/сен/2025 16:27:09 C:\Galaktika\AVAZ\chumachenko\6.0.09.0\exe\SSL64\libeay32.dll *1.0.2.14
 VCRUNTIME140.dll     00007FFE35240000 000000000001E000 65535/65535 03/июн/2025 06:00:00 C:\WINDOWS\SYSTEM32\VCRUNTIME140.dll *14.42.34438.0
 ssleay32.dll         00007FFE179E0000 000000000005B000     1/1     23/сен/2025 16:27:09 C:\Galaktika\AVAZ\chumachenko\6.0.09.0\exe\SSL64\ssleay32.dll *1.0.2.14
 CRYPTSP.dll          00007FFE635A0000 000000000001B000     1/1     30/авг/2025 07:55:50 C:\WINDOWS\SYSTEM32\CRYPTSP.dll *10.0.26100.5074
 rsaenh.dll           00007FFE62BD0000 000000000003B000     2/2     30/авг/2025 07:55:59 C:\WINDOWS\system32\rsaenh.dll *10.0.26100.5074
 CRYPTBASE.dll        00007FFE63400000 000000000000C000     2/2     30/авг/2025 07:55:50 C:\WINDOWS\SYSTEM32\CRYPTBASE.dll *10.0.26100.5074
 bcryptPrimitives.dll 00007FFE63FF0000 0000000000099000 65535/65535 30/авг/2025 07:55:49 C:\WINDOWS\System32\bcryptPrimitives.dll *10.0.26100.5074
 asmuser64x.dll       0000000001390000 0000000000023000     1/1     19/сен/2025 10:45:13 C:\Galaktika\AVAZ\chumachenko\6.0.09.0\exe\asmuser64x.dll *6.0.9.0
 mpr.dll              00007FFE5B220000 0000000000021000     1/1     29/авг/2025 18:53:19 C:\WINDOWS\SYSTEM32\mpr.dll *10.0.26100.1882
 vision_w64x.dll      000000006A880000 0000000000332000     1/1     19/сен/2025 10:45:13 C:\Galaktika\AVAZ\chumachenko\6.0.09.0\exe\vision_w64x.dll *6.0.9.0
 SHELL32.dll          00007FFE65000000 000000000074D000     3/3     30/авг/2025 07:56:03 C:\WINDOWS\System32\SHELL32.dll *10.0.26100.5074
 gdesk64x.dll         000000006DB40000 0000000000042000     1/1     19/сен/2025 10:45:13 C:\Galaktika\AVAZ\chumachenko\6.0.09.0\exe\gdesk64x.dll *6.0.9.0
 wintypes.dll         00007FFE640C0000 000000000016C000     1/1     30/авг/2025 07:55:50 C:\WINDOWS\System32\wintypes.dll *10.0.26100.5074
 uxtheme.dll          00007FFE60FC0000 00000000000A8000     3/3     30/авг/2025 07:56:07 C:\WINDOWS\SYSTEM32\uxtheme.dll *10.0.26100.5074
 dwmapi.dll           00007FFE612B0000 000000000002B000     1/1     30/авг/2025 07:55:51 C:\WINDOWS\SYSTEM32\dwmapi.dll *10.0.26100.5074
 MSCTF.dll            00007FFE65E30000 0000000000158000     1/1     30/авг/2025 07:56:05 C:\WINDOWS\System32\MSCTF.dll *10.0.26100.5074
 zprint_w64x.dll      000000006C700000 0000000000048000     2/2     19/сен/2025 10:45:13 C:\Galaktika\AVAZ\chumachenko\6.0.09.0\exe\zprint_w64x.dll *6.0.9.0
 pg90drv64x.dll       0000000054150000 0000000000224000     1/1     02/окт/2025 14:51:31 C:\Galaktika\AVAZ\chumachenko\6.0.09.0\exe\pg90drv64x.dll *6.0.9.0
 ODBC32.dll           00007FFE56CD0000 00000000000C4000     2/2     30/авг/2025 07:55:57 C:\WINDOWS\SYSTEM32\ODBC32.dll *10.0.26100.5074
 CRYPT32.dll          00007FFE63E70000 0000000000177000 65535/65535 30/авг/2025 07:55:50 C:\WINDOWS\System32\CRYPT32.dll *10.0.26100.5074
 DPAPI.DLL            00007FFE63AE0000 000000000000A000     1/1     01/апр/2024 10:22:15 C:\WINDOWS\SYSTEM32\DPAPI.DLL *10.0.26100.1
 bcrypt.dll           00007FFE63CA0000 0000000000026000 65535/65535 30/авг/2025 07:55:49 C:\WINDOWS\SYSTEM32\bcrypt.dll *10.0.26100.5074
 podbc35w.dll         00007FFDF5F00000 00000000000ED000     1/1     11/июн/2025 16:40:38 C:\WINDOWS\system32\podbc35w.dll *17.0.0.6
 WINMM.dll            00007FFE5A390000 0000000000035000     1/1     30/авг/2025 07:55:48 C:\WINDOWS\system32\WINMM.dll *10.0.26100.5074
 libpq.dll            00007FFDFCCB0000 000000000005A000     1/1     10/июн/2025 12:34:12 C:\WINDOWS\system32\libpq.dll *17.0.5.0
 MSVCP140.dll         00007FFE31070000 000000000008D000     1/1     03/июн/2025 06:00:00 C:\WINDOWS\system32\MSVCP140.dll *14.42.34438.0
 VCRUNTIME140_1.dll   00007FFE3AC30000 000000000000C000     2/2     27/апр/2024 23:20:22 C:\WINDOWS\system32\VCRUNTIME140_1.dll *14.40.33810.0
 WLDAP32.dll          00007FFE64F30000 0000000000075000     1/1     30/авг/2025 07:55:55 C:\WINDOWS\System32\WLDAP32.dll *10.0.26100.5074
 Secur32.dll          00007FFE60EB0000 000000000000D000     1/1     01/апр/2024 10:22:11 C:\WINDOWS\system32\Secur32.dll *10.0.26100.1
 libssl-3-x64.dll     00007FFDD4710000 0000000000136000     1/1     11/фев/2025 16:05:16 C:\WINDOWS\system32\libssl-3-x64.dll *3.3.3.0
 libcrypto-3-x64.dll  00007FFDD4850000 0000000000625000 65535/65535 11/фев/2025 16:05:16 C:\WINDOWS\system32\libcrypto-3-x64.dll *3.3.3.0
 odbccp32.dll         00007FFE46580000 0000000000025000     1/1     30/авг/2025 07:55:56 C:\WINDOWS\SYSTEM32\odbccp32.dll *10.0.26100.5074
 VERSION.dll          00007FFE5C880000 000000000000B000     1/1     29/авг/2025 18:53:19 C:\WINDOWS\SYSTEM32\VERSION.dll *10.0.26100.1150
 mswsock.dll          00007FFE631D0000 000000000006B000     6/6     30/авг/2025 07:56:08 C:\WINDOWS\system32\mswsock.dll *10.0.26100.5074
 DNSAPI.dll           00007FFE62670000 0000000000126000 65535/65535 30/авг/2025 07:55:52 C:\WINDOWS\SYSTEM32\DNSAPI.dll *10.0.26100.5074
 IPHLPAPI.DLL         00007FFE625E0000 0000000000034000 65535/65535 30/авг/2025 07:56:05 C:\WINDOWS\SYSTEM32\IPHLPAPI.DLL *10.0.26100.5074
 NSI.dll              00007FFE65E20000 000000000000A000 65535/65535 30/авг/2025 07:56:07 C:\WINDOWS\System32\NSI.dll *10.0.26100.5074
 rasadhlp.dll         00007FFE5B9E0000 000000000000B000     1/1     29/авг/2025 18:53:34 C:\Windows\System32\rasadhlp.dll *10.0.26100.1150
 fwpuclnt.dll         00007FFE5AC80000 0000000000086000     1/1     30/авг/2025 07:55:57 C:\WINDOWS\System32\fwpuclnt.dll *10.0.26100.5074
 dhcpcsvc.DLL         00007FFE5C000000 0000000000023000     1/1     30/авг/2025 07:55:51 C:\WINDOWS\SYSTEM32\dhcpcsvc.DLL *10.0.26100.5074
 atlsock64x.dll       000000006DC80000 000000000002C000     2/2     19/сен/2025 10:45:13 C:\Galaktika\AVAZ\chumachenko\6.0.09.0\exe\atlsock64x.dll *6.0.9.0
 NETAPI32.DLL         00007FFE57F90000 000000000001A000     1/1     29/авг/2025 18:53:17 C:\WINDOWS\SYSTEM32\NETAPI32.DLL *10.0.26100.1150
 SRVCLI.DLL           00007FFE5B1D0000 0000000000029000     1/1     29/авг/2025 18:53:22 C:\WINDOWS\SYSTEM32\SRVCLI.DLL *10.0.26100.1150
 NETUTILS.DLL         00007FFE625A0000 000000000000D000     1/1     29/авг/2025 18:53:22 C:\WINDOWS\SYSTEM32\NETUTILS.DLL *10.0.26100.1882
 SAMCLI.DLL           00007FFE62580000 000000000001B000     1/1     29/авг/2025 18:53:22 C:\WINDOWS\SYSTEM32\SAMCLI.DLL *10.0.26100.4768
 napinsp.dll          00007FFDFB8B0000 0000000000018000     1/1     29/авг/2025 18:53:18 C:\WINDOWS\system32\napinsp.dll *10.0.26100.1150
 winrnr.dll           00007FFDFB240000 0000000000012000     1/1     29/авг/2025 18:53:21 C:\WINDOWS\System32\winrnr.dll *10.0.26100.1882
 nlansp_c.dll         00007FFDFEB60000 0000000000028000     1/1     30/авг/2025 07:55:58 C:\WINDOWS\system32\nlansp_c.dll *10.0.26100.5074
 wshbth.dll           00007FFE5BFC0000 0000000000016000     1/1     30/авг/2025 07:55:47 C:\WINDOWS\system32\wshbth.dll *10.0.26100.5074
 mt_drv64x.dll        0000000012BC0000 0000000000111000     1/1     19/сен/2025 10:45:13 C:\Galaktika\AVAZ\chumachenko\6.0.09.0\exe\mt_drv64x.dll *6.0.9.0

▓▓▓▓▓▓▓▓▓▓▓▓▓▓▓▓▓▓▓▓▓▓▓▓▓▓▓▓▓▓▓▓▓▓▓▓▓▓▓▓▓▓▓▓▓▓▓▓▓▓▓▓▓▓▓▓▓▓▓▓▓▓▓▓▓▓▓▓▓▓▓▓▓▓▓▓▓▓▓



▓▓▓▓▓▓▓▓▓▓▓▓▓▓▓▓▓▓▓▓▓▓▓▓▓▓▓▓▓▓▓▓▓▓▓▓▓▓▓▓▓▓▓▓▓▓▓▓▓▓▓▓▓▓▓▓▓▓▓▓▓▓▓▓▓▓▓▓▓▓▓▓▓▓▓▓▓▓▓
▓▓▓▓▓ Запишите следующую информацию об ошибке и отошлите ее разработчикам ▓▓▓▓▓
▓ вместе с описанием ситуации, названием, версией и датой EXE-файла программы ▓
▓▓▓▓▓▓▓▓▓▓▓▓▓▓▓▓▓▓▓▓▓▓▓▓▓▓▓▓▓▓▓▓▓▓▓▓▓▓▓▓▓▓▓▓▓▓▓▓▓▓▓▓▓▓▓▓▓▓▓▓▓▓▓▓▓▓▓▓▓▓▓▓▓▓▓▓▓▓▓


▓ Программа: "vip64x.exe"  Время запуска: 11:19:38 08/11/2025
▓ Исполняемый модуль: "C:\Galaktika\AVAZ\chumachenko\6.0.09.0\exe\vip64x.exe"
▓ Система: Windows NT  Логин: "Дмитрий"  Станция: "LAPUS-VICTUS"

Необработанная исключительная ситуация
Код исключения: C0000005 (Общее нарушение защиты доступа к памяти)
Параметры исключения (2): 0000000000000000 000000000000000A
Адрес исключения: 00000000541CF966 pg90drv64x.dll.1:0007E966
Содержимое регистров процессора
 RAX = 0000000000000000
 RBX = 000000000000000F
 RCX = 0000000000000002
 RDX = 0000000000000001
 RSI = 00000000032C0904
 RDI = 00000000152DF830
 RBP = 00000000542E6060 pg90drv64x.dll.2:00003060
 RSP = 00000000152DF810
 RIP = 00000000541CF966 pg90drv64x.dll.1:0007E966
 R8  = 7FFFFFFFFFFFFFFC
 R9  = 00000000143EBA64
 R10 = 0000000000110000
 R11 = 0000000000000246
 R12 = 0000000002C44C9C
 R13 = 0000000054150000
 R14 = 0000000002C62E38
 R15 = 0000000054150000
Содержимое стека
 00000000152DF830: 0000000054321160 pg90drv64x.dll.3:0003A160
 00000000152DF868: 00000000541CF76D pg90drv64x.dll.1:0007E76D
 00000000152DF898: 00000000541AAC43 pg90drv64x.dll.1:00059C43
 00000000152DF8D8: 000000005418DCD8 pg90drv64x.dll.1:0003CCD8
 00000000152DF8F8: 000000005418DCA0 pg90drv64x.dll.1:0003CCA0
 00000000152DF900: 000000005418DCA0 pg90drv64x.dll.1:0003CCA0
 00000000152DF908: 00000001024D1312 atlantis64x.rtl.1:000D0312
 00000000152DF928: 000000005418DCA0 pg90drv64x.dll.1:0003CCA0
 00000000152DF970: 000000005418DCA0 pg90drv64x.dll.1:0003CCA0
 00000000152DF9D8: 000000005418DCA0 pg90drv64x.dll.1:0003CCA0
Текущее время
 08-11-2025 11:20:24.7850031
Параметры программы
 "C:\Galaktika\AVAZ\chumachenko\6.0.09.0\exe\vip64x.exe  chumachenko.prj /r:chumachenko.res /c:vip.cfg /u:SUPERVISOR /#user:SUPERVISOR /def:Atl60"
Переменные окружения
 =::=::\
 =C:=C:\Galaktika\_git\Izhevsk\chumachenko
 ALLUSERSPROFILE=C:\ProgramData
 APPDATA=C:\Users\─ьшЄЁшщ\AppData\Roaming
 CommonProgramFiles=C:\Program Files\Common Files
 CommonProgramFiles(x86)=C:\Program Files (x86)\Common Files
 CommonProgramW6432=C:\Program Files\Common Files
 COMPUTERNAME=LAPUS-VICTUS
 ComSpec=C:\WINDOWS\system32\cmd.exe
 DD=20251108
 DriverData=C:\Windows\System32\Drivers\DriverData
 EFC_8588_1592913036=1
 exedir=C:\Galaktika\AVAZ\chumachenko\6.0.09.0\exe
 HOMEDRIVE=C:
 HOMEPATH=\Users\─ьшЄЁшщ
 LOCALAPPDATA=C:\Users\─ьшЄЁшщ\AppData\Local
 LOGONSERVER=\\LAPUS-VICTUS
 NUMBER_OF_PROCESSORS=16
 OneDrive=C:\Users\─ьшЄЁшщ\OneDrive
 OPENSSL_CONF=C:\Program Files\PostgreSQL\psqlODBC\etc\openssl.cnf
 OS=Windows_NT
 Path=C:\Program Files (x86)\Common Files\Oracle\Java\javapath;C:\Program Files\Microsoft\jdk-11.0.16.101-hotspot\bin;C:\Program Files (x86)\NVIDIA Corporation\PhysX\Common;C:\Windows\system32;C:\Windows;C:\Windows\System32\Wbem;C:\Windows\System32\WindowsPowerShell\v1.0\;C:\Windows\System32\OpenSSH\;C:\Program Files\Microsoft SQL Server\Client SDK\ODBC\170\Tools\Binn\;C:\Program Files (x86)\Microsoft SQL Server\150\Tools\Binn\;C:\Program Files\Microsoft SQL Server\150\Tools\Binn\;C:\Program Files\Microsoft SQL Server\150\DTS\Binn\;C:\Program Files (x86)\Microsoft SQL Server\150\DTS\Binn\;C:\WINDOWS\system32;C:\WINDOWS;C:\WINDOWS\System32\Wbem;C:\WINDOWS\System32\WindowsPowerShell\v1.0\;C:\WINDOWS\System32\OpenSSH\;C:\Program Files\dotnet\;C:\Program Files (x86)\dotnet\;C:\Program Files\PuTTY\;C:\WINDOWS\system32;C:\WINDOWS;C:\WINDOWS\System32\Wbem;C:\WINDOWS\System32\WindowsPowerShell\v1.0\;C:\WINDOWS\System32\OpenSSH\;C:\Program Files\Microsoft SQL Server\Client SDK\ODBC\130\Tools\Binn\;C:\Galaktika\ATL6\Libs\;C:\Galaktika\ATL6\Libs\x64;C:\Program Files (x86)\Microsoft SQL Server\160\DTS\Binn\;C:\Program Files\Git\cmd;C:\Program Files\GitExtensions\;C:\Users\─ьшЄЁшщ\AppData\Local\Programs\Python\Python311\Scripts\;C:\Users\─ьшЄЁшщ\AppData\Local\Programs\Python\Python311\;C:\Users\─ьшЄЁшщ\AppData\Local\Microsoft\WindowsApps;C:\Program Files\Azure Data Studio\bin;C:\Users\─ьшЄЁшщ\.dotnet\tools;C:\SRCFlutter\flutter\bin;;C:\Users\─ьшЄЁшщ\AppData\Local\Programs\Microsoft VS Code\bin;C:\Users\─ьшЄЁшщ\AppData\Local\JetBrains\PyCharm Community Edition 2022.3.2\bin;
 PATHEXT=.COM;.EXE;.BAT;.CMD;.VBS;.VBE;.JS;.JSE;.WSF;.WSH;.MSC
 PROCESSOR_ARCHITECTURE=AMD64
 PROCESSOR_IDENTIFIER=AMD64 Family 25 Model 80 Stepping 0, AuthenticAMD
 PROCESSOR_LEVEL=25
 PROCESSOR_REVISION=5000
 ProgramData=C:\ProgramData
 ProgramFiles=C:\Program Files
 ProgramFiles(x86)=C:\Program Files (x86)
 ProgramW6432=C:\Program Files
 PROMPT=$P$G
 PSModulePath=C:\Program Files\WindowsPowerShell\Modules;C:\WINDOWS\system32\WindowsPowerShell\v1.0\Modules;C:\Program Files (x86)\Microsoft SQL Server\150\Tools\PowerShell\Modules\
 PUBLIC=C:\Users\Public
 PyCharm Community Edition=C:\Users\─ьшЄЁшщ\AppData\Local\JetBrains\PyCharm Community Edition 2022.3.2\bin;
 SESSIONNAME=Console
 SystemDrive=C:
 SystemRoot=C:\WINDOWS
 TEMP=C:\Users\AACE~1\AppData\Local\Temp
 TMP=C:\Users\AACE~1\AppData\Local\Temp
 USERDOMAIN=LAPUS-VICTUS
 USERDOMAIN_ROAMINGPROFILE=LAPUS-VICTUS
 USERNAME=─ьшЄЁшщ
 USERPROFILE=C:\Users\─ьшЄЁшщ
 windir=C:\WINDOWS
 __PSLockDownPolicy=0
Список загруженных модулей
 vip64x.exe           0000000100000000 00000000005A0000 65535/65535 19/сен/2025 10:45:13 C:\Galaktika\AVAZ\chumachenko\6.0.09.0\exe\vip64x.exe *6.0.9.0
 ntdll.dll            00007FFE66C20000 0000000000269000 65535/65535 30/авг/2025 07:55:58 C:\WINDOWS\SYSTEM32\ntdll.dll *10.0.26100.5074
 KERNEL32.DLL         00007FFE659E0000 00000000000C9000 65535/65535 30/авг/2025 07:55:55 C:\WINDOWS\System32\KERNEL32.DLL *10.0.26100.5074
 KERNELBASE.dll       00007FFE64230000 00000000003F3000 65535/65535 30/авг/2025 07:55:55 C:\WINDOWS\System32\KERNELBASE.dll *10.0.26100.5074
 ole32.dll            00007FFE65AB0000 0000000000198000     1/1     30/авг/2025 07:55:50 C:\WINDOWS\System32\ole32.dll *10.0.26100.5074
 msvcp_win.dll        00007FFE64810000 00000000000A3000     3/3     30/авг/2025 07:56:06 C:\WINDOWS\System32\msvcp_win.dll *10.0.26100.5074
 atlantis64x.rtl      0000000102400000 0000000000184000    14/14    19/сен/2025 10:45:13 C:\Galaktika\AVAZ\chumachenko\6.0.09.0\exe\atlantis64x.rtl *6.0.9.0
 ADVAPI32.dll         00007FFE66630000 00000000000B4000     3/3     30/авг/2025 07:55:47 C:\WINDOWS\System32\ADVAPI32.dll *10.0.26100.5074
 ucrtbase.dll         00007FFE64630000 000000000014B000     9/9     30/авг/2025 07:56:06 C:\WINDOWS\System32\ucrtbase.dll *10.0.26100.5074
 msvcrt.dll           00007FFE64C80000 00000000000A9000     5/5     30/авг/2025 07:55:57 C:\WINDOWS\System32\msvcrt.dll *7.0.26100.5074/10.0.26100.5074
 GDI32.dll            00007FFE658B0000 000000000002B000     7/7     30/авг/2025 07:55:53 C:\WINDOWS\System32\GDI32.dll *10.0.26100.5074
 sechost.dll          00007FFE65D70000 00000000000A6000     1/1     30/авг/2025 07:56:00 C:\WINDOWS\System32\sechost.dll *10.0.26100.5074
 win32u.dll           00007FFE64090000 0000000000027000     1/1     30/авг/2025 07:56:08 C:\WINDOWS\System32\win32u.dll *10.0.26100.5074
 RPCRT4.dll           00007FFE65C50000 0000000000118000     6/6     30/авг/2025 07:55:59 C:\WINDOWS\System32\RPCRT4.dll *10.0.26100.5074
 gdi32full.dll        00007FFE648C0000 000000000012D000     7/7     30/авг/2025 07:55:53 C:\WINDOWS\System32\gdi32full.dll *10.0.26100.5074
 OLEAUT32.dll         00007FFE657D0000 00000000000D7000     3/3     30/авг/2025 07:55:58 C:\WINDOWS\System32\OLEAUT32.dll *10.0.26100.5074
 USER32.dll           00007FFE65F90000 00000000001C4000     7/7     30/авг/2025 07:56:06 C:\WINDOWS\System32\USER32.dll *10.0.26100.5074
 combase.dll          00007FFE66160000 000000000037B000     4/4     30/авг/2025 07:55:50 C:\WINDOWS\System32\combase.dll *10.0.26100.5074
 atllib_64x.dll       0000000110000000 0000000000047000    13/13    19/сен/2025 10:45:13 C:\Galaktika\AVAZ\chumachenko\6.0.09.0\exe\atllib_64x.dll *6.0.9.0
 _cfg64x.dll          0000000062580000 000000000003A000     1/1     19/сен/2025 10:45:13 C:\Galaktika\AVAZ\chumachenko\6.0.09.0\exe\_cfg64x.dll *6.0.9.0
 libxml264x.dll       0000000065100000 0000000000442000     2/2     19/сен/2025 10:45:13 C:\Galaktika\AVAZ\chumachenko\6.0.09.0\exe\libxml264x.dll *2.9.7.0
 winspool.drv         00007FFE4B330000 00000000000B2000     1/1     30/авг/2025 07:55:59 C:\WINDOWS\SYSTEM32\winspool.drv *10.0.26100.5074
 WS2_32.dll           00007FFE65750000 0000000000074000     2/2     30/авг/2025 07:56:08 C:\WINDOWS\System32\WS2_32.dll *10.0.26100.5074
 shcore.dll           00007FFE658E0000 00000000000F0000     1/1     30/авг/2025 07:56:02 C:\WINDOWS\System32\shcore.dll *10.0.26100.5074
 cfgmgr32.dll         00007FFE63A60000 0000000000057000     1/1     29/авг/2025 18:53:21 C:\WINDOWS\SYSTEM32\cfgmgr32.dll *10.0.26100.4202
 WSOCK32.dll          00007FFE35230000 000000000000A000     2/2     01/апр/2024 10:22:14 C:\WINDOWS\SYSTEM32\WSOCK32.dll *10.0.26100.1
 base64x.dll          0000000000600000 000000000009A000     4/4     19/сен/2025 10:45:13 C:\Galaktika\AVAZ\chumachenko\6.0.09.0\exe\base64x.dll *6.0.9.0
 streams_64x.dll      0000000000E80000 000000000015D000    12/12    19/сен/2025 10:45:13 C:\Galaktika\AVAZ\chumachenko\6.0.09.0\exe\streams_64x.dll *6.0.9.0
 editor_64x.dll       0000000000FE0000 0000000000033000     1/1     19/сен/2025 10:45:13 C:\Galaktika\AVAZ\chumachenko\6.0.09.0\exe\editor_64x.dll *6.0.9.0
 ecc_64x.dll          0000000001020000 000000000003D000     4/4     19/сен/2025 10:45:13 C:\Galaktika\AVAZ\chumachenko\6.0.09.0\exe\ecc_64x.dll *6.0.9.0
 forms_64x.dll        0000000001060000 00000000000D1000     2/2     30/сен/2025 20:24:00 C:\Galaktika\AVAZ\chumachenko\6.0.09.0\exe\forms_64x.dll *6.0.9.0
 lotdll_64x.dll       0000000001140000 0000000000048000     1/1     19/сен/2025 10:45:13 C:\Galaktika\AVAZ\chumachenko\6.0.09.0\exe\lotdll_64x.dll *6.0.9.0
 atvipobj64x.dll      0000000001190000 0000000000021000     1/1     19/сен/2025 10:45:13 C:\Galaktika\AVAZ\chumachenko\6.0.09.0\exe\atvipobj64x.dll *6.0.9.0
 protect_64x.dll      00000000001D0000 0000000000017000     4/4     29/сен/2025 16:58:29 C:\Galaktika\AVAZ\chumachenko\6.0.09.0\exe\protect_64x.dll *6.0.9.0
 ifcobjs_64x.dll      00000000011C0000 0000000000014000     1/1     19/сен/2025 10:45:13 C:\Galaktika\AVAZ\chumachenko\6.0.09.0\exe\ifcobjs_64x.dll *6.0.9.0
 jitvip64x.dll        00000000011E0000 0000000000027000     1/1     19/сен/2025 10:45:13 C:\Galaktika\AVAZ\chumachenko\6.0.09.0\exe\jitvip64x.dll *6.0.9.0
 atlpop64x.dll        0000000001210000 000000000008B000     1/1     19/сен/2025 10:45:13 C:\Galaktika\AVAZ\chumachenko\6.0.09.0\exe\atlpop64x.dll *6.0.9.0
 nation_64x.dll       00000000001F0000 000000000000B000     1/1     19/сен/2025 10:45:13 C:\Galaktika\AVAZ\chumachenko\6.0.09.0\exe\nation_64x.dll *6.0.9.0
 IMM32.DLL            00007FFE64E30000 000000000002F000     1/1     29/авг/2025 18:53:19 C:\WINDOWS\System32\IMM32.DLL *10.0.26100.4484
 SspiCli.dll          00007FFE62F10000 0000000000049000     4/4     29/авг/2025 18:53:33 C:\WINDOWS\SYSTEM32\SspiCli.dll *10.0.26100.4484
 libeay32.dll         00007FFDF1E50000 0000000000207000     2/2     23/сен/2025 16:27:09 C:\Galaktika\AVAZ\chumachenko\6.0.09.0\exe\SSL64\libeay32.dll *1.0.2.14
 VCRUNTIME140.dll     00007FFE35240000 000000000001E000 65535/65535 03/июн/2025 06:00:00 C:\WINDOWS\SYSTEM32\VCRUNTIME140.dll *14.42.34438.0
 ssleay32.dll         00007FFDF2DE0000 000000000005B000     1/1     23/сен/2025 16:27:09 C:\Galaktika\AVAZ\chumachenko\6.0.09.0\exe\SSL64\ssleay32.dll *1.0.2.14
 CRYPTSP.dll          00007FFE635A0000 000000000001B000     1/1     30/авг/2025 07:55:50 C:\WINDOWS\SYSTEM32\CRYPTSP.dll *10.0.26100.5074
 rsaenh.dll           00007FFE62BD0000 000000000003B000     2/2     30/авг/2025 07:55:59 C:\WINDOWS\system32\rsaenh.dll *10.0.26100.5074
 CRYPTBASE.dll        00007FFE63400000 000000000000C000     2/2     30/авг/2025 07:55:50 C:\WINDOWS\SYSTEM32\CRYPTBASE.dll *10.0.26100.5074
 bcryptPrimitives.dll 00007FFE63FF0000 0000000000099000 65535/65535 30/авг/2025 07:55:49 C:\WINDOWS\System32\bcryptPrimitives.dll *10.0.26100.5074
 asmuser64x.dll       0000000003780000 0000000000023000     1/1     19/сен/2025 10:45:13 C:\Galaktika\AVAZ\chumachenko\6.0.09.0\exe\asmuser64x.dll *6.0.9.0
 mpr.dll              00007FFE5B220000 0000000000021000     1/1     29/авг/2025 18:53:19 C:\WINDOWS\SYSTEM32\mpr.dll *10.0.26100.1882
 vision_w64x.dll      000000006A880000 0000000000332000     1/1     19/сен/2025 10:45:13 C:\Galaktika\AVAZ\chumachenko\6.0.09.0\exe\vision_w64x.dll *6.0.9.0
 SHELL32.dll          00007FFE65000000 000000000074D000     3/3     30/авг/2025 07:56:03 C:\WINDOWS\System32\SHELL32.dll *10.0.26100.5074
 gdesk64x.dll         000000006DB40000 0000000000042000     1/1     19/сен/2025 10:45:13 C:\Galaktika\AVAZ\chumachenko\6.0.09.0\exe\gdesk64x.dll *6.0.9.0
 wintypes.dll         00007FFE640C0000 000000000016C000     1/1     30/авг/2025 07:55:50 C:\WINDOWS\System32\wintypes.dll *10.0.26100.5074
 uxtheme.dll          00007FFE60FC0000 00000000000A8000     3/3     30/авг/2025 07:56:07 C:\WINDOWS\SYSTEM32\uxtheme.dll *10.0.26100.5074
 dwmapi.dll           00007FFE612B0000 000000000002B000     1/1     30/авг/2025 07:55:51 C:\WINDOWS\SYSTEM32\dwmapi.dll *10.0.26100.5074
 MSCTF.dll            00007FFE65E30000 0000000000158000     1/1     30/авг/2025 07:56:05 C:\WINDOWS\System32\MSCTF.dll *10.0.26100.5074
 zprint_w64x.dll      000000006C700000 0000000000048000     2/2     19/сен/2025 10:45:13 C:\Galaktika\AVAZ\chumachenko\6.0.09.0\exe\zprint_w64x.dll *6.0.9.0
 pg90drv64x.dll       0000000054150000 0000000000224000     1/1     02/окт/2025 14:51:31 C:\Galaktika\AVAZ\chumachenko\6.0.09.0\exe\pg90drv64x.dll *6.0.9.0
 ODBC32.dll           00007FFE56CD0000 00000000000C4000     2/2     30/авг/2025 07:55:57 C:\WINDOWS\SYSTEM32\ODBC32.dll *10.0.26100.5074
 CRYPT32.dll          00007FFE63E70000 0000000000177000 65535/65535 30/авг/2025 07:55:50 C:\WINDOWS\System32\CRYPT32.dll *10.0.26100.5074
 DPAPI.DLL            00007FFE63AE0000 000000000000A000     1/1     01/апр/2024 10:22:15 C:\WINDOWS\SYSTEM32\DPAPI.DLL *10.0.26100.1
 bcrypt.dll           00007FFE63CA0000 0000000000026000 65535/65535 30/авг/2025 07:55:49 C:\WINDOWS\SYSTEM32\bcrypt.dll *10.0.26100.5074
 podbc35w.dll         00007FFDF5F00000 00000000000ED000     1/1     11/июн/2025 16:40:38 C:\WINDOWS\system32\podbc35w.dll *17.0.0.6
 VCRUNTIME140_1.dll   00007FFE3AC30000 000000000000C000     2/2     27/апр/2024 23:20:22 C:\WINDOWS\system32\VCRUNTIME140_1.dll *14.40.33810.0
 MSVCP140.dll         00007FFE31070000 000000000008D000     1/1     03/июн/2025 06:00:00 C:\WINDOWS\system32\MSVCP140.dll *14.42.34438.0
 libpq.dll            00007FFDFCCB0000 000000000005A000     1/1     10/июн/2025 12:34:12 C:\WINDOWS\system32\libpq.dll *17.0.5.0
 WINMM.dll            00007FFE5A390000 0000000000035000     1/1     30/авг/2025 07:55:48 C:\WINDOWS\system32\WINMM.dll *10.0.26100.5074
 WLDAP32.dll          00007FFE64F30000 0000000000075000     1/1     30/авг/2025 07:55:55 C:\WINDOWS\System32\WLDAP32.dll *10.0.26100.5074
 Secur32.dll          00007FFE60EB0000 000000000000D000     1/1     01/апр/2024 10:22:11 C:\WINDOWS\system32\Secur32.dll *10.0.26100.1
 libcrypto-3-x64.dll  00007FFDD4850000 0000000000625000 65535/65535 11/фев/2025 16:05:16 C:\WINDOWS\system32\libcrypto-3-x64.dll *3.3.3.0
 libssl-3-x64.dll     00007FFDD4710000 0000000000136000     1/1     11/фев/2025 16:05:16 C:\WINDOWS\system32\libssl-3-x64.dll *3.3.3.0
 odbccp32.dll         00007FFE46580000 0000000000025000     1/1     30/авг/2025 07:55:56 C:\WINDOWS\SYSTEM32\odbccp32.dll *10.0.26100.5074
 VERSION.dll          00007FFE5C880000 000000000000B000     1/1     29/авг/2025 18:53:19 C:\WINDOWS\SYSTEM32\VERSION.dll *10.0.26100.1150
 mswsock.dll          00007FFE631D0000 000000000006B000     6/6     30/авг/2025 07:56:08 C:\WINDOWS\system32\mswsock.dll *10.0.26100.5074
 DNSAPI.dll           00007FFE62670000 0000000000126000 65535/65535 30/авг/2025 07:55:52 C:\WINDOWS\SYSTEM32\DNSAPI.dll *10.0.26100.5074
 IPHLPAPI.DLL         00007FFE625E0000 0000000000034000 65535/65535 30/авг/2025 07:56:05 C:\WINDOWS\SYSTEM32\IPHLPAPI.DLL *10.0.26100.5074
 NSI.dll              00007FFE65E20000 000000000000A000 65535/65535 30/авг/2025 07:56:07 C:\WINDOWS\System32\NSI.dll *10.0.26100.5074
 rasadhlp.dll         00007FFE5B9E0000 000000000000B000     1/1     29/авг/2025 18:53:34 C:\Windows\System32\rasadhlp.dll *10.0.26100.1150
 fwpuclnt.dll         00007FFE5AC80000 0000000000086000     1/1     30/авг/2025 07:55:57 C:\WINDOWS\System32\fwpuclnt.dll *10.0.26100.5074
 dhcpcsvc.DLL         00007FFE5C000000 0000000000023000     1/1     30/авг/2025 07:55:51 C:\WINDOWS\SYSTEM32\dhcpcsvc.DLL *10.0.26100.5074
 atlsock64x.dll       000000006DC80000 000000000002C000     2/2     19/сен/2025 10:45:13 C:\Galaktika\AVAZ\chumachenko\6.0.09.0\exe\atlsock64x.dll *6.0.9.0
 NETAPI32.DLL         00007FFE57F90000 000000000001A000     1/1     29/авг/2025 18:53:17 C:\WINDOWS\SYSTEM32\NETAPI32.DLL *10.0.26100.1150
 SRVCLI.DLL           00007FFE5B1D0000 0000000000029000     1/1     29/авг/2025 18:53:22 C:\WINDOWS\SYSTEM32\SRVCLI.DLL *10.0.26100.1150
 NETUTILS.DLL         00007FFE625A0000 000000000000D000     1/1     29/авг/2025 18:53:22 C:\WINDOWS\SYSTEM32\NETUTILS.DLL *10.0.26100.1882
 SAMCLI.DLL           00007FFE62580000 000000000001B000     1/1     29/авг/2025 18:53:22 C:\WINDOWS\SYSTEM32\SAMCLI.DLL *10.0.26100.4768
 napinsp.dll          00007FFDFB8B0000 0000000000018000     1/1     29/авг/2025 18:53:18 C:\WINDOWS\system32\napinsp.dll *10.0.26100.1150
 winrnr.dll           00007FFDFB240000 0000000000012000     1/1     29/авг/2025 18:53:21 C:\WINDOWS\System32\winrnr.dll *10.0.26100.1882
 nlansp_c.dll         00007FFDFEB60000 0000000000028000     1/1     30/авг/2025 07:55:58 C:\WINDOWS\system32\nlansp_c.dll *10.0.26100.5074
 wshbth.dll           00007FFE5BFC0000 0000000000016000     1/1     30/авг/2025 07:55:47 C:\WINDOWS\system32\wshbth.dll *10.0.26100.5074
 mt_drv64x.dll        0000000012BC0000 0000000000111000     1/1     19/сен/2025 10:45:13 C:\Galaktika\AVAZ\chumachenko\6.0.09.0\exe\mt_drv64x.dll *6.0.9.0

▓▓▓▓▓▓▓▓▓▓▓▓▓▓▓▓▓▓▓▓▓▓▓▓▓▓▓▓▓▓▓▓▓▓▓▓▓▓▓▓▓▓▓▓▓▓▓▓▓▓▓▓▓▓▓▓▓▓▓▓▓▓▓▓▓▓▓▓▓▓▓▓▓▓▓▓▓▓▓



▓▓▓▓▓▓▓▓▓▓▓▓▓▓▓▓▓▓▓▓▓▓▓▓▓▓▓▓▓▓▓▓▓▓▓▓▓▓▓▓▓▓▓▓▓▓▓▓▓▓▓▓▓▓▓▓▓▓▓▓▓▓▓▓▓▓▓▓▓▓▓▓▓▓▓▓▓▓▓
▓▓▓▓▓ Запишите следующую информацию об ошибке и отошлите ее разработчикам ▓▓▓▓▓
▓ вместе с описанием ситуации, названием, версией и датой EXE-файла программы ▓
▓▓▓▓▓▓▓▓▓▓▓▓▓▓▓▓▓▓▓▓▓▓▓▓▓▓▓▓▓▓▓▓▓▓▓▓▓▓▓▓▓▓▓▓▓▓▓▓▓▓▓▓▓▓▓▓▓▓▓▓▓▓▓▓▓▓▓▓▓▓▓▓▓▓▓▓▓▓▓


▓ Программа: "vip64x.exe"  Время запуска: 11:20:27 08/11/2025
▓ Исполняемый модуль: "C:\Galaktika\AVAZ\chumachenko\6.0.09.0\exe\vip64x.exe"
▓ Система: Windows NT  Логин: "Дмитрий"  Станция: "LAPUS-VICTUS"

Необработанная исключительная ситуация
Код исключения: C0000005 (Общее нарушение защиты доступа к памяти)
Параметры исключения (2): 0000000000000000 000000000000000A
Адрес исключения: 00000000541CF966 pg90drv64x.dll.1:0007E966
Содержимое регистров процессора
 RAX = 0000000000000000
 RBX = 000000000000000F
 RCX = 0000000000000002
 RDX = 0000000000000001
 RSI = 00000000031B0904
 RDI = 0000000014E6F830
 RBP = 00000000542E6060 pg90drv64x.dll.2:00003060
 RSP = 0000000014E6F810
 RIP = 00000000541CF966 pg90drv64x.dll.1:0007E966
 R8  = 7FFFFFFFFFFFFFFC
 R9  = 000000001437A558
 R10 = 0000000000110CC0
 R11 = 000000000FE8CC30
 R12 = 0000000002B34C9C
 R13 = 0000000054150000
 R14 = 0000000002B52E38
 R15 = 0000000054150000
Содержимое стека
 0000000014E6F830: 0000000054321160 pg90drv64x.dll.3:0003A160
 0000000014E6F868: 00000000541CF76D pg90drv64x.dll.1:0007E76D
 0000000014E6F898: 00000000541AAC43 pg90drv64x.dll.1:00059C43
 0000000014E6F8D8: 000000005418DCD8 pg90drv64x.dll.1:0003CCD8
 0000000014E6F8F8: 000000005418DCA0 pg90drv64x.dll.1:0003CCA0
 0000000014E6F900: 000000005418DCA0 pg90drv64x.dll.1:0003CCA0
 0000000014E6F908: 00000001024D1312 atlantis64x.rtl.1:000D0312
 0000000014E6F928: 000000005418DCA0 pg90drv64x.dll.1:0003CCA0
 0000000014E6F970: 000000005418DCA0 pg90drv64x.dll.1:0003CCA0
 0000000014E6F9D8: 000000005418DCA0 pg90drv64x.dll.1:0003CCA0
Текущее время
 08-11-2025 11:20:37.2750404
Параметры программы
 "C:\Galaktika\AVAZ\chumachenko\6.0.09.0\exe\vip64x.exe  chumachenko.prj /r:chumachenko.res /c:vip.cfg /u:SUPERVISOR /#user:SUPERVISOR /def:Atl60"
Переменные окружения
 =::=::\
 =C:=C:\Galaktika\_git\Izhevsk\chumachenko
 ALLUSERSPROFILE=C:\ProgramData
 APPDATA=C:\Users\─ьшЄЁшщ\AppData\Roaming
 CommonProgramFiles=C:\Program Files\Common Files
 CommonProgramFiles(x86)=C:\Program Files (x86)\Common Files
 CommonProgramW6432=C:\Program Files\Common Files
 COMPUTERNAME=LAPUS-VICTUS
 ComSpec=C:\WINDOWS\system32\cmd.exe
 DD=20251108
 DriverData=C:\Windows\System32\Drivers\DriverData
 EFC_8588_1592913036=1
 exedir=C:\Galaktika\AVAZ\chumachenko\6.0.09.0\exe
 HOMEDRIVE=C:
 HOMEPATH=\Users\─ьшЄЁшщ
 LOCALAPPDATA=C:\Users\─ьшЄЁшщ\AppData\Local
 LOGONSERVER=\\LAPUS-VICTUS
 NUMBER_OF_PROCESSORS=16
 OneDrive=C:\Users\─ьшЄЁшщ\OneDrive
 OPENSSL_CONF=C:\Program Files\PostgreSQL\psqlODBC\etc\openssl.cnf
 OS=Windows_NT
 Path=C:\Program Files (x86)\Common Files\Oracle\Java\javapath;C:\Program Files\Microsoft\jdk-11.0.16.101-hotspot\bin;C:\Program Files (x86)\NVIDIA Corporation\PhysX\Common;C:\Windows\system32;C:\Windows;C:\Windows\System32\Wbem;C:\Windows\System32\WindowsPowerShell\v1.0\;C:\Windows\System32\OpenSSH\;C:\Program Files\Microsoft SQL Server\Client SDK\ODBC\170\Tools\Binn\;C:\Program Files (x86)\Microsoft SQL Server\150\Tools\Binn\;C:\Program Files\Microsoft SQL Server\150\Tools\Binn\;C:\Program Files\Microsoft SQL Server\150\DTS\Binn\;C:\Program Files (x86)\Microsoft SQL Server\150\DTS\Binn\;C:\WINDOWS\system32;C:\WINDOWS;C:\WINDOWS\System32\Wbem;C:\WINDOWS\System32\WindowsPowerShell\v1.0\;C:\WINDOWS\System32\OpenSSH\;C:\Program Files\dotnet\;C:\Program Files (x86)\dotnet\;C:\Program Files\PuTTY\;C:\WINDOWS\system32;C:\WINDOWS;C:\WINDOWS\System32\Wbem;C:\WINDOWS\System32\WindowsPowerShell\v1.0\;C:\WINDOWS\System32\OpenSSH\;C:\Program Files\Microsoft SQL Server\Client SDK\ODBC\130\Tools\Binn\;C:\Galaktika\ATL6\Libs\;C:\Galaktika\ATL6\Libs\x64;C:\Program Files (x86)\Microsoft SQL Server\160\DTS\Binn\;C:\Program Files\Git\cmd;C:\Program Files\GitExtensions\;C:\Users\─ьшЄЁшщ\AppData\Local\Programs\Python\Python311\Scripts\;C:\Users\─ьшЄЁшщ\AppData\Local\Programs\Python\Python311\;C:\Users\─ьшЄЁшщ\AppData\Local\Microsoft\WindowsApps;C:\Program Files\Azure Data Studio\bin;C:\Users\─ьшЄЁшщ\.dotnet\tools;C:\SRCFlutter\flutter\bin;;C:\Users\─ьшЄЁшщ\AppData\Local\Programs\Microsoft VS Code\bin;C:\Users\─ьшЄЁшщ\AppData\Local\JetBrains\PyCharm Community Edition 2022.3.2\bin;
 PATHEXT=.COM;.EXE;.BAT;.CMD;.VBS;.VBE;.JS;.JSE;.WSF;.WSH;.MSC
 PROCESSOR_ARCHITECTURE=AMD64
 PROCESSOR_IDENTIFIER=AMD64 Family 25 Model 80 Stepping 0, AuthenticAMD
 PROCESSOR_LEVEL=25
 PROCESSOR_REVISION=5000
 ProgramData=C:\ProgramData
 ProgramFiles=C:\Program Files
 ProgramFiles(x86)=C:\Program Files (x86)
 ProgramW6432=C:\Program Files
 PROMPT=$P$G
 PSModulePath=C:\Program Files\WindowsPowerShell\Modules;C:\WINDOWS\system32\WindowsPowerShell\v1.0\Modules;C:\Program Files (x86)\Microsoft SQL Server\150\Tools\PowerShell\Modules\
 PUBLIC=C:\Users\Public
 PyCharm Community Edition=C:\Users\─ьшЄЁшщ\AppData\Local\JetBrains\PyCharm Community Edition 2022.3.2\bin;
 SESSIONNAME=Console
 SystemDrive=C:
 SystemRoot=C:\WINDOWS
 TEMP=C:\Users\AACE~1\AppData\Local\Temp
 TMP=C:\Users\AACE~1\AppData\Local\Temp
 USERDOMAIN=LAPUS-VICTUS
 USERDOMAIN_ROAMINGPROFILE=LAPUS-VICTUS
 USERNAME=─ьшЄЁшщ
 USERPROFILE=C:\Users\─ьшЄЁшщ
 windir=C:\WINDOWS
 __PSLockDownPolicy=0
Список загруженных модулей
 vip64x.exe           0000000100000000 00000000005A0000 65535/65535 19/сен/2025 10:45:13 C:\Galaktika\AVAZ\chumachenko\6.0.09.0\exe\vip64x.exe *6.0.9.0
 ntdll.dll            00007FFE66C20000 0000000000269000 65535/65535 30/авг/2025 07:55:58 C:\WINDOWS\SYSTEM32\ntdll.dll *10.0.26100.5074
 KERNEL32.DLL         00007FFE659E0000 00000000000C9000 65535/65535 30/авг/2025 07:55:55 C:\WINDOWS\System32\KERNEL32.DLL *10.0.26100.5074
 KERNELBASE.dll       00007FFE64230000 00000000003F3000 65535/65535 30/авг/2025 07:55:55 C:\WINDOWS\System32\KERNELBASE.dll *10.0.26100.5074
 ole32.dll            00007FFE65AB0000 0000000000198000     1/1     30/авг/2025 07:55:50 C:\WINDOWS\System32\ole32.dll *10.0.26100.5074
 msvcp_win.dll        00007FFE64810000 00000000000A3000     3/3     30/авг/2025 07:56:06 C:\WINDOWS\System32\msvcp_win.dll *10.0.26100.5074
 atlantis64x.rtl      0000000102400000 0000000000184000    14/14    19/сен/2025 10:45:13 C:\Galaktika\AVAZ\chumachenko\6.0.09.0\exe\atlantis64x.rtl *6.0.9.0
 ADVAPI32.dll         00007FFE66630000 00000000000B4000     3/3     30/авг/2025 07:55:47 C:\WINDOWS\System32\ADVAPI32.dll *10.0.26100.5074
 ucrtbase.dll         00007FFE64630000 000000000014B000     9/9     30/авг/2025 07:56:06 C:\WINDOWS\System32\ucrtbase.dll *10.0.26100.5074
 msvcrt.dll           00007FFE64C80000 00000000000A9000     5/5     30/авг/2025 07:55:57 C:\WINDOWS\System32\msvcrt.dll *7.0.26100.5074/10.0.26100.5074
 GDI32.dll            00007FFE658B0000 000000000002B000     7/7     30/авг/2025 07:55:53 C:\WINDOWS\System32\GDI32.dll *10.0.26100.5074
 sechost.dll          00007FFE65D70000 00000000000A6000     1/1     30/авг/2025 07:56:00 C:\WINDOWS\System32\sechost.dll *10.0.26100.5074
 win32u.dll           00007FFE64090000 0000000000027000     1/1     30/авг/2025 07:56:08 C:\WINDOWS\System32\win32u.dll *10.0.26100.5074
 RPCRT4.dll           00007FFE65C50000 0000000000118000     6/6     30/авг/2025 07:55:59 C:\WINDOWS\System32\RPCRT4.dll *10.0.26100.5074
 gdi32full.dll        00007FFE648C0000 000000000012D000     7/7     30/авг/2025 07:55:53 C:\WINDOWS\System32\gdi32full.dll *10.0.26100.5074
 OLEAUT32.dll         00007FFE657D0000 00000000000D7000     3/3     30/авг/2025 07:55:58 C:\WINDOWS\System32\OLEAUT32.dll *10.0.26100.5074
 USER32.dll           00007FFE65F90000 00000000001C4000     7/7     30/авг/2025 07:56:06 C:\WINDOWS\System32\USER32.dll *10.0.26100.5074
 combase.dll          00007FFE66160000 000000000037B000     4/4     30/авг/2025 07:55:50 C:\WINDOWS\System32\combase.dll *10.0.26100.5074
 atllib_64x.dll       0000000110000000 0000000000047000    13/13    19/сен/2025 10:45:13 C:\Galaktika\AVAZ\chumachenko\6.0.09.0\exe\atllib_64x.dll *6.0.9.0
 _cfg64x.dll          0000000062580000 000000000003A000     1/1     19/сен/2025 10:45:13 C:\Galaktika\AVAZ\chumachenko\6.0.09.0\exe\_cfg64x.dll *6.0.9.0
 winspool.drv         00007FFE4B330000 00000000000B2000     1/1     30/авг/2025 07:55:59 C:\WINDOWS\SYSTEM32\winspool.drv *10.0.26100.5074
 libxml264x.dll       0000000065100000 0000000000442000     2/2     19/сен/2025 10:45:13 C:\Galaktika\AVAZ\chumachenko\6.0.09.0\exe\libxml264x.dll *2.9.7.0
 WS2_32.dll           00007FFE65750000 0000000000074000     2/2     30/авг/2025 07:56:08 C:\WINDOWS\System32\WS2_32.dll *10.0.26100.5074
 shcore.dll           00007FFE658E0000 00000000000F0000     1/1     30/авг/2025 07:56:02 C:\WINDOWS\System32\shcore.dll *10.0.26100.5074
 cfgmgr32.dll         00007FFE63A60000 0000000000057000     1/1     29/авг/2025 18:53:21 C:\WINDOWS\SYSTEM32\cfgmgr32.dll *10.0.26100.4202
 WSOCK32.dll          00007FFE35230000 000000000000A000     2/2     01/апр/2024 10:22:14 C:\WINDOWS\SYSTEM32\WSOCK32.dll *10.0.26100.1
 base64x.dll          0000000000DE0000 000000000009A000     4/4     19/сен/2025 10:45:13 C:\Galaktika\AVAZ\chumachenko\6.0.09.0\exe\base64x.dll *6.0.9.0
 ecc_64x.dll          0000000000FE0000 000000000003D000     4/4     19/сен/2025 10:45:13 C:\Galaktika\AVAZ\chumachenko\6.0.09.0\exe\ecc_64x.dll *6.0.9.0
 streams_64x.dll      0000000000E80000 000000000015D000    12/12    19/сен/2025 10:45:13 C:\Galaktika\AVAZ\chumachenko\6.0.09.0\exe\streams_64x.dll *6.0.9.0
 editor_64x.dll       0000000001020000 0000000000033000     1/1     19/сен/2025 10:45:13 C:\Galaktika\AVAZ\chumachenko\6.0.09.0\exe\editor_64x.dll *6.0.9.0
 lotdll_64x.dll       0000000001060000 0000000000048000     1/1     19/сен/2025 10:45:13 C:\Galaktika\AVAZ\chumachenko\6.0.09.0\exe\lotdll_64x.dll *6.0.9.0
 forms_64x.dll        00000000010B0000 00000000000D1000     2/2     30/сен/2025 20:24:00 C:\Galaktika\AVAZ\chumachenko\6.0.09.0\exe\forms_64x.dll *6.0.9.0
 ifcobjs_64x.dll      00000000001D0000 0000000000014000     1/1     19/сен/2025 10:45:13 C:\Galaktika\AVAZ\chumachenko\6.0.09.0\exe\ifcobjs_64x.dll *6.0.9.0
 atvipobj64x.dll      00000000011B0000 0000000000021000     1/1     19/сен/2025 10:45:13 C:\Galaktika\AVAZ\chumachenko\6.0.09.0\exe\atvipobj64x.dll *6.0.9.0
 protect_64x.dll      0000000001190000 0000000000017000     4/4     29/сен/2025 16:58:29 C:\Galaktika\AVAZ\chumachenko\6.0.09.0\exe\protect_64x.dll *6.0.9.0
 jitvip64x.dll        00000000011E0000 0000000000027000     1/1     19/сен/2025 10:45:13 C:\Galaktika\AVAZ\chumachenko\6.0.09.0\exe\jitvip64x.dll *6.0.9.0
 atlpop64x.dll        0000000001210000 000000000008B000     1/1     19/сен/2025 10:45:13 C:\Galaktika\AVAZ\chumachenko\6.0.09.0\exe\atlpop64x.dll *6.0.9.0
 nation_64x.dll       00000000001F0000 000000000000B000     1/1     19/сен/2025 10:45:13 C:\Galaktika\AVAZ\chumachenko\6.0.09.0\exe\nation_64x.dll *6.0.9.0
 IMM32.DLL            00007FFE64E30000 000000000002F000     1/1     29/авг/2025 18:53:19 C:\WINDOWS\System32\IMM32.DLL *10.0.26100.4484
 SspiCli.dll          00007FFE62F10000 0000000000049000     4/4     29/авг/2025 18:53:33 C:\WINDOWS\SYSTEM32\SspiCli.dll *10.0.26100.4484
 libeay32.dll         00007FFDF1E50000 0000000000207000     2/2     23/сен/2025 16:27:09 C:\Galaktika\AVAZ\chumachenko\6.0.09.0\exe\SSL64\libeay32.dll *1.0.2.14
 VCRUNTIME140.dll     00007FFE35240000 000000000001E000 65535/65535 03/июн/2025 06:00:00 C:\WINDOWS\SYSTEM32\VCRUNTIME140.dll *14.42.34438.0
 ssleay32.dll         00007FFDFE0B0000 000000000005B000     1/1     23/сен/2025 16:27:09 C:\Galaktika\AVAZ\chumachenko\6.0.09.0\exe\SSL64\ssleay32.dll *1.0.2.14
 CRYPTSP.dll          00007FFE635A0000 000000000001B000     1/1     30/авг/2025 07:55:50 C:\WINDOWS\SYSTEM32\CRYPTSP.dll *10.0.26100.5074
 rsaenh.dll           00007FFE62BD0000 000000000003B000     2/2     30/авг/2025 07:55:59 C:\WINDOWS\system32\rsaenh.dll *10.0.26100.5074
 CRYPTBASE.dll        00007FFE63400000 000000000000C000     2/2     30/авг/2025 07:55:50 C:\WINDOWS\SYSTEM32\CRYPTBASE.dll *10.0.26100.5074
 bcryptPrimitives.dll 00007FFE63FF0000 0000000000099000 65535/65535 30/авг/2025 07:55:49 C:\WINDOWS\System32\bcryptPrimitives.dll *10.0.26100.5074
 asmuser64x.dll       0000000003770000 0000000000023000     1/1     19/сен/2025 10:45:13 C:\Galaktika\AVAZ\chumachenko\6.0.09.0\exe\asmuser64x.dll *6.0.9.0
 mpr.dll              00007FFE5B220000 0000000000021000     1/1     29/авг/2025 18:53:19 C:\WINDOWS\SYSTEM32\mpr.dll *10.0.26100.1882
 vision_w64x.dll      000000006A880000 0000000000332000     1/1     19/сен/2025 10:45:13 C:\Galaktika\AVAZ\chumachenko\6.0.09.0\exe\vision_w64x.dll *6.0.9.0
 SHELL32.dll          00007FFE65000000 000000000074D000     3/3     30/авг/2025 07:56:03 C:\WINDOWS\System32\SHELL32.dll *10.0.26100.5074
 gdesk64x.dll         000000006DB40000 0000000000042000     1/1     19/сен/2025 10:45:13 C:\Galaktika\AVAZ\chumachenko\6.0.09.0\exe\gdesk64x.dll *6.0.9.0
 wintypes.dll         00007FFE640C0000 000000000016C000     1/1     30/авг/2025 07:55:50 C:\WINDOWS\System32\wintypes.dll *10.0.26100.5074
 uxtheme.dll          00007FFE60FC0000 00000000000A8000     3/3     30/авг/2025 07:56:07 C:\WINDOWS\SYSTEM32\uxtheme.dll *10.0.26100.5074
 dwmapi.dll           00007FFE612B0000 000000000002B000     1/1     30/авг/2025 07:55:51 C:\WINDOWS\SYSTEM32\dwmapi.dll *10.0.26100.5074
 MSCTF.dll            00007FFE65E30000 0000000000158000     1/1     30/авг/2025 07:56:05 C:\WINDOWS\System32\MSCTF.dll *10.0.26100.5074
 zprint_w64x.dll      000000006C700000 0000000000048000     2/2     19/сен/2025 10:45:13 C:\Galaktika\AVAZ\chumachenko\6.0.09.0\exe\zprint_w64x.dll *6.0.9.0
 pg90drv64x.dll       0000000054150000 0000000000224000     1/1     02/окт/2025 14:51:31 C:\Galaktika\AVAZ\chumachenko\6.0.09.0\exe\pg90drv64x.dll *6.0.9.0
 ODBC32.dll           00007FFE56CD0000 00000000000C4000     2/2     30/авг/2025 07:55:57 C:\WINDOWS\SYSTEM32\ODBC32.dll *10.0.26100.5074
 CRYPT32.dll          00007FFE63E70000 0000000000177000 65535/65535 30/авг/2025 07:55:50 C:\WINDOWS\System32\CRYPT32.dll *10.0.26100.5074
 DPAPI.DLL            00007FFE63AE0000 000000000000A000     1/1     01/апр/2024 10:22:15 C:\WINDOWS\SYSTEM32\DPAPI.DLL *10.0.26100.1
 bcrypt.dll           00007FFE63CA0000 0000000000026000 65535/65535 30/авг/2025 07:55:49 C:\WINDOWS\SYSTEM32\bcrypt.dll *10.0.26100.5074
 podbc35w.dll         00007FFDF5F00000 00000000000ED000     1/1     11/июн/2025 16:40:38 C:\WINDOWS\system32\podbc35w.dll *17.0.0.6
 MSVCP140.dll         00007FFE31070000 000000000008D000     1/1     03/июн/2025 06:00:00 C:\WINDOWS\system32\MSVCP140.dll *14.42.34438.0
 libpq.dll            00007FFDFCCB0000 000000000005A000     1/1     10/июн/2025 12:34:12 C:\WINDOWS\system32\libpq.dll *17.0.5.0
 WINMM.dll            00007FFE5A390000 0000000000035000     1/1     30/авг/2025 07:55:48 C:\WINDOWS\system32\WINMM.dll *10.0.26100.5074
 VCRUNTIME140_1.dll   00007FFE3AC30000 000000000000C000     2/2     27/апр/2024 23:20:22 C:\WINDOWS\system32\VCRUNTIME140_1.dll *14.40.33810.0
 WLDAP32.dll          00007FFE64F30000 0000000000075000     1/1     30/авг/2025 07:55:55 C:\WINDOWS\System32\WLDAP32.dll *10.0.26100.5074
 Secur32.dll          00007FFE60EB0000 000000000000D000     1/1     01/апр/2024 10:22:11 C:\WINDOWS\system32\Secur32.dll *10.0.26100.1
 libcrypto-3-x64.dll  00007FFDD4850000 0000000000625000 65535/65535 11/фев/2025 16:05:16 C:\WINDOWS\system32\libcrypto-3-x64.dll *3.3.3.0
 libssl-3-x64.dll     00007FFDD4710000 0000000000136000     1/1     11/фев/2025 16:05:16 C:\WINDOWS\system32\libssl-3-x64.dll *3.3.3.0
 odbccp32.dll         00007FFE46580000 0000000000025000     1/1     30/авг/2025 07:55:56 C:\WINDOWS\SYSTEM32\odbccp32.dll *10.0.26100.5074
 VERSION.dll          00007FFE5C880000 000000000000B000     1/1     29/авг/2025 18:53:19 C:\WINDOWS\SYSTEM32\VERSION.dll *10.0.26100.1150
 mswsock.dll          00007FFE631D0000 000000000006B000     6/6     30/авг/2025 07:56:08 C:\WINDOWS\system32\mswsock.dll *10.0.26100.5074
 DNSAPI.dll           00007FFE62670000 0000000000126000 65535/65535 30/авг/2025 07:55:52 C:\WINDOWS\SYSTEM32\DNSAPI.dll *10.0.26100.5074
 IPHLPAPI.DLL         00007FFE625E0000 0000000000034000 65535/65535 30/авг/2025 07:56:05 C:\WINDOWS\SYSTEM32\IPHLPAPI.DLL *10.0.26100.5074
 NSI.dll              00007FFE65E20000 000000000000A000 65535/65535 30/авг/2025 07:56:07 C:\WINDOWS\System32\NSI.dll *10.0.26100.5074
 rasadhlp.dll         00007FFE5B9E0000 000000000000B000     1/1     29/авг/2025 18:53:34 C:\Windows\System32\rasadhlp.dll *10.0.26100.1150
 fwpuclnt.dll         00007FFE5AC80000 0000000000086000     1/1     30/авг/2025 07:55:57 C:\WINDOWS\System32\fwpuclnt.dll *10.0.26100.5074
 dhcpcsvc.DLL         00007FFE5C000000 0000000000023000     1/1     30/авг/2025 07:55:51 C:\WINDOWS\SYSTEM32\dhcpcsvc.DLL *10.0.26100.5074
 atlsock64x.dll       000000006DC80000 000000000002C000     2/2     19/сен/2025 10:45:13 C:\Galaktika\AVAZ\chumachenko\6.0.09.0\exe\atlsock64x.dll *6.0.9.0
 NETAPI32.DLL         00007FFE57F90000 000000000001A000     1/1     29/авг/2025 18:53:17 C:\WINDOWS\SYSTEM32\NETAPI32.DLL *10.0.26100.1150
 SRVCLI.DLL           00007FFE5B1D0000 0000000000029000     1/1     29/авг/2025 18:53:22 C:\WINDOWS\SYSTEM32\SRVCLI.DLL *10.0.26100.1150
 NETUTILS.DLL         00007FFE625A0000 000000000000D000     1/1     29/авг/2025 18:53:22 C:\WINDOWS\SYSTEM32\NETUTILS.DLL *10.0.26100.1882
 SAMCLI.DLL           00007FFE62580000 000000000001B000     1/1     29/авг/2025 18:53:22 C:\WINDOWS\SYSTEM32\SAMCLI.DLL *10.0.26100.4768
 napinsp.dll          00007FFDFB8B0000 0000000000018000     1/1     29/авг/2025 18:53:18 C:\WINDOWS\system32\napinsp.dll *10.0.26100.1150
 winrnr.dll           00007FFDFB240000 0000000000012000     1/1     29/авг/2025 18:53:21 C:\WINDOWS\System32\winrnr.dll *10.0.26100.1882
 nlansp_c.dll         00007FFDFEB60000 0000000000028000     1/1     30/авг/2025 07:55:58 C:\WINDOWS\system32\nlansp_c.dll *10.0.26100.5074
 wshbth.dll           00007FFE5BFC0000 0000000000016000     1/1     30/авг/2025 07:55:47 C:\WINDOWS\system32\wshbth.dll *10.0.26100.5074
 mt_drv64x.dll        0000000012B50000 0000000000111000     1/1     19/сен/2025 10:45:13 C:\Galaktika\AVAZ\chumachenko\6.0.09.0\exe\mt_drv64x.dll *6.0.9.0

▓▓▓▓▓▓▓▓▓▓▓▓▓▓▓▓▓▓▓▓▓▓▓▓▓▓▓▓▓▓▓▓▓▓▓▓▓▓▓▓▓▓▓▓▓▓▓▓▓▓▓▓▓▓▓▓▓▓▓▓▓▓▓▓▓▓▓▓▓▓▓▓▓▓▓▓▓▓▓



▓▓▓▓▓▓▓▓▓▓▓▓▓▓▓▓▓▓▓▓▓▓▓▓▓▓▓▓▓▓▓▓▓▓▓▓▓▓▓▓▓▓▓▓▓▓▓▓▓▓▓▓▓▓▓▓▓▓▓▓▓▓▓▓▓▓▓▓▓▓▓▓▓▓▓▓▓▓▓
▓▓▓▓▓ Запишите следующую информацию об ошибке и отошлите ее разработчикам ▓▓▓▓▓
▓ вместе с описанием ситуации, названием, версией и датой EXE-файла программы ▓
▓▓▓▓▓▓▓▓▓▓▓▓▓▓▓▓▓▓▓▓▓▓▓▓▓▓▓▓▓▓▓▓▓▓▓▓▓▓▓▓▓▓▓▓▓▓▓▓▓▓▓▓▓▓▓▓▓▓▓▓▓▓▓▓▓▓▓▓▓▓▓▓▓▓▓▓▓▓▓


▓ Программа: "vip64x.exe"  Время запуска: 11:21:24 08/11/2025
▓ Исполняемый модуль: "C:\Galaktika\AVAZ\chumachenko\6.0.09.0\exe\vip64x.exe"
▓ Система: Windows NT  Логин: "Дмитрий"  Станция: "LAPUS-VICTUS"

Необработанная исключительная ситуация
Код исключения: C0000005 (Общее нарушение защиты доступа к памяти)
Параметры исключения (2): 0000000000000000 000000000000000A
Адрес исключения: 00000000541CF966 pg90drv64x.dll.1:0007E966
Содержимое регистров процессора
 RAX = 0000000000000000
 RBX = 000000000000000F
 RCX = 0000000000000002
 RDX = 0000000000000001
 RSI = 0000000003280904
 RDI = 0000000014F1F830
 RBP = 00000000542E6060 pg90drv64x.dll.2:00003060
 RSP = 0000000014F1F810
 RIP = 00000000541CF966 pg90drv64x.dll.1:0007E966
 R8  = 7FFFFFFFFFFFFFFC
 R9  = 000000001442BA64
 R10 = 0000000000110000
 R11 = 0000000000000246
 R12 = 0000000002C04C9C
 R13 = 0000000054150000
 R14 = 0000000002C22E38
 R15 = 0000000054150000
Содержимое стека
 0000000014F1F830: 0000000054321160 pg90drv64x.dll.3:0003A160
 0000000014F1F868: 00000000541CF76D pg90drv64x.dll.1:0007E76D
 0000000014F1F898: 00000000541AAC43 pg90drv64x.dll.1:00059C43
 0000000014F1F8D8: 000000005418DCD8 pg90drv64x.dll.1:0003CCD8
 0000000014F1F8F8: 000000005418DCA0 pg90drv64x.dll.1:0003CCA0
 0000000014F1F900: 000000005418DCA0 pg90drv64x.dll.1:0003CCA0
 0000000014F1F908: 00000001024D1312 atlantis64x.rtl.1:000D0312
 0000000014F1F928: 000000005418DCA0 pg90drv64x.dll.1:0003CCA0
 0000000014F1F970: 000000005418DCA0 pg90drv64x.dll.1:0003CCA0
 0000000014F1F9D8: 000000005418DCA0 pg90drv64x.dll.1:0003CCA0
Текущее время
 08-11-2025 11:21:32.2642344
Параметры программы
 "C:\Galaktika\AVAZ\chumachenko\6.0.09.0\exe\vip64x.exe  chumachenko.prj /r:chumachenko.res /c:vip.cfg /u:SUPERVISOR /#user:SUPERVISOR /def:Atl60"
Переменные окружения
 =::=::\
 =C:=C:\Galaktika\_git\Izhevsk\chumachenko
 ALLUSERSPROFILE=C:\ProgramData
 APPDATA=C:\Users\─ьшЄЁшщ\AppData\Roaming
 CommonProgramFiles=C:\Program Files\Common Files
 CommonProgramFiles(x86)=C:\Program Files (x86)\Common Files
 CommonProgramW6432=C:\Program Files\Common Files
 COMPUTERNAME=LAPUS-VICTUS
 ComSpec=C:\WINDOWS\system32\cmd.exe
 DD=20251108
 DriverData=C:\Windows\System32\Drivers\DriverData
 EFC_8588_1592913036=1
 exedir=C:\Galaktika\AVAZ\chumachenko\6.0.09.0\exe
 HOMEDRIVE=C:
 HOMEPATH=\Users\─ьшЄЁшщ
 LOCALAPPDATA=C:\Users\─ьшЄЁшщ\AppData\Local
 LOGONSERVER=\\LAPUS-VICTUS
 NUMBER_OF_PROCESSORS=16
 OneDrive=C:\Users\─ьшЄЁшщ\OneDrive
 OPENSSL_CONF=C:\Program Files\PostgreSQL\psqlODBC\etc\openssl.cnf
 OS=Windows_NT
 Path=C:\Program Files (x86)\Common Files\Oracle\Java\javapath;C:\Program Files\Microsoft\jdk-11.0.16.101-hotspot\bin;C:\Program Files (x86)\NVIDIA Corporation\PhysX\Common;C:\Windows\system32;C:\Windows;C:\Windows\System32\Wbem;C:\Windows\System32\WindowsPowerShell\v1.0\;C:\Windows\System32\OpenSSH\;C:\Program Files\Microsoft SQL Server\Client SDK\ODBC\170\Tools\Binn\;C:\Program Files (x86)\Microsoft SQL Server\150\Tools\Binn\;C:\Program Files\Microsoft SQL Server\150\Tools\Binn\;C:\Program Files\Microsoft SQL Server\150\DTS\Binn\;C:\Program Files (x86)\Microsoft SQL Server\150\DTS\Binn\;C:\WINDOWS\system32;C:\WINDOWS;C:\WINDOWS\System32\Wbem;C:\WINDOWS\System32\WindowsPowerShell\v1.0\;C:\WINDOWS\System32\OpenSSH\;C:\Program Files\dotnet\;C:\Program Files (x86)\dotnet\;C:\Program Files\PuTTY\;C:\WINDOWS\system32;C:\WINDOWS;C:\WINDOWS\System32\Wbem;C:\WINDOWS\System32\WindowsPowerShell\v1.0\;C:\WINDOWS\System32\OpenSSH\;C:\Program Files\Microsoft SQL Server\Client SDK\ODBC\130\Tools\Binn\;C:\Galaktika\ATL6\Libs\;C:\Galaktika\ATL6\Libs\x64;C:\Program Files (x86)\Microsoft SQL Server\160\DTS\Binn\;C:\Program Files\Git\cmd;C:\Program Files\GitExtensions\;C:\Users\─ьшЄЁшщ\AppData\Local\Programs\Python\Python311\Scripts\;C:\Users\─ьшЄЁшщ\AppData\Local\Programs\Python\Python311\;C:\Users\─ьшЄЁшщ\AppData\Local\Microsoft\WindowsApps;C:\Program Files\Azure Data Studio\bin;C:\Users\─ьшЄЁшщ\.dotnet\tools;C:\SRCFlutter\flutter\bin;;C:\Users\─ьшЄЁшщ\AppData\Local\Programs\Microsoft VS Code\bin;C:\Users\─ьшЄЁшщ\AppData\Local\JetBrains\PyCharm Community Edition 2022.3.2\bin;
 PATHEXT=.COM;.EXE;.BAT;.CMD;.VBS;.VBE;.JS;.JSE;.WSF;.WSH;.MSC
 PROCESSOR_ARCHITECTURE=AMD64
 PROCESSOR_IDENTIFIER=AMD64 Family 25 Model 80 Stepping 0, AuthenticAMD
 PROCESSOR_LEVEL=25
 PROCESSOR_REVISION=5000
 ProgramData=C:\ProgramData
 ProgramFiles=C:\Program Files
 ProgramFiles(x86)=C:\Program Files (x86)
 ProgramW6432=C:\Program Files
 PROMPT=$P$G
 PSModulePath=C:\Program Files\WindowsPowerShell\Modules;C:\WINDOWS\system32\WindowsPowerShell\v1.0\Modules;C:\Program Files (x86)\Microsoft SQL Server\150\Tools\PowerShell\Modules\
 PUBLIC=C:\Users\Public
 PyCharm Community Edition=C:\Users\─ьшЄЁшщ\AppData\Local\JetBrains\PyCharm Community Edition 2022.3.2\bin;
 SESSIONNAME=Console
 SystemDrive=C:
 SystemRoot=C:\WINDOWS
 TEMP=C:\Users\AACE~1\AppData\Local\Temp
 TMP=C:\Users\AACE~1\AppData\Local\Temp
 USERDOMAIN=LAPUS-VICTUS
 USERDOMAIN_ROAMINGPROFILE=LAPUS-VICTUS
 USERNAME=─ьшЄЁшщ
 USERPROFILE=C:\Users\─ьшЄЁшщ
 windir=C:\WINDOWS
 __PSLockDownPolicy=0
Список загруженных модулей
 vip64x.exe           0000000100000000 00000000005A0000 65535/65535 19/сен/2025 10:45:13 C:\Galaktika\AVAZ\chumachenko\6.0.09.0\exe\vip64x.exe *6.0.9.0
 ntdll.dll            00007FFE66C20000 0000000000269000 65535/65535 30/авг/2025 07:55:58 C:\WINDOWS\SYSTEM32\ntdll.dll *10.0.26100.5074
 KERNEL32.DLL         00007FFE659E0000 00000000000C9000 65535/65535 30/авг/2025 07:55:55 C:\WINDOWS\System32\KERNEL32.DLL *10.0.26100.5074
 KERNELBASE.dll       00007FFE64230000 00000000003F3000 65535/65535 30/авг/2025 07:55:55 C:\WINDOWS\System32\KERNELBASE.dll *10.0.26100.5074
 ole32.dll            00007FFE65AB0000 0000000000198000     1/1     30/авг/2025 07:55:50 C:\WINDOWS\System32\ole32.dll *10.0.26100.5074
 msvcp_win.dll        00007FFE64810000 00000000000A3000     3/3     30/авг/2025 07:56:06 C:\WINDOWS\System32\msvcp_win.dll *10.0.26100.5074
 atlantis64x.rtl      0000000102400000 0000000000184000    14/14    19/сен/2025 10:45:13 C:\Galaktika\AVAZ\chumachenko\6.0.09.0\exe\atlantis64x.rtl *6.0.9.0
 ucrtbase.dll         00007FFE64630000 000000000014B000     9/9     30/авг/2025 07:56:06 C:\WINDOWS\System32\ucrtbase.dll *10.0.26100.5074
 ADVAPI32.dll         00007FFE66630000 00000000000B4000     3/3     30/авг/2025 07:55:47 C:\WINDOWS\System32\ADVAPI32.dll *10.0.26100.5074
 GDI32.dll            00007FFE658B0000 000000000002B000     7/7     30/авг/2025 07:55:53 C:\WINDOWS\System32\GDI32.dll *10.0.26100.5074
 msvcrt.dll           00007FFE64C80000 00000000000A9000     5/5     30/авг/2025 07:55:57 C:\WINDOWS\System32\msvcrt.dll *7.0.26100.5074/10.0.26100.5074
 win32u.dll           00007FFE64090000 0000000000027000     1/1     30/авг/2025 07:56:08 C:\WINDOWS\System32\win32u.dll *10.0.26100.5074
 sechost.dll          00007FFE65D70000 00000000000A6000     1/1     30/авг/2025 07:56:00 C:\WINDOWS\System32\sechost.dll *10.0.26100.5074
 gdi32full.dll        00007FFE648C0000 000000000012D000     7/7     30/авг/2025 07:55:53 C:\WINDOWS\System32\gdi32full.dll *10.0.26100.5074
 RPCRT4.dll           00007FFE65C50000 0000000000118000     6/6     30/авг/2025 07:55:59 C:\WINDOWS\System32\RPCRT4.dll *10.0.26100.5074
 USER32.dll           00007FFE65F90000 00000000001C4000     7/7     30/авг/2025 07:56:06 C:\WINDOWS\System32\USER32.dll *10.0.26100.5074
 OLEAUT32.dll         00007FFE657D0000 00000000000D7000     3/3     30/авг/2025 07:55:58 C:\WINDOWS\System32\OLEAUT32.dll *10.0.26100.5074
 combase.dll          00007FFE66160000 000000000037B000     4/4     30/авг/2025 07:55:50 C:\WINDOWS\System32\combase.dll *10.0.26100.5074
 atllib_64x.dll       0000000110000000 0000000000047000    13/13    19/сен/2025 10:45:13 C:\Galaktika\AVAZ\chumachenko\6.0.09.0\exe\atllib_64x.dll *6.0.9.0
 _cfg64x.dll          0000000062580000 000000000003A000     1/1     19/сен/2025 10:45:13 C:\Galaktika\AVAZ\chumachenko\6.0.09.0\exe\_cfg64x.dll *6.0.9.0
 libxml264x.dll       0000000065100000 0000000000442000     2/2     19/сен/2025 10:45:13 C:\Galaktika\AVAZ\chumachenko\6.0.09.0\exe\libxml264x.dll *2.9.7.0
 winspool.drv         00007FFE4B330000 00000000000B2000     1/1     30/авг/2025 07:55:59 C:\WINDOWS\SYSTEM32\winspool.drv *10.0.26100.5074
 WS2_32.dll           00007FFE65750000 0000000000074000     2/2     30/авг/2025 07:56:08 C:\WINDOWS\System32\WS2_32.dll *10.0.26100.5074
 shcore.dll           00007FFE658E0000 00000000000F0000     1/1     30/авг/2025 07:56:02 C:\WINDOWS\System32\shcore.dll *10.0.26100.5074
 cfgmgr32.dll         00007FFE63A60000 0000000000057000     1/1     29/авг/2025 18:53:21 C:\WINDOWS\SYSTEM32\cfgmgr32.dll *10.0.26100.4202
 WSOCK32.dll          00007FFE35230000 000000000000A000     2/2     01/апр/2024 10:22:14 C:\WINDOWS\SYSTEM32\WSOCK32.dll *10.0.26100.1
 base64x.dll          0000000000600000 000000000009A000     4/4     19/сен/2025 10:45:13 C:\Galaktika\AVAZ\chumachenko\6.0.09.0\exe\base64x.dll *6.0.9.0
 streams_64x.dll      0000000000E90000 000000000015D000    12/12    19/сен/2025 10:45:13 C:\Galaktika\AVAZ\chumachenko\6.0.09.0\exe\streams_64x.dll *6.0.9.0
 editor_64x.dll       0000000000FF0000 0000000000033000     1/1     19/сен/2025 10:45:13 C:\Galaktika\AVAZ\chumachenko\6.0.09.0\exe\editor_64x.dll *6.0.9.0
 ecc_64x.dll          0000000001030000 000000000003D000     4/4     19/сен/2025 10:45:13 C:\Galaktika\AVAZ\chumachenko\6.0.09.0\exe\ecc_64x.dll *6.0.9.0
 forms_64x.dll        0000000001070000 00000000000D1000     2/2     30/сен/2025 20:24:00 C:\Galaktika\AVAZ\chumachenko\6.0.09.0\exe\forms_64x.dll *6.0.9.0
 lotdll_64x.dll       0000000001150000 0000000000048000     1/1     19/сен/2025 10:45:13 C:\Galaktika\AVAZ\chumachenko\6.0.09.0\exe\lotdll_64x.dll *6.0.9.0
 protect_64x.dll      00000000001D0000 0000000000017000     4/4     29/сен/2025 16:58:29 C:\Galaktika\AVAZ\chumachenko\6.0.09.0\exe\protect_64x.dll *6.0.9.0
 ifcobjs_64x.dll      00000000011A0000 0000000000014000     1/1     19/сен/2025 10:45:13 C:\Galaktika\AVAZ\chumachenko\6.0.09.0\exe\ifcobjs_64x.dll *6.0.9.0
 atvipobj64x.dll      00000000011C0000 0000000000021000     1/1     19/сен/2025 10:45:13 C:\Galaktika\AVAZ\chumachenko\6.0.09.0\exe\atvipobj64x.dll *6.0.9.0
 jitvip64x.dll        00000000011F0000 0000000000027000     1/1     19/сен/2025 10:45:13 C:\Galaktika\AVAZ\chumachenko\6.0.09.0\exe\jitvip64x.dll *6.0.9.0
 atlpop64x.dll        0000000001220000 000000000008B000     1/1     19/сен/2025 10:45:13 C:\Galaktika\AVAZ\chumachenko\6.0.09.0\exe\atlpop64x.dll *6.0.9.0
 nation_64x.dll       00000000001F0000 000000000000B000     1/1     19/сен/2025 10:45:13 C:\Galaktika\AVAZ\chumachenko\6.0.09.0\exe\nation_64x.dll *6.0.9.0
 IMM32.DLL            00007FFE64E30000 000000000002F000     1/1     29/авг/2025 18:53:19 C:\WINDOWS\System32\IMM32.DLL *10.0.26100.4484
 SspiCli.dll          00007FFE62F10000 0000000000049000     4/4     29/авг/2025 18:53:33 C:\WINDOWS\SYSTEM32\SspiCli.dll *10.0.26100.4484
 libeay32.dll         00007FFDF1E50000 0000000000207000     2/2     23/сен/2025 16:27:09 C:\Galaktika\AVAZ\chumachenko\6.0.09.0\exe\SSL64\libeay32.dll *1.0.2.14
 VCRUNTIME140.dll     00007FFE35240000 000000000001E000 65535/65535 03/июн/2025 06:00:00 C:\WINDOWS\SYSTEM32\VCRUNTIME140.dll *14.42.34438.0
 ssleay32.dll         00007FFDF47C0000 000000000005B000     1/1     23/сен/2025 16:27:09 C:\Galaktika\AVAZ\chumachenko\6.0.09.0\exe\SSL64\ssleay32.dll *1.0.2.14
 CRYPTSP.dll          00007FFE635A0000 000000000001B000     1/1     30/авг/2025 07:55:50 C:\WINDOWS\SYSTEM32\CRYPTSP.dll *10.0.26100.5074
 rsaenh.dll           00007FFE62BD0000 000000000003B000     2/2     30/авг/2025 07:55:59 C:\WINDOWS\system32\rsaenh.dll *10.0.26100.5074
 CRYPTBASE.dll        00007FFE63400000 000000000000C000     2/2     30/авг/2025 07:55:50 C:\WINDOWS\SYSTEM32\CRYPTBASE.dll *10.0.26100.5074
 bcryptPrimitives.dll 00007FFE63FF0000 0000000000099000 65535/65535 30/авг/2025 07:55:49 C:\WINDOWS\System32\bcryptPrimitives.dll *10.0.26100.5074
 asmuser64x.dll       0000000001360000 0000000000023000     1/1     19/сен/2025 10:45:13 C:\Galaktika\AVAZ\chumachenko\6.0.09.0\exe\asmuser64x.dll *6.0.9.0
 mpr.dll              00007FFE5B220000 0000000000021000     1/1     29/авг/2025 18:53:19 C:\WINDOWS\SYSTEM32\mpr.dll *10.0.26100.1882
 vision_w64x.dll      000000006A880000 0000000000332000     1/1     19/сен/2025 10:45:13 C:\Galaktika\AVAZ\chumachenko\6.0.09.0\exe\vision_w64x.dll *6.0.9.0
 SHELL32.dll          00007FFE65000000 000000000074D000     3/3     30/авг/2025 07:56:03 C:\WINDOWS\System32\SHELL32.dll *10.0.26100.5074
 gdesk64x.dll         000000006DB40000 0000000000042000     1/1     19/сен/2025 10:45:13 C:\Galaktika\AVAZ\chumachenko\6.0.09.0\exe\gdesk64x.dll *6.0.9.0
 wintypes.dll         00007FFE640C0000 000000000016C000     1/1     30/авг/2025 07:55:50 C:\WINDOWS\System32\wintypes.dll *10.0.26100.5074
 uxtheme.dll          00007FFE60FC0000 00000000000A8000     3/3     30/авг/2025 07:56:07 C:\WINDOWS\SYSTEM32\uxtheme.dll *10.0.26100.5074
 dwmapi.dll           00007FFE612B0000 000000000002B000     1/1     30/авг/2025 07:55:51 C:\WINDOWS\SYSTEM32\dwmapi.dll *10.0.26100.5074
 MSCTF.dll            00007FFE65E30000 0000000000158000     1/1     30/авг/2025 07:56:05 C:\WINDOWS\System32\MSCTF.dll *10.0.26100.5074
 zprint_w64x.dll      000000006C700000 0000000000048000     2/2     19/сен/2025 10:45:13 C:\Galaktika\AVAZ\chumachenko\6.0.09.0\exe\zprint_w64x.dll *6.0.9.0
 pg90drv64x.dll       0000000054150000 0000000000224000     1/1     02/окт/2025 14:51:31 C:\Galaktika\AVAZ\chumachenko\6.0.09.0\exe\pg90drv64x.dll *6.0.9.0
 ODBC32.dll           00007FFE56CD0000 00000000000C4000     2/2     30/авг/2025 07:55:57 C:\WINDOWS\SYSTEM32\ODBC32.dll *10.0.26100.5074
 CRYPT32.dll          00007FFE63E70000 0000000000177000 65535/65535 30/авг/2025 07:55:50 C:\WINDOWS\System32\CRYPT32.dll *10.0.26100.5074
 DPAPI.DLL            00007FFE63AE0000 000000000000A000     1/1     01/апр/2024 10:22:15 C:\WINDOWS\SYSTEM32\DPAPI.DLL *10.0.26100.1
 bcrypt.dll           00007FFE63CA0000 0000000000026000 65535/65535 30/авг/2025 07:55:49 C:\WINDOWS\SYSTEM32\bcrypt.dll *10.0.26100.5074
 podbc35w.dll         00007FFDF5F00000 00000000000ED000     1/1     11/июн/2025 16:40:38 C:\WINDOWS\system32\podbc35w.dll *17.0.0.6
 VCRUNTIME140_1.dll   00007FFE3AC30000 000000000000C000     2/2     27/апр/2024 23:20:22 C:\WINDOWS\system32\VCRUNTIME140_1.dll *14.40.33810.0
 MSVCP140.dll         00007FFE31070000 000000000008D000     1/1     03/июн/2025 06:00:00 C:\WINDOWS\system32\MSVCP140.dll *14.42.34438.0
 libpq.dll            00007FFDFCCB0000 000000000005A000     1/1     10/июн/2025 12:34:12 C:\WINDOWS\system32\libpq.dll *17.0.5.0
 WINMM.dll            00007FFE5A390000 0000000000035000     1/1     30/авг/2025 07:55:48 C:\WINDOWS\system32\WINMM.dll *10.0.26100.5074
 WLDAP32.dll          00007FFE64F30000 0000000000075000     1/1     30/авг/2025 07:55:55 C:\WINDOWS\System32\WLDAP32.dll *10.0.26100.5074
 Secur32.dll          00007FFE60EB0000 000000000000D000     1/1     01/апр/2024 10:22:11 C:\WINDOWS\system32\Secur32.dll *10.0.26100.1
 libssl-3-x64.dll     00007FFDD4710000 0000000000136000     1/1     11/фев/2025 16:05:16 C:\WINDOWS\system32\libssl-3-x64.dll *3.3.3.0
 libcrypto-3-x64.dll  00007FFDD4850000 0000000000625000 65535/65535 11/фев/2025 16:05:16 C:\WINDOWS\system32\libcrypto-3-x64.dll *3.3.3.0
 odbccp32.dll         00007FFE46580000 0000000000025000     1/1     30/авг/2025 07:55:56 C:\WINDOWS\SYSTEM32\odbccp32.dll *10.0.26100.5074
 VERSION.dll          00007FFE5C880000 000000000000B000     1/1     29/авг/2025 18:53:19 C:\WINDOWS\SYSTEM32\VERSION.dll *10.0.26100.1150
 mswsock.dll          00007FFE631D0000 000000000006B000     6/6     30/авг/2025 07:56:08 C:\WINDOWS\system32\mswsock.dll *10.0.26100.5074
 DNSAPI.dll           00007FFE62670000 0000000000126000 65535/65535 30/авг/2025 07:55:52 C:\WINDOWS\SYSTEM32\DNSAPI.dll *10.0.26100.5074
 IPHLPAPI.DLL         00007FFE625E0000 0000000000034000 65535/65535 30/авг/2025 07:56:05 C:\WINDOWS\SYSTEM32\IPHLPAPI.DLL *10.0.26100.5074
 NSI.dll              00007FFE65E20000 000000000000A000 65535/65535 30/авг/2025 07:56:07 C:\WINDOWS\System32\NSI.dll *10.0.26100.5074
 rasadhlp.dll         00007FFE5B9E0000 000000000000B000     1/1     29/авг/2025 18:53:34 C:\Windows\System32\rasadhlp.dll *10.0.26100.1150
 fwpuclnt.dll         00007FFE5AC80000 0000000000086000     1/1     30/авг/2025 07:55:57 C:\WINDOWS\System32\fwpuclnt.dll *10.0.26100.5074
 dhcpcsvc.DLL         00007FFE5C000000 0000000000023000     1/1     30/авг/2025 07:55:51 C:\WINDOWS\SYSTEM32\dhcpcsvc.DLL *10.0.26100.5074
 atlsock64x.dll       000000006DC80000 000000000002C000     2/2     19/сен/2025 10:45:13 C:\Galaktika\AVAZ\chumachenko\6.0.09.0\exe\atlsock64x.dll *6.0.9.0
 NETAPI32.DLL         00007FFE57F90000 000000000001A000     1/1     29/авг/2025 18:53:17 C:\WINDOWS\SYSTEM32\NETAPI32.DLL *10.0.26100.1150
 SRVCLI.DLL           00007FFE5B1D0000 0000000000029000     1/1     29/авг/2025 18:53:22 C:\WINDOWS\SYSTEM32\SRVCLI.DLL *10.0.26100.1150
 NETUTILS.DLL         00007FFE625A0000 000000000000D000     1/1     29/авг/2025 18:53:22 C:\WINDOWS\SYSTEM32\NETUTILS.DLL *10.0.26100.1882
 SAMCLI.DLL           00007FFE62580000 000000000001B000     1/1     29/авг/2025 18:53:22 C:\WINDOWS\SYSTEM32\SAMCLI.DLL *10.0.26100.4768
 napinsp.dll          00007FFDFB8B0000 0000000000018000     1/1     29/авг/2025 18:53:18 C:\WINDOWS\system32\napinsp.dll *10.0.26100.1150
 winrnr.dll           00007FFDFB240000 0000000000012000     1/1     29/авг/2025 18:53:21 C:\WINDOWS\System32\winrnr.dll *10.0.26100.1882
 nlansp_c.dll         00007FFDFEB60000 0000000000028000     1/1     30/авг/2025 07:55:58 C:\WINDOWS\system32\nlansp_c.dll *10.0.26100.5074
 wshbth.dll           00007FFE5BFC0000 0000000000016000     1/1     30/авг/2025 07:55:47 C:\WINDOWS\system32\wshbth.dll *10.0.26100.5074
 mt_drv64x.dll        0000000012C00000 0000000000111000     1/1     19/сен/2025 10:45:13 C:\Galaktika\AVAZ\chumachenko\6.0.09.0\exe\mt_drv64x.dll *6.0.9.0

▓▓▓▓▓▓▓▓▓▓▓▓▓▓▓▓▓▓▓▓▓▓▓▓▓▓▓▓▓▓▓▓▓▓▓▓▓▓▓▓▓▓▓▓▓▓▓▓▓▓▓▓▓▓▓▓▓▓▓▓▓▓▓▓▓▓▓▓▓▓▓▓▓▓▓▓▓▓▓



▓▓▓▓▓▓▓▓▓▓▓▓▓▓▓▓▓▓▓▓▓▓▓▓▓▓▓▓▓▓▓▓▓▓▓▓▓▓▓▓▓▓▓▓▓▓▓▓▓▓▓▓▓▓▓▓▓▓▓▓▓▓▓▓▓▓▓▓▓▓▓▓▓▓▓▓▓▓▓
▓▓▓▓▓ Запишите следующую информацию об ошибке и отошлите ее разработчикам ▓▓▓▓▓
▓ вместе с описанием ситуации, названием, версией и датой EXE-файла программы ▓
▓▓▓▓▓▓▓▓▓▓▓▓▓▓▓▓▓▓▓▓▓▓▓▓▓▓▓▓▓▓▓▓▓▓▓▓▓▓▓▓▓▓▓▓▓▓▓▓▓▓▓▓▓▓▓▓▓▓▓▓▓▓▓▓▓▓▓▓▓▓▓▓▓▓▓▓▓▓▓


▓ Программа: "vip64x.exe"  Время запуска: 11:57:30 08/11/2025
▓ Исполняемый модуль: "C:\Galaktika\AVAZ\chumachenko\6.0.09.0\exe\vip64x.exe"
▓ Система: Windows NT  Логин: "Дмитрий"  Станция: "LAPUS-VICTUS"

Необработанная исключительная ситуация
Код исключения: C0000005 (Общее нарушение защиты доступа к памяти)
Параметры исключения (2): 0000000000000000 000000000000000A
Адрес исключения: 00000000543FF966 pg90drv64x.dll.1:0007E966
Содержимое регистров процессора
 RAX = 0000000000000000
 RBX = 000000000000000F
 RCX = 0000000000000002
 RDX = 0000000000000001
 RSI = 000000000378FB5C
 RDI = 0000000014E5F830
 RBP = 0000000054516060 pg90drv64x.dll.2:00003060
 RSP = 0000000014E5F810
 RIP = 00000000543FF966 pg90drv64x.dll.1:0007E966
 R8  = 7FFFFFFFFFFFFFFC
 R9  = 0000000014379C98
 R10 = 0000000000110000
 R11 = 0000000000000246
 R12 = 0000000002B24C9C
 R13 = 0000000054380000
 R14 = 0000000002B42E38
 R15 = 0000000054380000
Содержимое стека
 0000000014E5F830: 0000000054551160 pg90drv64x.dll.3:0003A160
 0000000014E5F868: 00000000543FF76D pg90drv64x.dll.1:0007E76D
 0000000014E5F898: 00000000543DAC43 pg90drv64x.dll.1:00059C43
 0000000014E5F8D8: 00000000543BDCD8 pg90drv64x.dll.1:0003CCD8
 0000000014E5F8F8: 00000000543BDCA0 pg90drv64x.dll.1:0003CCA0
 0000000014E5F900: 00000000543BDCA0 pg90drv64x.dll.1:0003CCA0
 0000000014E5F908: 00000001024D1312 atlantis64x.rtl.1:000D0312
 0000000014E5F928: 00000000543BDCA0 pg90drv64x.dll.1:0003CCA0
 0000000014E5F970: 00000000543BDCA0 pg90drv64x.dll.1:0003CCA0
 0000000014E5F9D8: 00000000543BDCA0 pg90drv64x.dll.1:0003CCA0
Текущее время
 08-11-2025 11:57:37.7625799
Параметры программы
 "C:\Galaktika\AVAZ\chumachenko\6.0.09.0\exe\vip64x.exe  chumachenko.prj /r:chumachenko.res /c:vip.cfg /u:SUPERVISOR /#user:SUPERVISOR /def:Atl60"
Переменные окружения
 =::=::\
 =C:=C:\Galaktika\_git\Izhevsk\chumachenko
 ALLUSERSPROFILE=C:\ProgramData
 APPDATA=C:\Users\─ьшЄЁшщ\AppData\Roaming
 CommonProgramFiles=C:\Program Files\Common Files
 CommonProgramFiles(x86)=C:\Program Files (x86)\Common Files
 CommonProgramW6432=C:\Program Files\Common Files
 COMPUTERNAME=LAPUS-VICTUS
 ComSpec=C:\WINDOWS\system32\cmd.exe
 DD=20251108
 DriverData=C:\Windows\System32\Drivers\DriverData
 EFC_8588_1592913036=1
 exedir=C:\Galaktika\AVAZ\chumachenko\6.0.09.0\exe
 HOMEDRIVE=C:
 HOMEPATH=\Users\─ьшЄЁшщ
 LOCALAPPDATA=C:\Users\─ьшЄЁшщ\AppData\Local
 LOGONSERVER=\\LAPUS-VICTUS
 NUMBER_OF_PROCESSORS=16
 OneDrive=C:\Users\─ьшЄЁшщ\OneDrive
 OPENSSL_CONF=C:\Program Files\PostgreSQL\psqlODBC\etc\openssl.cnf
 OS=Windows_NT
 Path=C:\Program Files (x86)\Common Files\Oracle\Java\javapath;C:\Program Files\Microsoft\jdk-11.0.16.101-hotspot\bin;C:\Program Files (x86)\NVIDIA Corporation\PhysX\Common;C:\Windows\system32;C:\Windows;C:\Windows\System32\Wbem;C:\Windows\System32\WindowsPowerShell\v1.0\;C:\Windows\System32\OpenSSH\;C:\Program Files\Microsoft SQL Server\Client SDK\ODBC\170\Tools\Binn\;C:\Program Files (x86)\Microsoft SQL Server\150\Tools\Binn\;C:\Program Files\Microsoft SQL Server\150\Tools\Binn\;C:\Program Files\Microsoft SQL Server\150\DTS\Binn\;C:\Program Files (x86)\Microsoft SQL Server\150\DTS\Binn\;C:\WINDOWS\system32;C:\WINDOWS;C:\WINDOWS\System32\Wbem;C:\WINDOWS\System32\WindowsPowerShell\v1.0\;C:\WINDOWS\System32\OpenSSH\;C:\Program Files\dotnet\;C:\Program Files (x86)\dotnet\;C:\Program Files\PuTTY\;C:\WINDOWS\system32;C:\WINDOWS;C:\WINDOWS\System32\Wbem;C:\WINDOWS\System32\WindowsPowerShell\v1.0\;C:\WINDOWS\System32\OpenSSH\;C:\Program Files\Microsoft SQL Server\Client SDK\ODBC\130\Tools\Binn\;C:\Galaktika\ATL6\Libs\;C:\Galaktika\ATL6\Libs\x64;C:\Program Files (x86)\Microsoft SQL Server\160\DTS\Binn\;C:\Program Files\Git\cmd;C:\Program Files\GitExtensions\;C:\Users\─ьшЄЁшщ\AppData\Local\Programs\Python\Python311\Scripts\;C:\Users\─ьшЄЁшщ\AppData\Local\Programs\Python\Python311\;C:\Users\─ьшЄЁшщ\AppData\Local\Microsoft\WindowsApps;C:\Program Files\Azure Data Studio\bin;C:\Users\─ьшЄЁшщ\.dotnet\tools;C:\SRCFlutter\flutter\bin;;C:\Users\─ьшЄЁшщ\AppData\Local\Programs\Microsoft VS Code\bin;C:\Users\─ьшЄЁшщ\AppData\Local\JetBrains\PyCharm Community Edition 2022.3.2\bin;
 PATHEXT=.COM;.EXE;.BAT;.CMD;.VBS;.VBE;.JS;.JSE;.WSF;.WSH;.MSC
 PROCESSOR_ARCHITECTURE=AMD64
 PROCESSOR_IDENTIFIER=AMD64 Family 25 Model 80 Stepping 0, AuthenticAMD
 PROCESSOR_LEVEL=25
 PROCESSOR_REVISION=5000
 ProgramData=C:\ProgramData
 ProgramFiles=C:\Program Files
 ProgramFiles(x86)=C:\Program Files (x86)
 ProgramW6432=C:\Program Files
 PROMPT=$P$G
 PSModulePath=C:\Program Files\WindowsPowerShell\Modules;C:\WINDOWS\system32\WindowsPowerShell\v1.0\Modules;C:\Program Files (x86)\Microsoft SQL Server\150\Tools\PowerShell\Modules\
 PUBLIC=C:\Users\Public
 PyCharm Community Edition=C:\Users\─ьшЄЁшщ\AppData\Local\JetBrains\PyCharm Community Edition 2022.3.2\bin;
 SESSIONNAME=Console
 SystemDrive=C:
 SystemRoot=C:\WINDOWS
 TEMP=C:\Users\AACE~1\AppData\Local\Temp
 TMP=C:\Users\AACE~1\AppData\Local\Temp
 USERDOMAIN=LAPUS-VICTUS
 USERDOMAIN_ROAMINGPROFILE=LAPUS-VICTUS
 USERNAME=─ьшЄЁшщ
 USERPROFILE=C:\Users\─ьшЄЁшщ
 windir=C:\WINDOWS
 __PSLockDownPolicy=0
Список загруженных модулей
 vip64x.exe           0000000100000000 00000000005A0000 65535/65535 19/сен/2025 10:45:13 C:\Galaktika\AVAZ\chumachenko\6.0.09.0\exe\vip64x.exe *6.0.9.0
 ntdll.dll            00007FFE66C20000 0000000000269000 65535/65535 30/авг/2025 07:55:58 C:\WINDOWS\SYSTEM32\ntdll.dll *10.0.26100.5074
 KERNEL32.DLL         00007FFE659E0000 00000000000C9000 65535/65535 30/авг/2025 07:55:55 C:\WINDOWS\System32\KERNEL32.DLL *10.0.26100.5074
 KERNELBASE.dll       00007FFE64230000 00000000003F3000 65535/65535 30/авг/2025 07:55:55 C:\WINDOWS\System32\KERNELBASE.dll *10.0.26100.5074
 ole32.dll            00007FFE65AB0000 0000000000198000     1/1     30/авг/2025 07:55:50 C:\WINDOWS\System32\ole32.dll *10.0.26100.5074
 msvcp_win.dll        00007FFE64810000 00000000000A3000     3/3     30/авг/2025 07:56:06 C:\WINDOWS\System32\msvcp_win.dll *10.0.26100.5074
 atlantis64x.rtl      0000000102400000 0000000000184000    14/14    19/сен/2025 10:45:13 C:\Galaktika\AVAZ\chumachenko\6.0.09.0\exe\atlantis64x.rtl *6.0.9.0
 ucrtbase.dll         00007FFE64630000 000000000014B000     9/9     30/авг/2025 07:56:06 C:\WINDOWS\System32\ucrtbase.dll *10.0.26100.5074
 ADVAPI32.dll         00007FFE66630000 00000000000B4000     3/3     30/авг/2025 07:55:47 C:\WINDOWS\System32\ADVAPI32.dll *10.0.26100.5074
 msvcrt.dll           00007FFE64C80000 00000000000A9000     5/5     30/авг/2025 07:55:57 C:\WINDOWS\System32\msvcrt.dll *7.0.26100.5074/10.0.26100.5074
 GDI32.dll            00007FFE658B0000 000000000002B000     7/7     30/авг/2025 07:55:53 C:\WINDOWS\System32\GDI32.dll *10.0.26100.5074
 sechost.dll          00007FFE65D70000 00000000000A6000     1/1     30/авг/2025 07:56:00 C:\WINDOWS\System32\sechost.dll *10.0.26100.5074
 win32u.dll           00007FFE64090000 0000000000027000     1/1     30/авг/2025 07:56:08 C:\WINDOWS\System32\win32u.dll *10.0.26100.5074
 gdi32full.dll        00007FFE648C0000 000000000012D000     7/7     30/авг/2025 07:55:53 C:\WINDOWS\System32\gdi32full.dll *10.0.26100.5074
 RPCRT4.dll           00007FFE65C50000 0000000000118000     6/6     30/авг/2025 07:55:59 C:\WINDOWS\System32\RPCRT4.dll *10.0.26100.5074
 USER32.dll           00007FFE65F90000 00000000001C4000     7/7     30/авг/2025 07:56:06 C:\WINDOWS\System32\USER32.dll *10.0.26100.5074
 OLEAUT32.dll         00007FFE657D0000 00000000000D7000     3/3     30/авг/2025 07:55:58 C:\WINDOWS\System32\OLEAUT32.dll *10.0.26100.5074
 combase.dll          00007FFE66160000 000000000037B000     4/4     30/авг/2025 07:55:50 C:\WINDOWS\System32\combase.dll *10.0.26100.5074
 streams_64x.dll      0000000110000000 000000000015D000    12/12    19/сен/2025 10:45:13 C:\Galaktika\AVAZ\chumachenko\6.0.09.0\exe\streams_64x.dll *6.0.9.0
 _cfg64x.dll          0000000062580000 000000000003A000     1/1     19/сен/2025 10:45:13 C:\Galaktika\AVAZ\chumachenko\6.0.09.0\exe\_cfg64x.dll *6.0.9.0
 libxml264x.dll       0000000065100000 0000000000442000     2/2     19/сен/2025 10:45:13 C:\Galaktika\AVAZ\chumachenko\6.0.09.0\exe\libxml264x.dll *2.9.7.0
 winspool.drv         00007FFE4B330000 00000000000B2000     1/1     30/авг/2025 07:55:59 C:\WINDOWS\SYSTEM32\winspool.drv *10.0.26100.5074
 WS2_32.dll           00007FFE65750000 0000000000074000     2/2     30/авг/2025 07:56:08 C:\WINDOWS\System32\WS2_32.dll *10.0.26100.5074
 shcore.dll           00007FFE658E0000 00000000000F0000     1/1     30/авг/2025 07:56:02 C:\WINDOWS\System32\shcore.dll *10.0.26100.5074
 cfgmgr32.dll         00007FFE63A60000 0000000000057000     1/1     29/авг/2025 18:53:21 C:\WINDOWS\SYSTEM32\cfgmgr32.dll *10.0.26100.4202
 WSOCK32.dll          00007FFE35230000 000000000000A000     2/2     01/апр/2024 10:22:14 C:\WINDOWS\SYSTEM32\WSOCK32.dll *10.0.26100.1
 base64x.dll          0000000000E10000 000000000009A000     4/4     19/сен/2025 10:45:13 C:\Galaktika\AVAZ\chumachenko\6.0.09.0\exe\base64x.dll *6.0.9.0
 atllib_64x.dll       0000000000EB0000 0000000000047000    13/13    19/сен/2025 10:45:13 C:\Galaktika\AVAZ\chumachenko\6.0.09.0\exe\atllib_64x.dll *6.0.9.0
 ecc_64x.dll          0000000000F40000 000000000003D000     4/4     19/сен/2025 10:45:13 C:\Galaktika\AVAZ\chumachenko\6.0.09.0\exe\ecc_64x.dll *6.0.9.0
 editor_64x.dll       0000000000F00000 0000000000033000     1/1     19/сен/2025 10:45:13 C:\Galaktika\AVAZ\chumachenko\6.0.09.0\exe\editor_64x.dll *6.0.9.0
 forms_64x.dll        0000000000F80000 00000000000D1000     2/2     30/сен/2025 20:24:00 C:\Galaktika\AVAZ\chumachenko\6.0.09.0\exe\forms_64x.dll *6.0.9.0
 lotdll_64x.dll       0000000001060000 0000000000048000     1/1     19/сен/2025 10:45:13 C:\Galaktika\AVAZ\chumachenko\6.0.09.0\exe\lotdll_64x.dll *6.0.9.0
 atvipobj64x.dll      00000000001D0000 0000000000021000     1/1     19/сен/2025 10:45:13 C:\Galaktika\AVAZ\chumachenko\6.0.09.0\exe\atvipobj64x.dll *6.0.9.0
 ifcobjs_64x.dll      00000000006E0000 0000000000014000     1/1     19/сен/2025 10:45:13 C:\Galaktika\AVAZ\chumachenko\6.0.09.0\exe\ifcobjs_64x.dll *6.0.9.0
 protect_64x.dll      00000000010B0000 0000000000017000     4/4     29/сен/2025 16:58:29 C:\Galaktika\AVAZ\chumachenko\6.0.09.0\exe\protect_64x.dll *6.0.9.0
 jitvip64x.dll        00000000010D0000 0000000000027000     1/1     19/сен/2025 10:45:13 C:\Galaktika\AVAZ\chumachenko\6.0.09.0\exe\jitvip64x.dll *6.0.9.0
 atlpop64x.dll        0000000001100000 000000000008B000     1/1     19/сен/2025 10:45:13 C:\Galaktika\AVAZ\chumachenko\6.0.09.0\exe\atlpop64x.dll *6.0.9.0
 nation_64x.dll       0000000000700000 000000000000B000     1/1     19/сен/2025 10:45:13 C:\Galaktika\AVAZ\chumachenko\6.0.09.0\exe\nation_64x.dll *6.0.9.0
 IMM32.DLL            00007FFE64E30000 000000000002F000     1/1     29/авг/2025 18:53:19 C:\WINDOWS\System32\IMM32.DLL *10.0.26100.4484
 SspiCli.dll          00007FFE62F10000 0000000000049000     4/4     29/авг/2025 18:53:33 C:\WINDOWS\SYSTEM32\SspiCli.dll *10.0.26100.4484
 libeay32.dll         00007FFDF1E50000 0000000000207000     2/2     23/сен/2025 16:27:09 C:\Galaktika\AVAZ\chumachenko\6.0.09.0\exe\SSL64\libeay32.dll *1.0.2.14
 VCRUNTIME140.dll     00007FFE35240000 000000000001E000 65535/65535 03/июн/2025 06:00:00 C:\WINDOWS\SYSTEM32\VCRUNTIME140.dll *14.42.34438.0
 ssleay32.dll         00007FFE5B8F0000 000000000005B000     1/1     23/сен/2025 16:27:09 C:\Galaktika\AVAZ\chumachenko\6.0.09.0\exe\SSL64\ssleay32.dll *1.0.2.14
 CRYPTSP.dll          00007FFE635A0000 000000000001B000     1/1     30/авг/2025 07:55:50 C:\WINDOWS\SYSTEM32\CRYPTSP.dll *10.0.26100.5074
 rsaenh.dll           00007FFE62BD0000 000000000003B000     2/2     30/авг/2025 07:55:59 C:\WINDOWS\system32\rsaenh.dll *10.0.26100.5074
 CRYPTBASE.dll        00007FFE63400000 000000000000C000     2/2     30/авг/2025 07:55:50 C:\WINDOWS\SYSTEM32\CRYPTBASE.dll *10.0.26100.5074
 bcryptPrimitives.dll 00007FFE63FF0000 0000000000099000 65535/65535 30/авг/2025 07:55:49 C:\WINDOWS\System32\bcryptPrimitives.dll *10.0.26100.5074
 asmuser64x.dll       0000000001250000 0000000000023000     1/1     19/сен/2025 10:45:13 C:\Galaktika\AVAZ\chumachenko\6.0.09.0\exe\asmuser64x.dll *6.0.9.0
 mpr.dll              00007FFE5B220000 0000000000021000     1/1     29/авг/2025 18:53:19 C:\WINDOWS\SYSTEM32\mpr.dll *10.0.26100.1882
 vision_w64x.dll      000000006A880000 0000000000332000     1/1     19/сен/2025 10:45:13 C:\Galaktika\AVAZ\chumachenko\6.0.09.0\exe\vision_w64x.dll *6.0.9.0
 SHELL32.dll          00007FFE65000000 000000000074D000     3/3     30/авг/2025 07:56:03 C:\WINDOWS\System32\SHELL32.dll *10.0.26100.5074
 gdesk64x.dll         000000006DB40000 0000000000042000     1/1     19/сен/2025 10:45:13 C:\Galaktika\AVAZ\chumachenko\6.0.09.0\exe\gdesk64x.dll *6.0.9.0
 wintypes.dll         00007FFE640C0000 000000000016C000     1/1     30/авг/2025 07:55:50 C:\WINDOWS\System32\wintypes.dll *10.0.26100.5074
 uxtheme.dll          00007FFE60FC0000 00000000000A8000     3/3     30/авг/2025 07:56:07 C:\WINDOWS\SYSTEM32\uxtheme.dll *10.0.26100.5074
 dwmapi.dll           00007FFE612B0000 000000000002B000     1/1     30/авг/2025 07:55:51 C:\WINDOWS\SYSTEM32\dwmapi.dll *10.0.26100.5074
 MSCTF.dll            00007FFE65E30000 0000000000158000     1/1     30/авг/2025 07:56:05 C:\WINDOWS\System32\MSCTF.dll *10.0.26100.5074
 zprint_w64x.dll      000000006C700000 0000000000048000     2/2     19/сен/2025 10:45:13 C:\Galaktika\AVAZ\chumachenko\6.0.09.0\exe\zprint_w64x.dll *6.0.9.0
 pg90drv64x.dll       0000000054380000 0000000000224000     1/1     02/окт/2025 14:51:31 C:\Galaktika\AVAZ\chumachenko\6.0.09.0\exe\pg90drv64x.dll *6.0.9.0
 ODBC32.dll           00007FFE56CD0000 00000000000C4000     2/2     30/авг/2025 07:55:57 C:\WINDOWS\SYSTEM32\ODBC32.dll *10.0.26100.5074
 CRYPT32.dll          00007FFE63E70000 0000000000177000 65535/65535 30/авг/2025 07:55:50 C:\WINDOWS\System32\CRYPT32.dll *10.0.26100.5074
 DPAPI.DLL            00007FFE63AE0000 000000000000A000     1/1     01/апр/2024 10:22:15 C:\WINDOWS\SYSTEM32\DPAPI.DLL *10.0.26100.1
 bcrypt.dll           00007FFE63CA0000 0000000000026000 65535/65535 30/авг/2025 07:55:49 C:\WINDOWS\SYSTEM32\bcrypt.dll *10.0.26100.5074
 podbc35w.dll         00007FFDF5F00000 00000000000ED000     1/1     11/июн/2025 16:40:38 C:\WINDOWS\system32\podbc35w.dll *17.0.0.6
 libpq.dll            00007FFDFCCB0000 000000000005A000     1/1     10/июн/2025 12:34:12 C:\WINDOWS\system32\libpq.dll *17.0.5.0
 WINMM.dll            00007FFE5A390000 0000000000035000     1/1     30/авг/2025 07:55:48 C:\WINDOWS\system32\WINMM.dll *10.0.26100.5074
 MSVCP140.dll         00007FFE31070000 000000000008D000     1/1     03/июн/2025 06:00:00 C:\WINDOWS\system32\MSVCP140.dll *14.42.34438.0
 WLDAP32.dll          00007FFE64F30000 0000000000075000     1/1     30/авг/2025 07:55:55 C:\WINDOWS\System32\WLDAP32.dll *10.0.26100.5074
 VCRUNTIME140_1.dll   00007FFE3AC30000 000000000000C000     2/2     27/апр/2024 23:20:22 C:\WINDOWS\system32\VCRUNTIME140_1.dll *14.40.33810.0
 Secur32.dll          00007FFE60EB0000 000000000000D000     1/1     01/апр/2024 10:22:11 C:\WINDOWS\system32\Secur32.dll *10.0.26100.1
 libcrypto-3-x64.dll  00007FFDD4850000 0000000000625000 65535/65535 11/фев/2025 16:05:16 C:\WINDOWS\system32\libcrypto-3-x64.dll *3.3.3.0
 libssl-3-x64.dll     00007FFDD4710000 0000000000136000     1/1     11/фев/2025 16:05:16 C:\WINDOWS\system32\libssl-3-x64.dll *3.3.3.0
 odbccp32.dll         00007FFE46580000 0000000000025000     1/1     30/авг/2025 07:55:56 C:\WINDOWS\SYSTEM32\odbccp32.dll *10.0.26100.5074
 VERSION.dll          00007FFE5C880000 000000000000B000     1/1     29/авг/2025 18:53:19 C:\WINDOWS\SYSTEM32\VERSION.dll *10.0.26100.1150
 mswsock.dll          00007FFE631D0000 000000000006B000     6/6     30/авг/2025 07:56:08 C:\WINDOWS\system32\mswsock.dll *10.0.26100.5074
 DNSAPI.dll           00007FFE62670000 0000000000126000 65535/65535 30/авг/2025 07:55:52 C:\WINDOWS\SYSTEM32\DNSAPI.dll *10.0.26100.5074
 IPHLPAPI.DLL         00007FFE625E0000 0000000000034000 65535/65535 30/авг/2025 07:56:05 C:\WINDOWS\SYSTEM32\IPHLPAPI.DLL *10.0.26100.5074
 NSI.dll              00007FFE65E20000 000000000000A000 65535/65535 30/авг/2025 07:56:07 C:\WINDOWS\System32\NSI.dll *10.0.26100.5074
 rasadhlp.dll         00007FFE5B9E0000 000000000000B000     1/1     29/авг/2025 18:53:34 C:\Windows\System32\rasadhlp.dll *10.0.26100.1150
 fwpuclnt.dll         00007FFE5AC80000 0000000000086000     1/1     30/авг/2025 07:55:57 C:\WINDOWS\System32\fwpuclnt.dll *10.0.26100.5074
 dhcpcsvc.DLL         00007FFE5C000000 0000000000023000     1/1     30/авг/2025 07:55:51 C:\WINDOWS\SYSTEM32\dhcpcsvc.DLL *10.0.26100.5074
 atlsock64x.dll       000000006DC80000 000000000002C000     2/2     19/сен/2025 10:45:13 C:\Galaktika\AVAZ\chumachenko\6.0.09.0\exe\atlsock64x.dll *6.0.9.0
 NETAPI32.DLL         00007FFE57F90000 000000000001A000     1/1     29/авг/2025 18:53:17 C:\WINDOWS\SYSTEM32\NETAPI32.DLL *10.0.26100.1150
 SRVCLI.DLL           00007FFE5B1D0000 0000000000029000     1/1     29/авг/2025 18:53:22 C:\WINDOWS\SYSTEM32\SRVCLI.DLL *10.0.26100.1150
 NETUTILS.DLL         00007FFE625A0000 000000000000D000     1/1     29/авг/2025 18:53:22 C:\WINDOWS\SYSTEM32\NETUTILS.DLL *10.0.26100.1882
 SAMCLI.DLL           00007FFE62580000 000000000001B000     1/1     29/авг/2025 18:53:22 C:\WINDOWS\SYSTEM32\SAMCLI.DLL *10.0.26100.4768
 napinsp.dll          00007FFDFB8B0000 0000000000018000     1/1     29/авг/2025 18:53:18 C:\WINDOWS\system32\napinsp.dll *10.0.26100.1150
 winrnr.dll           00007FFDFB240000 0000000000012000     1/1     29/авг/2025 18:53:21 C:\WINDOWS\System32\winrnr.dll *10.0.26100.1882
 nlansp_c.dll         00007FFDFEB60000 0000000000028000     1/1     30/авг/2025 07:55:58 C:\WINDOWS\system32\nlansp_c.dll *10.0.26100.5074
 wshbth.dll           00007FFE5BFC0000 0000000000016000     1/1     30/авг/2025 07:55:47 C:\WINDOWS\system32\wshbth.dll *10.0.26100.5074
 mt_drv64x.dll        0000000012B40000 0000000000111000     1/1     19/сен/2025 10:45:13 C:\Galaktika\AVAZ\chumachenko\6.0.09.0\exe\mt_drv64x.dll *6.0.9.0

▓▓▓▓▓▓▓▓▓▓▓▓▓▓▓▓▓▓▓▓▓▓▓▓▓▓▓▓▓▓▓▓▓▓▓▓▓▓▓▓▓▓▓▓▓▓▓▓▓▓▓▓▓▓▓▓▓▓▓▓▓▓▓▓▓▓▓▓▓▓▓▓▓▓▓▓▓▓▓



▓▓▓▓▓▓▓▓▓▓▓▓▓▓▓▓▓▓▓▓▓▓▓▓▓▓▓▓▓▓▓▓▓▓▓▓▓▓▓▓▓▓▓▓▓▓▓▓▓▓▓▓▓▓▓▓▓▓▓▓▓▓▓▓▓▓▓▓▓▓▓▓▓▓▓▓▓▓▓
▓▓▓▓▓ Запишите следующую информацию об ошибке и отошлите ее разработчикам ▓▓▓▓▓
▓ вместе с описанием ситуации, названием, версией и датой EXE-файла программы ▓
▓▓▓▓▓▓▓▓▓▓▓▓▓▓▓▓▓▓▓▓▓▓▓▓▓▓▓▓▓▓▓▓▓▓▓▓▓▓▓▓▓▓▓▓▓▓▓▓▓▓▓▓▓▓▓▓▓▓▓▓▓▓▓▓▓▓▓▓▓▓▓▓▓▓▓▓▓▓▓


▓ Программа: "vip64x.exe"  Время запуска: 13:03:35 08/11/2025
▓ Исполняемый модуль: "C:\Galaktika\AVAZ\chumachenko\6.0.09.0\exe\vip64x.exe"
▓ Система: Windows NT  Логин: "Дмитрий"  Станция: "LAPUS-VICTUS"

Необработанная исключительная ситуация
Код исключения: C0000005 (Общее нарушение защиты доступа к памяти)
Параметры исключения (2): 0000000000000000 000000000000000A
Адрес исключения: 00000000541CF966 pg90drv64x.dll.1:0007E966
Содержимое регистров процессора
 RAX = 0000000000000000
 RBX = 000000000000000F
 RCX = 0000000000000002
 RDX = 0000000000000001
 RSI = 0000000003290904
 RDI = 0000000014E6F830
 RBP = 00000000542E6060 pg90drv64x.dll.2:00003060
 RSP = 0000000014E6F810
 RIP = 00000000541CF966 pg90drv64x.dll.1:0007E966
 R8  = 7FFFFFFFFFFFFFFC
 R9  = 0000000014776618
 R10 = 0000000000110000
 R11 = 0000000000000246
 R12 = 0000000002C14C9C
 R13 = 0000000054150000
 R14 = 0000000002C32E38
 R15 = 0000000054150000
Содержимое стека
 0000000014E6F830: 0000000054321160 pg90drv64x.dll.3:0003A160
 0000000014E6F868: 00000000541CF76D pg90drv64x.dll.1:0007E76D
 0000000014E6F898: 00000000541AAC43 pg90drv64x.dll.1:00059C43
 0000000014E6F8D8: 000000005418DCD8 pg90drv64x.dll.1:0003CCD8
 0000000014E6F8F8: 000000005418DCA0 pg90drv64x.dll.1:0003CCA0
 0000000014E6F900: 000000005418DCA0 pg90drv64x.dll.1:0003CCA0
 0000000014E6F908: 00000001024D1312 atlantis64x.rtl.1:000D0312
 0000000014E6F928: 000000005418DCA0 pg90drv64x.dll.1:0003CCA0
 0000000014E6F970: 000000005418DCA0 pg90drv64x.dll.1:0003CCA0
 0000000014E6F9D8: 000000005418DCA0 pg90drv64x.dll.1:0003CCA0
Текущее время
 08-11-2025 13:03:45.1614499
Параметры программы
 "C:\Galaktika\AVAZ\chumachenko\6.0.09.0\exe\vip64x.exe  chumachenko.prj /r:chumachenko.res /c:vip.cfg /u:SUPERVISOR /#user:SUPERVISOR /def:Atl60"
Переменные окружения
 =::=::\
 =C:=C:\Galaktika\_git\Izhevsk\chumachenko
 ALLUSERSPROFILE=C:\ProgramData
 APPDATA=C:\Users\─ьшЄЁшщ\AppData\Roaming
 CommonProgramFiles=C:\Program Files\Common Files
 CommonProgramFiles(x86)=C:\Program Files (x86)\Common Files
 CommonProgramW6432=C:\Program Files\Common Files
 COMPUTERNAME=LAPUS-VICTUS
 ComSpec=C:\WINDOWS\system32\cmd.exe
 DD=20251108
 DriverData=C:\Windows\System32\Drivers\DriverData
 EFC_8588_1592913036=1
 exedir=C:\Galaktika\AVAZ\chumachenko\6.0.09.0\exe
 HOMEDRIVE=C:
 HOMEPATH=\Users\─ьшЄЁшщ
 LOCALAPPDATA=C:\Users\─ьшЄЁшщ\AppData\Local
 LOGONSERVER=\\LAPUS-VICTUS
 NUMBER_OF_PROCESSORS=16
 OneDrive=C:\Users\─ьшЄЁшщ\OneDrive
 OPENSSL_CONF=C:\Program Files\PostgreSQL\psqlODBC\etc\openssl.cnf
 OS=Windows_NT
 Path=C:\Program Files (x86)\Common Files\Oracle\Java\javapath;C:\Program Files\Microsoft\jdk-11.0.16.101-hotspot\bin;C:\Program Files (x86)\NVIDIA Corporation\PhysX\Common;C:\Windows\system32;C:\Windows;C:\Windows\System32\Wbem;C:\Windows\System32\WindowsPowerShell\v1.0\;C:\Windows\System32\OpenSSH\;C:\Program Files\Microsoft SQL Server\Client SDK\ODBC\170\Tools\Binn\;C:\Program Files (x86)\Microsoft SQL Server\150\Tools\Binn\;C:\Program Files\Microsoft SQL Server\150\Tools\Binn\;C:\Program Files\Microsoft SQL Server\150\DTS\Binn\;C:\Program Files (x86)\Microsoft SQL Server\150\DTS\Binn\;C:\WINDOWS\system32;C:\WINDOWS;C:\WINDOWS\System32\Wbem;C:\WINDOWS\System32\WindowsPowerShell\v1.0\;C:\WINDOWS\System32\OpenSSH\;C:\Program Files\dotnet\;C:\Program Files (x86)\dotnet\;C:\Program Files\PuTTY\;C:\WINDOWS\system32;C:\WINDOWS;C:\WINDOWS\System32\Wbem;C:\WINDOWS\System32\WindowsPowerShell\v1.0\;C:\WINDOWS\System32\OpenSSH\;C:\Program Files\Microsoft SQL Server\Client SDK\ODBC\130\Tools\Binn\;C:\Galaktika\ATL6\Libs\;C:\Galaktika\ATL6\Libs\x64;C:\Program Files (x86)\Microsoft SQL Server\160\DTS\Binn\;C:\Program Files\Git\cmd;C:\Program Files\GitExtensions\;C:\Users\─ьшЄЁшщ\AppData\Local\Programs\Python\Python311\Scripts\;C:\Users\─ьшЄЁшщ\AppData\Local\Programs\Python\Python311\;C:\Users\─ьшЄЁшщ\AppData\Local\Microsoft\WindowsApps;C:\Program Files\Azure Data Studio\bin;C:\Users\─ьшЄЁшщ\.dotnet\tools;C:\SRCFlutter\flutter\bin;;C:\Users\─ьшЄЁшщ\AppData\Local\Programs\Microsoft VS Code\bin;C:\Users\─ьшЄЁшщ\AppData\Local\JetBrains\PyCharm Community Edition 2022.3.2\bin;
 PATHEXT=.COM;.EXE;.BAT;.CMD;.VBS;.VBE;.JS;.JSE;.WSF;.WSH;.MSC
 PROCESSOR_ARCHITECTURE=AMD64
 PROCESSOR_IDENTIFIER=AMD64 Family 25 Model 80 Stepping 0, AuthenticAMD
 PROCESSOR_LEVEL=25
 PROCESSOR_REVISION=5000
 ProgramData=C:\ProgramData
 ProgramFiles=C:\Program Files
 ProgramFiles(x86)=C:\Program Files (x86)
 ProgramW6432=C:\Program Files
 PROMPT=$P$G
 PSModulePath=C:\Program Files\WindowsPowerShell\Modules;C:\WINDOWS\system32\WindowsPowerShell\v1.0\Modules;C:\Program Files (x86)\Microsoft SQL Server\150\Tools\PowerShell\Modules\
 PUBLIC=C:\Users\Public
 PyCharm Community Edition=C:\Users\─ьшЄЁшщ\AppData\Local\JetBrains\PyCharm Community Edition 2022.3.2\bin;
 SESSIONNAME=Console
 SystemDrive=C:
 SystemRoot=C:\WINDOWS
 TEMP=C:\Users\AACE~1\AppData\Local\Temp
 TMP=C:\Users\AACE~1\AppData\Local\Temp
 USERDOMAIN=LAPUS-VICTUS
 USERDOMAIN_ROAMINGPROFILE=LAPUS-VICTUS
 USERNAME=─ьшЄЁшщ
 USERPROFILE=C:\Users\─ьшЄЁшщ
 windir=C:\WINDOWS
 __PSLockDownPolicy=0
Список загруженных модулей
 vip64x.exe           0000000100000000 00000000005A0000 65535/65535 19/сен/2025 10:45:13 C:\Galaktika\AVAZ\chumachenko\6.0.09.0\exe\vip64x.exe *6.0.9.0
 ntdll.dll            00007FFE66C20000 0000000000269000 65535/65535 30/авг/2025 07:55:58 C:\WINDOWS\SYSTEM32\ntdll.dll *10.0.26100.5074
 KERNEL32.DLL         00007FFE659E0000 00000000000C9000 65535/65535 30/авг/2025 07:55:55 C:\WINDOWS\System32\KERNEL32.DLL *10.0.26100.5074
 KERNELBASE.dll       00007FFE64230000 00000000003F3000 65535/65535 30/авг/2025 07:55:55 C:\WINDOWS\System32\KERNELBASE.dll *10.0.26100.5074
 ole32.dll            00007FFE65AB0000 0000000000198000     1/1     30/авг/2025 07:55:50 C:\WINDOWS\System32\ole32.dll *10.0.26100.5074
 msvcp_win.dll        00007FFE64810000 00000000000A3000     3/3     30/авг/2025 07:56:06 C:\WINDOWS\System32\msvcp_win.dll *10.0.26100.5074
 atlantis64x.rtl      0000000102400000 0000000000184000    14/14    19/сен/2025 10:45:13 C:\Galaktika\AVAZ\chumachenko\6.0.09.0\exe\atlantis64x.rtl *6.0.9.0
 ucrtbase.dll         00007FFE64630000 000000000014B000     9/9     30/авг/2025 07:56:06 C:\WINDOWS\System32\ucrtbase.dll *10.0.26100.5074
 ADVAPI32.dll         00007FFE66630000 00000000000B4000     3/3     30/авг/2025 07:55:47 C:\WINDOWS\System32\ADVAPI32.dll *10.0.26100.5074
 msvcrt.dll           00007FFE64C80000 00000000000A9000     5/5     30/авг/2025 07:55:57 C:\WINDOWS\System32\msvcrt.dll *7.0.26100.5074/10.0.26100.5074
 GDI32.dll            00007FFE658B0000 000000000002B000     7/7     30/авг/2025 07:55:53 C:\WINDOWS\System32\GDI32.dll *10.0.26100.5074
 win32u.dll           00007FFE64090000 0000000000027000     1/1     30/авг/2025 07:56:08 C:\WINDOWS\System32\win32u.dll *10.0.26100.5074
 sechost.dll          00007FFE65D70000 00000000000A6000     1/1     30/авг/2025 07:56:00 C:\WINDOWS\System32\sechost.dll *10.0.26100.5074
 gdi32full.dll        00007FFE648C0000 000000000012D000     7/7     30/авг/2025 07:55:53 C:\WINDOWS\System32\gdi32full.dll *10.0.26100.5074
 USER32.dll           00007FFE65F90000 00000000001C4000     7/7     30/авг/2025 07:56:06 C:\WINDOWS\System32\USER32.dll *10.0.26100.5074
 RPCRT4.dll           00007FFE65C50000 0000000000118000     6/6     30/авг/2025 07:55:59 C:\WINDOWS\System32\RPCRT4.dll *10.0.26100.5074
 combase.dll          00007FFE66160000 000000000037B000     4/4     30/авг/2025 07:55:50 C:\WINDOWS\System32\combase.dll *10.0.26100.5074
 OLEAUT32.dll         00007FFE657D0000 00000000000D7000     3/3     30/авг/2025 07:55:58 C:\WINDOWS\System32\OLEAUT32.dll *10.0.26100.5074
 atllib_64x.dll       0000000110000000 0000000000047000    13/13    19/сен/2025 10:45:13 C:\Galaktika\AVAZ\chumachenko\6.0.09.0\exe\atllib_64x.dll *6.0.9.0
 _cfg64x.dll          0000000062580000 000000000003A000     1/1     19/сен/2025 10:45:13 C:\Galaktika\AVAZ\chumachenko\6.0.09.0\exe\_cfg64x.dll *6.0.9.0
 winspool.drv         00007FFE4B330000 00000000000B2000     1/1     30/авг/2025 07:55:59 C:\WINDOWS\SYSTEM32\winspool.drv *10.0.26100.5074
 libxml264x.dll       0000000065100000 0000000000442000     2/2     19/сен/2025 10:45:13 C:\Galaktika\AVAZ\chumachenko\6.0.09.0\exe\libxml264x.dll *2.9.7.0
 WS2_32.dll           00007FFE65750000 0000000000074000     2/2     30/авг/2025 07:56:08 C:\WINDOWS\System32\WS2_32.dll *10.0.26100.5074
 shcore.dll           00007FFE658E0000 00000000000F0000     1/1     30/авг/2025 07:56:02 C:\WINDOWS\System32\shcore.dll *10.0.26100.5074
 cfgmgr32.dll         00007FFE63A60000 0000000000057000     1/1     29/авг/2025 18:53:21 C:\WINDOWS\SYSTEM32\cfgmgr32.dll *10.0.26100.4202
 WSOCK32.dll          00007FFE35230000 000000000000A000     2/2     01/апр/2024 10:22:14 C:\WINDOWS\SYSTEM32\WSOCK32.dll *10.0.26100.1
 streams_64x.dll      0000000000EB0000 000000000015D000    12/12    19/сен/2025 10:45:13 C:\Galaktika\AVAZ\chumachenko\6.0.09.0\exe\streams_64x.dll *6.0.9.0
 ecc_64x.dll          0000000001010000 000000000003D000     4/4     19/сен/2025 10:45:13 C:\Galaktika\AVAZ\chumachenko\6.0.09.0\exe\ecc_64x.dll *6.0.9.0
 base64x.dll          0000000000600000 000000000009A000     4/4     19/сен/2025 10:45:13 C:\Galaktika\AVAZ\chumachenko\6.0.09.0\exe\base64x.dll *6.0.9.0
 forms_64x.dll        0000000001050000 00000000000D1000     2/2     30/сен/2025 20:24:00 C:\Galaktika\AVAZ\chumachenko\6.0.09.0\exe\forms_64x.dll *6.0.9.0
 lotdll_64x.dll       0000000001130000 0000000000048000     1/1     19/сен/2025 10:45:13 C:\Galaktika\AVAZ\chumachenko\6.0.09.0\exe\lotdll_64x.dll *6.0.9.0
 editor_64x.dll       0000000001180000 0000000000033000     1/1     19/сен/2025 10:45:13 C:\Galaktika\AVAZ\chumachenko\6.0.09.0\exe\editor_64x.dll *6.0.9.0
 protect_64x.dll      00000000001D0000 0000000000017000     4/4     29/сен/2025 16:58:29 C:\Galaktika\AVAZ\chumachenko\6.0.09.0\exe\protect_64x.dll *6.0.9.0
 atvipobj64x.dll      00000000006A0000 0000000000021000     1/1     19/сен/2025 10:45:13 C:\Galaktika\AVAZ\chumachenko\6.0.09.0\exe\atvipobj64x.dll *6.0.9.0
 ifcobjs_64x.dll      00000000011C0000 0000000000014000     1/1     19/сен/2025 10:45:13 C:\Galaktika\AVAZ\chumachenko\6.0.09.0\exe\ifcobjs_64x.dll *6.0.9.0
 atlpop64x.dll        00000000011E0000 000000000008B000     1/1     19/сен/2025 10:45:13 C:\Galaktika\AVAZ\chumachenko\6.0.09.0\exe\atlpop64x.dll *6.0.9.0
 jitvip64x.dll        0000000001270000 0000000000027000     1/1     19/сен/2025 10:45:13 C:\Galaktika\AVAZ\chumachenko\6.0.09.0\exe\jitvip64x.dll *6.0.9.0
 nation_64x.dll       00000000001F0000 000000000000B000     1/1     19/сен/2025 10:45:13 C:\Galaktika\AVAZ\chumachenko\6.0.09.0\exe\nation_64x.dll *6.0.9.0
 IMM32.DLL            00007FFE64E30000 000000000002F000     1/1     29/авг/2025 18:53:19 C:\WINDOWS\System32\IMM32.DLL *10.0.26100.4484
 SspiCli.dll          00007FFE62F10000 0000000000049000     4/4     29/авг/2025 18:53:33 C:\WINDOWS\SYSTEM32\SspiCli.dll *10.0.26100.4484
 libeay32.dll         00007FFDE7410000 0000000000207000     2/2     23/сен/2025 16:27:09 C:\Galaktika\AVAZ\chumachenko\6.0.09.0\exe\SSL64\libeay32.dll *1.0.2.14
 VCRUNTIME140.dll     00007FFE35240000 000000000001E000 65535/65535 03/июн/2025 06:00:00 C:\WINDOWS\SYSTEM32\VCRUNTIME140.dll *14.42.34438.0
 ssleay32.dll         00007FFDFE0B0000 000000000005B000     1/1     23/сен/2025 16:27:09 C:\Galaktika\AVAZ\chumachenko\6.0.09.0\exe\SSL64\ssleay32.dll *1.0.2.14
 CRYPTSP.dll          00007FFE635A0000 000000000001B000     1/1     30/авг/2025 07:55:50 C:\WINDOWS\SYSTEM32\CRYPTSP.dll *10.0.26100.5074
 rsaenh.dll           00007FFE62BD0000 000000000003B000     2/2     30/авг/2025 07:55:59 C:\WINDOWS\system32\rsaenh.dll *10.0.26100.5074
 CRYPTBASE.dll        00007FFE63400000 000000000000C000     2/2     30/авг/2025 07:55:50 C:\WINDOWS\SYSTEM32\CRYPTBASE.dll *10.0.26100.5074
 bcryptPrimitives.dll 00007FFE63FF0000 0000000000099000 65535/65535 30/авг/2025 07:55:49 C:\WINDOWS\System32\bcryptPrimitives.dll *10.0.26100.5074
 asmuser64x.dll       0000000003770000 0000000000023000     1/1     19/сен/2025 10:45:13 C:\Galaktika\AVAZ\chumachenko\6.0.09.0\exe\asmuser64x.dll *6.0.9.0
 mpr.dll              00007FFE5B220000 0000000000021000     1/1     29/авг/2025 18:53:19 C:\WINDOWS\SYSTEM32\mpr.dll *10.0.26100.1882
 vision_w64x.dll      000000006A880000 0000000000332000     1/1     19/сен/2025 10:45:13 C:\Galaktika\AVAZ\chumachenko\6.0.09.0\exe\vision_w64x.dll *6.0.9.0
 SHELL32.dll          00007FFE65000000 000000000074D000     3/3     30/авг/2025 07:56:03 C:\WINDOWS\System32\SHELL32.dll *10.0.26100.5074
 gdesk64x.dll         000000006DB40000 0000000000042000     1/1     19/сен/2025 10:45:13 C:\Galaktika\AVAZ\chumachenko\6.0.09.0\exe\gdesk64x.dll *6.0.9.0
 wintypes.dll         00007FFE640C0000 000000000016C000     1/1     30/авг/2025 07:55:50 C:\WINDOWS\System32\wintypes.dll *10.0.26100.5074
 uxtheme.dll          00007FFE60FC0000 00000000000A8000     3/3     30/авг/2025 07:56:07 C:\WINDOWS\SYSTEM32\uxtheme.dll *10.0.26100.5074
 dwmapi.dll           00007FFE612B0000 000000000002B000     1/1     30/авг/2025 07:55:51 C:\WINDOWS\SYSTEM32\dwmapi.dll *10.0.26100.5074
 MSCTF.dll            00007FFE65E30000 0000000000158000     1/1     30/авг/2025 07:56:05 C:\WINDOWS\System32\MSCTF.dll *10.0.26100.5074
 zprint_w64x.dll      000000006C700000 0000000000048000     2/2     19/сен/2025 10:45:13 C:\Galaktika\AVAZ\chumachenko\6.0.09.0\exe\zprint_w64x.dll *6.0.9.0
 pg90drv64x.dll       0000000054150000 0000000000224000     1/1     02/окт/2025 14:51:31 C:\Galaktika\AVAZ\chumachenko\6.0.09.0\exe\pg90drv64x.dll *6.0.9.0
 ODBC32.dll           00007FFE56CD0000 00000000000C4000     2/2     30/авг/2025 07:55:57 C:\WINDOWS\SYSTEM32\ODBC32.dll *10.0.26100.5074
 CRYPT32.dll          00007FFE63E70000 0000000000177000 65535/65535 30/авг/2025 07:55:50 C:\WINDOWS\System32\CRYPT32.dll *10.0.26100.5074
 DPAPI.DLL            00007FFE63AE0000 000000000000A000     1/1     01/апр/2024 10:22:15 C:\WINDOWS\SYSTEM32\DPAPI.DLL *10.0.26100.1
 bcrypt.dll           00007FFE63CA0000 0000000000026000 65535/65535 30/авг/2025 07:55:49 C:\WINDOWS\SYSTEM32\bcrypt.dll *10.0.26100.5074
 podbc35w.dll         00007FFDF5F00000 00000000000ED000     1/1     11/июн/2025 16:40:38 C:\WINDOWS\system32\podbc35w.dll *17.0.0.6
 MSVCP140.dll         00007FFE31070000 000000000008D000     1/1     03/июн/2025 06:00:00 C:\WINDOWS\system32\MSVCP140.dll *14.42.34438.0
 VCRUNTIME140_1.dll   00007FFE3AC30000 000000000000C000     2/2     27/апр/2024 23:20:22 C:\WINDOWS\system32\VCRUNTIME140_1.dll *14.40.33810.0
 WINMM.dll            00007FFE5A390000 0000000000035000     1/1     30/авг/2025 07:55:48 C:\WINDOWS\system32\WINMM.dll *10.0.26100.5074
 libpq.dll            00007FFDFCCB0000 000000000005A000     1/1     10/июн/2025 12:34:12 C:\WINDOWS\system32\libpq.dll *17.0.5.0
 WLDAP32.dll          00007FFE64F30000 0000000000075000     1/1     30/авг/2025 07:55:55 C:\WINDOWS\System32\WLDAP32.dll *10.0.26100.5074
 Secur32.dll          00007FFE60EB0000 000000000000D000     1/1     01/апр/2024 10:22:11 C:\WINDOWS\system32\Secur32.dll *10.0.26100.1
 libssl-3-x64.dll     00007FFDD4710000 0000000000136000     1/1     11/фев/2025 16:05:16 C:\WINDOWS\system32\libssl-3-x64.dll *3.3.3.0
 libcrypto-3-x64.dll  00007FFDD4850000 0000000000625000 65535/65535 11/фев/2025 16:05:16 C:\WINDOWS\system32\libcrypto-3-x64.dll *3.3.3.0
 odbccp32.dll         00007FFE46580000 0000000000025000     1/1     30/авг/2025 07:55:56 C:\WINDOWS\SYSTEM32\odbccp32.dll *10.0.26100.5074
 VERSION.dll          00007FFE5C880000 000000000000B000     1/1     29/авг/2025 18:53:19 C:\WINDOWS\SYSTEM32\VERSION.dll *10.0.26100.1150
 mswsock.dll          00007FFE631D0000 000000000006B000     6/6     30/авг/2025 07:56:08 C:\WINDOWS\system32\mswsock.dll *10.0.26100.5074
 DNSAPI.dll           00007FFE62670000 0000000000126000 65535/65535 30/авг/2025 07:55:52 C:\WINDOWS\SYSTEM32\DNSAPI.dll *10.0.26100.5074
 IPHLPAPI.DLL         00007FFE625E0000 0000000000034000 65535/65535 30/авг/2025 07:56:05 C:\WINDOWS\SYSTEM32\IPHLPAPI.DLL *10.0.26100.5074
 NSI.dll              00007FFE65E20000 000000000000A000 65535/65535 30/авг/2025 07:56:07 C:\WINDOWS\System32\NSI.dll *10.0.26100.5074
 rasadhlp.dll         00007FFE5B9E0000 000000000000B000     1/1     29/авг/2025 18:53:34 C:\Windows\System32\rasadhlp.dll *10.0.26100.1150
 fwpuclnt.dll         00007FFE5AC80000 0000000000086000     1/1     30/авг/2025 07:55:57 C:\WINDOWS\System32\fwpuclnt.dll *10.0.26100.5074
 dhcpcsvc.DLL         00007FFE5C000000 0000000000023000     1/1     30/авг/2025 07:55:51 C:\WINDOWS\SYSTEM32\dhcpcsvc.DLL *10.0.26100.5074
 atlsock64x.dll       000000006DC80000 000000000002C000     2/2     19/сен/2025 10:45:13 C:\Galaktika\AVAZ\chumachenko\6.0.09.0\exe\atlsock64x.dll *6.0.9.0
 NETAPI32.DLL         00007FFE57F90000 000000000001A000     1/1     29/авг/2025 18:53:17 C:\WINDOWS\SYSTEM32\NETAPI32.DLL *10.0.26100.1150
 SRVCLI.DLL           00007FFE5B1D0000 0000000000029000     1/1     29/авг/2025 18:53:22 C:\WINDOWS\SYSTEM32\SRVCLI.DLL *10.0.26100.1150
 NETUTILS.DLL         00007FFE625A0000 000000000000D000     1/1     29/авг/2025 18:53:22 C:\WINDOWS\SYSTEM32\NETUTILS.DLL *10.0.26100.1882
 SAMCLI.DLL           00007FFE62580000 000000000001B000     1/1     29/авг/2025 18:53:22 C:\WINDOWS\SYSTEM32\SAMCLI.DLL *10.0.26100.4768
 napinsp.dll          00007FFDFB8B0000 0000000000018000     1/1     29/авг/2025 18:53:18 C:\WINDOWS\system32\napinsp.dll *10.0.26100.1150
 winrnr.dll           00007FFDFB240000 0000000000012000     1/1     29/авг/2025 18:53:21 C:\WINDOWS\System32\winrnr.dll *10.0.26100.1882
 nlansp_c.dll         00007FFDFEB60000 0000000000028000     1/1     30/авг/2025 07:55:58 C:\WINDOWS\system32\nlansp_c.dll *10.0.26100.5074
 wshbth.dll           00007FFE5BFC0000 0000000000016000     1/1     30/авг/2025 07:55:47 C:\WINDOWS\system32\wshbth.dll *10.0.26100.5074
 mt_drv64x.dll        0000000012B50000 0000000000111000     1/1     19/сен/2025 10:45:13 C:\Galaktika\AVAZ\chumachenko\6.0.09.0\exe\mt_drv64x.dll *6.0.9.0

▓▓▓▓▓▓▓▓▓▓▓▓▓▓▓▓▓▓▓▓▓▓▓▓▓▓▓▓▓▓▓▓▓▓▓▓▓▓▓▓▓▓▓▓▓▓▓▓▓▓▓▓▓▓▓▓▓▓▓▓▓▓▓▓▓▓▓▓▓▓▓▓▓▓▓▓▓▓▓



